id_transaccion,t_envio,d_origen,d_destino,terminal,t_recibido,retraso
8,175,7,226,-1,,
6,155,5,7,7,505,350
7,155,6,12,12,865,710
9,115,8,3,3,1585,1470
10,165,9,255,0,1945,1780
10,165,9,255,1,1945,1780
10,165,9,255,2,1945,1780
10,165,9,255,3,1945,1780
10,165,9,255,4,1945,1780
10,165,9,255,5,1945,1780
10,165,9,255,6,1945,1780
10,165,9,255,7,1945,1780
10,165,9,255,8,1945,1780
10,165,9,255,10,1945,1780
10,165,9,255,11,1945,1780
10,165,9,255,12,1945,1780
10,165,9,255,13,1945,1780
10,165,9,255,14,1945,1780
10,165,9,255,15,1945,1780
11,155,10,4,4,2305,2150
12,105,11,255,0,2665,2560
12,105,11,255,1,2665,2560
12,105,11,255,2,2665,2560
12,105,11,255,3,2665,2560
12,105,11,255,4,2665,2560
12,105,11,255,5,2665,2560
12,105,11,255,6,2665,2560
12,105,11,255,7,2665,2560
12,105,11,255,8,2665,2560
12,105,11,255,9,2665,2560
12,105,11,255,10,2665,2560
12,105,11,255,12,2665,2560
12,105,11,255,13,2665,2560
12,105,11,255,14,2665,2560
12,105,11,255,15,2665,2560
28,2695,11,84,-1,,
13,105,12,7,7,3025,2920
14,145,13,0,0,3385,3240
15,135,14,1,1,3745,3610
16,115,15,8,8,4105,3990
32,4135,15,115,-1,,
1,135,0,5,5,4465,4330
17,4495,0,145,-1,,
2,115,1,11,11,4825,4710
3,135,2,15,15,5185,5050
4,175,3,5,5,5545,5370
5,145,4,15,15,5905,5760
22,535,5,9,9,6265,5730
23,895,6,255,0,6625,5730
23,895,6,255,1,6625,5730
23,895,6,255,2,6625,5730
23,895,6,255,3,6625,5730
23,895,6,255,4,6625,5730
23,895,6,255,5,6625,5730
23,895,6,255,7,6625,5730
23,895,6,255,8,6625,5730
23,895,6,255,9,6625,5730
23,895,6,255,10,6625,5730
23,895,6,255,11,6625,5730
23,895,6,255,12,6625,5730
23,895,6,255,13,6625,5730
23,895,6,255,14,6625,5730
23,895,6,255,15,6625,5730
24,1255,7,11,11,6985,5730
25,1615,8,9,9,7345,5730
26,1975,9,15,15,7705,5730
27,2335,10,255,0,8065,5730
27,2335,10,255,1,8065,5730
27,2335,10,255,2,8065,5730
27,2335,10,255,3,8065,5730
27,2335,10,255,4,8065,5730
27,2335,10,255,5,8065,5730
27,2335,10,255,6,8065,5730
27,2335,10,255,7,8065,5730
27,2335,10,255,8,8065,5730
27,2335,10,255,9,8065,5730
27,2335,10,255,11,8065,5730
27,2335,10,255,12,8065,5730
27,2335,10,255,13,8065,5730
27,2335,10,255,14,8065,5730
27,2335,10,255,15,8065,5730
29,3055,12,2,2,8785,5730
30,3415,13,255,0,9145,5730
30,3415,13,255,1,9145,5730
30,3415,13,255,2,9145,5730
30,3415,13,255,3,9145,5730
30,3415,13,255,4,9145,5730
30,3415,13,255,5,9145,5730
30,3415,13,255,6,9145,5730
30,3415,13,255,7,9145,5730
30,3415,13,255,8,9145,5730
30,3415,13,255,9,9145,5730
30,3415,13,255,10,9145,5730
30,3415,13,255,11,9145,5730
30,3415,13,255,12,9145,5730
30,3415,13,255,14,9145,5730
30,3415,13,255,15,9145,5730
31,3775,14,10,10,9505,5730
18,4855,1,11,11,10585,5730
19,5215,2,5,5,10945,5730
20,5575,3,14,14,11305,5730
21,5935,4,11,11,11665,5730
38,6295,5,8,8,12025,5730
39,6655,6,8,8,12385,5730
40,7015,7,9,9,12745,5730
41,7375,8,11,11,13105,5730
42,7735,9,255,0,13465,5730
42,7735,9,255,1,13465,5730
42,7735,9,255,2,13465,5730
42,7735,9,255,3,13465,5730
42,7735,9,255,4,13465,5730
42,7735,9,255,5,13465,5730
42,7735,9,255,6,13465,5730
42,7735,9,255,7,13465,5730
42,7735,9,255,8,13465,5730
42,7735,9,255,10,13465,5730
42,7735,9,255,11,13465,5730
42,7735,9,255,12,13465,5730
42,7735,9,255,13,13465,5730
42,7735,9,255,14,13465,5730
42,7735,9,255,15,13465,5730
43,8095,10,15,15,13825,5730
44,8455,11,255,0,14185,5730
44,8455,11,255,1,14185,5730
44,8455,11,255,2,14185,5730
44,8455,11,255,3,14185,5730
44,8455,11,255,4,14185,5730
44,8455,11,255,5,14185,5730
44,8455,11,255,6,14185,5730
44,8455,11,255,7,14185,5730
44,8455,11,255,8,14185,5730
44,8455,11,255,9,14185,5730
44,8455,11,255,10,14185,5730
44,8455,11,255,12,14185,5730
44,8455,11,255,13,14185,5730
44,8455,11,255,14,14185,5730
44,8455,11,255,15,14185,5730
45,8815,12,3,3,14545,5730
46,9175,13,2,2,14905,5730
47,9535,14,9,9,15265,5730
48,9895,15,2,2,15625,5730
33,10255,0,15,15,15985,5730
34,10615,1,255,0,16345,5730
34,10615,1,255,2,16345,5730
34,10615,1,255,3,16345,5730
34,10615,1,255,4,16345,5730
34,10615,1,255,5,16345,5730
34,10615,1,255,6,16345,5730
34,10615,1,255,7,16345,5730
34,10615,1,255,8,16345,5730
34,10615,1,255,9,16345,5730
34,10615,1,255,10,16345,5730
34,10615,1,255,11,16345,5730
34,10615,1,255,12,16345,5730
34,10615,1,255,13,16345,5730
34,10615,1,255,14,16345,5730
34,10615,1,255,15,16345,5730
35,10975,2,255,0,16705,5730
35,10975,2,255,1,16705,5730
35,10975,2,255,3,16705,5730
35,10975,2,255,4,16705,5730
35,10975,2,255,5,16705,5730
35,10975,2,255,6,16705,5730
35,10975,2,255,7,16705,5730
35,10975,2,255,8,16705,5730
35,10975,2,255,9,16705,5730
35,10975,2,255,10,16705,5730
35,10975,2,255,11,16705,5730
35,10975,2,255,12,16705,5730
35,10975,2,255,13,16705,5730
35,10975,2,255,14,16705,5730
35,10975,2,255,15,16705,5730
36,11335,3,255,0,17065,5730
36,11335,3,255,1,17065,5730
36,11335,3,255,2,17065,5730
36,11335,3,255,4,17065,5730
36,11335,3,255,5,17065,5730
36,11335,3,255,6,17065,5730
36,11335,3,255,7,17065,5730
36,11335,3,255,8,17065,5730
36,11335,3,255,9,17065,5730
36,11335,3,255,10,17065,5730
36,11335,3,255,11,17065,5730
36,11335,3,255,12,17065,5730
36,11335,3,255,13,17065,5730
36,11335,3,255,14,17065,5730
36,11335,3,255,15,17065,5730
37,11695,4,15,15,17425,5730
54,12055,5,0,0,17785,5730
55,12415,6,12,12,18145,5730
56,12775,7,11,11,18505,5730
57,13135,8,15,15,18865,5730
58,13495,9,15,15,19225,5730
59,13855,10,4,4,19585,5730
60,14215,11,13,13,19945,5730
61,14575,12,10,10,20305,5730
62,14935,13,8,8,20665,5730
63,15295,14,12,12,21025,5730
64,15655,15,10,10,21385,5730
49,16015,0,255,1,21745,5730
49,16015,0,255,2,21745,5730
49,16015,0,255,3,21745,5730
49,16015,0,255,4,21745,5730
49,16015,0,255,5,21745,5730
49,16015,0,255,6,21745,5730
49,16015,0,255,7,21745,5730
49,16015,0,255,8,21745,5730
49,16015,0,255,9,21745,5730
49,16015,0,255,10,21745,5730
49,16015,0,255,11,21745,5730
49,16015,0,255,12,21745,5730
49,16015,0,255,13,21745,5730
49,16015,0,255,14,21745,5730
49,16015,0,255,15,21745,5730
50,16375,1,13,13,22105,5730
51,16735,2,7,7,22465,5730
52,17095,3,255,0,22825,5730
52,17095,3,255,1,22825,5730
52,17095,3,255,2,22825,5730
52,17095,3,255,4,22825,5730
52,17095,3,255,5,22825,5730
52,17095,3,255,6,22825,5730
52,17095,3,255,7,22825,5730
52,17095,3,255,8,22825,5730
52,17095,3,255,9,22825,5730
52,17095,3,255,10,22825,5730
52,17095,3,255,11,22825,5730
52,17095,3,255,12,22825,5730
52,17095,3,255,13,22825,5730
52,17095,3,255,14,22825,5730
52,17095,3,255,15,22825,5730
53,17455,4,7,7,23185,5730
70,17815,5,1,1,23545,5730
86,23575,5,22,-1,,
71,18175,6,7,7,23905,5730
72,18535,7,5,5,24265,5730
73,18895,8,15,15,24625,5730
74,19255,9,14,14,24985,5730
75,19615,10,4,4,25345,5730
76,19975,11,2,2,25705,5730
77,20335,12,2,2,26065,5730
78,20695,13,6,6,26425,5730
79,21055,14,3,3,26785,5730
80,21415,15,6,6,27145,5730
65,21775,0,7,7,27505,5730
66,22135,1,6,6,27865,5730
82,27895,1,21,-1,,
67,22495,2,14,14,28225,5730
68,22855,3,11,11,28585,5730
69,23215,4,6,6,28945,5730
87,23935,6,255,0,29665,5730
87,23935,6,255,1,29665,5730
87,23935,6,255,2,29665,5730
87,23935,6,255,3,29665,5730
87,23935,6,255,4,29665,5730
87,23935,6,255,5,29665,5730
87,23935,6,255,7,29665,5730
87,23935,6,255,8,29665,5730
87,23935,6,255,9,29665,5730
87,23935,6,255,10,29665,5730
87,23935,6,255,11,29665,5730
87,23935,6,255,12,29665,5730
87,23935,6,255,13,29665,5730
87,23935,6,255,14,29665,5730
87,23935,6,255,15,29665,5730
88,24295,7,6,6,30025,5730
89,24655,8,12,12,30385,5730
105,30415,8,200,-1,,
90,25015,9,11,11,30745,5730
91,25375,10,6,6,31105,5730
107,31135,10,27,-1,,
92,25735,11,255,0,31465,5730
92,25735,11,255,1,31465,5730
92,25735,11,255,2,31465,5730
92,25735,11,255,3,31465,5730
92,25735,11,255,4,31465,5730
92,25735,11,255,5,31465,5730
92,25735,11,255,6,31465,5730
92,25735,11,255,7,31465,5730
92,25735,11,255,8,31465,5730
92,25735,11,255,9,31465,5730
92,25735,11,255,10,31465,5730
92,25735,11,255,12,31465,5730
92,25735,11,255,13,31465,5730
92,25735,11,255,14,31465,5730
92,25735,11,255,15,31465,5730
93,26095,12,2,2,31825,5730
109,31855,12,112,-1,,
94,26455,13,11,11,32185,5730
95,26815,14,6,6,32545,5730
96,27175,15,11,11,32905,5730
112,32935,15,190,-1,,
81,27535,0,12,12,33265,5730
83,28255,2,14,14,33985,5730
84,28615,3,15,15,34345,5730
85,28975,4,255,0,34705,5730
85,28975,4,255,1,34705,5730
85,28975,4,255,2,34705,5730
85,28975,4,255,3,34705,5730
85,28975,4,255,5,34705,5730
85,28975,4,255,6,34705,5730
85,28975,4,255,7,34705,5730
85,28975,4,255,8,34705,5730
85,28975,4,255,9,34705,5730
85,28975,4,255,10,34705,5730
85,28975,4,255,11,34705,5730
85,28975,4,255,12,34705,5730
85,28975,4,255,13,34705,5730
85,28975,4,255,14,34705,5730
85,28975,4,255,15,34705,5730
102,29335,5,9,9,35065,5730
103,29695,6,0,0,35425,5730
104,30055,7,13,13,35785,5730
106,30775,9,7,7,36505,5730
122,36535,9,164,-1,,
108,31495,11,13,13,37225,5730
110,32215,13,4,4,37945,5730
111,32575,14,8,8,38305,5730
97,33295,0,13,13,39025,5730
98,33655,1,13,13,39385,5730
114,39415,1,120,-1,,
99,34015,2,3,3,39745,5730
115,39775,2,203,-1,,
100,34375,3,14,14,40105,5730
101,34735,4,0,0,40465,5730
118,35095,5,15,15,40825,5730
119,35455,6,255,0,41185,5730
119,35455,6,255,1,41185,5730
119,35455,6,255,2,41185,5730
119,35455,6,255,3,41185,5730
119,35455,6,255,4,41185,5730
119,35455,6,255,5,41185,5730
119,35455,6,255,7,41185,5730
119,35455,6,255,8,41185,5730
119,35455,6,255,9,41185,5730
119,35455,6,255,10,41185,5730
119,35455,6,255,11,41185,5730
119,35455,6,255,12,41185,5730
119,35455,6,255,13,41185,5730
119,35455,6,255,14,41185,5730
119,35455,6,255,15,41185,5730
120,35815,7,13,13,41545,5730
121,36175,8,7,7,41905,5730
123,36895,10,12,12,42625,5730
124,37255,11,1,1,42985,5730
125,37615,12,14,14,43345,5730
126,37975,13,12,12,43705,5730
142,43735,13,132,-1,,
127,38335,14,15,15,44065,5730
128,38695,15,10,10,44425,5730
113,39055,0,12,12,44785,5730
116,40135,3,8,8,45865,5730
117,40495,4,9,9,46225,5730
134,40855,5,14,14,46585,5730
135,41215,6,2,2,46945,5730
136,41575,7,11,11,47305,5730
137,41935,8,11,11,47665,5730
138,42295,9,7,7,48025,5730
154,48055,9,181,-1,,
139,42655,10,255,0,48385,5730
139,42655,10,255,1,48385,5730
139,42655,10,255,2,48385,5730
139,42655,10,255,3,48385,5730
139,42655,10,255,4,48385,5730
139,42655,10,255,5,48385,5730
139,42655,10,255,6,48385,5730
139,42655,10,255,7,48385,5730
139,42655,10,255,8,48385,5730
139,42655,10,255,9,48385,5730
139,42655,10,255,11,48385,5730
139,42655,10,255,12,48385,5730
139,42655,10,255,13,48385,5730
139,42655,10,255,14,48385,5730
139,42655,10,255,15,48385,5730
140,43015,11,6,6,48745,5730
141,43375,12,6,6,49105,5730
158,49495,13,175,-1,,
143,44095,14,3,3,49825,5730
144,44455,15,2,2,50185,5730
129,44815,0,255,1,50545,5730
129,44815,0,255,2,50545,5730
129,44815,0,255,3,50545,5730
129,44815,0,255,4,50545,5730
129,44815,0,255,5,50545,5730
129,44815,0,255,6,50545,5730
129,44815,0,255,7,50545,5730
129,44815,0,255,8,50545,5730
129,44815,0,255,9,50545,5730
129,44815,0,255,10,50545,5730
129,44815,0,255,11,50545,5730
129,44815,0,255,12,50545,5730
129,44815,0,255,13,50545,5730
129,44815,0,255,14,50545,5730
129,44815,0,255,15,50545,5730
130,45175,1,0,0,50905,5730
131,45535,2,9,9,51265,5730
147,51295,2,179,-1,,
132,45895,3,255,0,51625,5730
132,45895,3,255,1,51625,5730
132,45895,3,255,2,51625,5730
132,45895,3,255,4,51625,5730
132,45895,3,255,5,51625,5730
132,45895,3,255,6,51625,5730
132,45895,3,255,7,51625,5730
132,45895,3,255,8,51625,5730
132,45895,3,255,9,51625,5730
132,45895,3,255,10,51625,5730
132,45895,3,255,11,51625,5730
132,45895,3,255,12,51625,5730
132,45895,3,255,13,51625,5730
132,45895,3,255,14,51625,5730
132,45895,3,255,15,51625,5730
133,46255,4,10,10,51985,5730
150,46615,5,255,0,52345,5730
150,46615,5,255,1,52345,5730
150,46615,5,255,2,52345,5730
150,46615,5,255,3,52345,5730
150,46615,5,255,4,52345,5730
150,46615,5,255,6,52345,5730
150,46615,5,255,7,52345,5730
150,46615,5,255,8,52345,5730
150,46615,5,255,9,52345,5730
150,46615,5,255,10,52345,5730
150,46615,5,255,11,52345,5730
150,46615,5,255,12,52345,5730
150,46615,5,255,13,52345,5730
150,46615,5,255,14,52345,5730
150,46615,5,255,15,52345,5730
151,46975,6,14,14,52705,5730
152,47335,7,4,4,53065,5730
153,47695,8,11,11,53425,5730
155,48415,10,255,0,54145,5730
155,48415,10,255,1,54145,5730
155,48415,10,255,2,54145,5730
155,48415,10,255,3,54145,5730
155,48415,10,255,4,54145,5730
155,48415,10,255,5,54145,5730
155,48415,10,255,6,54145,5730
155,48415,10,255,7,54145,5730
155,48415,10,255,8,54145,5730
155,48415,10,255,9,54145,5730
155,48415,10,255,11,54145,5730
155,48415,10,255,12,54145,5730
155,48415,10,255,13,54145,5730
155,48415,10,255,14,54145,5730
155,48415,10,255,15,54145,5730
156,48775,11,6,6,54505,5730
172,54535,11,21,-1,,
157,49135,12,14,14,54865,5730
159,49855,14,255,0,55585,5730
159,49855,14,255,1,55585,5730
159,49855,14,255,2,55585,5730
159,49855,14,255,3,55585,5730
159,49855,14,255,4,55585,5730
159,49855,14,255,5,55585,5730
159,49855,14,255,6,55585,5730
159,49855,14,255,7,55585,5730
159,49855,14,255,8,55585,5730
159,49855,14,255,9,55585,5730
159,49855,14,255,10,55585,5730
159,49855,14,255,11,55585,5730
159,49855,14,255,12,55585,5730
159,49855,14,255,13,55585,5730
159,49855,14,255,15,55585,5730
160,50215,15,255,0,55945,5730
160,50215,15,255,1,55945,5730
160,50215,15,255,2,55945,5730
160,50215,15,255,3,55945,5730
160,50215,15,255,4,55945,5730
160,50215,15,255,5,55945,5730
160,50215,15,255,6,55945,5730
160,50215,15,255,7,55945,5730
160,50215,15,255,8,55945,5730
160,50215,15,255,9,55945,5730
160,50215,15,255,10,55945,5730
160,50215,15,255,11,55945,5730
160,50215,15,255,12,55945,5730
160,50215,15,255,13,55945,5730
160,50215,15,255,14,55945,5730
145,50575,0,1,1,56305,5730
146,50935,1,255,0,56665,5730
146,50935,1,255,2,56665,5730
146,50935,1,255,3,56665,5730
146,50935,1,255,4,56665,5730
146,50935,1,255,5,56665,5730
146,50935,1,255,6,56665,5730
146,50935,1,255,7,56665,5730
146,50935,1,255,8,56665,5730
146,50935,1,255,9,56665,5730
146,50935,1,255,10,56665,5730
146,50935,1,255,11,56665,5730
146,50935,1,255,12,56665,5730
146,50935,1,255,13,56665,5730
146,50935,1,255,14,56665,5730
146,50935,1,255,15,56665,5730
148,51655,3,255,0,57385,5730
148,51655,3,255,1,57385,5730
148,51655,3,255,2,57385,5730
148,51655,3,255,4,57385,5730
148,51655,3,255,5,57385,5730
148,51655,3,255,6,57385,5730
148,51655,3,255,7,57385,5730
148,51655,3,255,8,57385,5730
148,51655,3,255,9,57385,5730
148,51655,3,255,10,57385,5730
148,51655,3,255,11,57385,5730
148,51655,3,255,12,57385,5730
148,51655,3,255,13,57385,5730
148,51655,3,255,14,57385,5730
148,51655,3,255,15,57385,5730
149,52015,4,11,11,57745,5730
166,52375,5,2,2,58105,5730
167,52735,6,8,8,58465,5730
168,53095,7,3,3,58825,5730
169,53455,8,14,14,59185,5730
170,53815,9,8,8,59545,5730
171,54175,10,255,0,59905,5730
171,54175,10,255,1,59905,5730
171,54175,10,255,2,59905,5730
171,54175,10,255,3,59905,5730
171,54175,10,255,4,59905,5730
171,54175,10,255,5,59905,5730
171,54175,10,255,6,59905,5730
171,54175,10,255,7,59905,5730
171,54175,10,255,8,59905,5730
171,54175,10,255,9,59905,5730
171,54175,10,255,11,59905,5730
171,54175,10,255,12,59905,5730
171,54175,10,255,13,59905,5730
171,54175,10,255,14,59905,5730
171,54175,10,255,15,59905,5730
173,54895,12,2,2,60625,5730
174,55255,13,15,15,60985,5730
175,55615,14,255,0,61345,5730
175,55615,14,255,1,61345,5730
175,55615,14,255,2,61345,5730
175,55615,14,255,3,61345,5730
175,55615,14,255,4,61345,5730
175,55615,14,255,5,61345,5730
175,55615,14,255,6,61345,5730
175,55615,14,255,7,61345,5730
175,55615,14,255,8,61345,5730
175,55615,14,255,9,61345,5730
175,55615,14,255,10,61345,5730
175,55615,14,255,11,61345,5730
175,55615,14,255,12,61345,5730
175,55615,14,255,13,61345,5730
175,55615,14,255,15,61345,5730
176,55975,15,3,3,61705,5730
161,56335,0,255,1,62065,5730
161,56335,0,255,2,62065,5730
161,56335,0,255,3,62065,5730
161,56335,0,255,4,62065,5730
161,56335,0,255,5,62065,5730
161,56335,0,255,6,62065,5730
161,56335,0,255,7,62065,5730
161,56335,0,255,8,62065,5730
161,56335,0,255,9,62065,5730
161,56335,0,255,10,62065,5730
161,56335,0,255,11,62065,5730
161,56335,0,255,12,62065,5730
161,56335,0,255,13,62065,5730
161,56335,0,255,14,62065,5730
161,56335,0,255,15,62065,5730
162,56695,1,7,7,62425,5730
163,57055,2,10,10,62785,5730
164,57415,3,255,0,63145,5730
164,57415,3,255,1,63145,5730
164,57415,3,255,2,63145,5730
164,57415,3,255,4,63145,5730
164,57415,3,255,5,63145,5730
164,57415,3,255,6,63145,5730
164,57415,3,255,7,63145,5730
164,57415,3,255,8,63145,5730
164,57415,3,255,9,63145,5730
164,57415,3,255,10,63145,5730
164,57415,3,255,11,63145,5730
164,57415,3,255,12,63145,5730
164,57415,3,255,13,63145,5730
164,57415,3,255,14,63145,5730
164,57415,3,255,15,63145,5730
165,57775,4,12,12,63505,5730
182,58135,5,14,14,63865,5730
183,58495,6,3,3,64225,5730
184,58855,7,255,0,64585,5730
184,58855,7,255,1,64585,5730
184,58855,7,255,2,64585,5730
184,58855,7,255,3,64585,5730
184,58855,7,255,4,64585,5730
184,58855,7,255,5,64585,5730
184,58855,7,255,6,64585,5730
184,58855,7,255,8,64585,5730
184,58855,7,255,9,64585,5730
184,58855,7,255,10,64585,5730
184,58855,7,255,11,64585,5730
184,58855,7,255,12,64585,5730
184,58855,7,255,13,64585,5730
184,58855,7,255,14,64585,5730
184,58855,7,255,15,64585,5730
185,59215,8,5,5,64945,5730
186,59575,9,12,12,65305,5730
187,59935,10,7,7,65665,5730
188,60295,11,0,0,66025,5730
189,60655,12,6,6,66385,5730
190,61015,13,4,4,66745,5730
191,61375,14,4,4,67105,5730
192,61735,15,10,10,67465,5730
177,62095,0,5,5,67825,5730
178,62455,1,12,12,68185,5730
194,68215,1,194,-1,,
179,62815,2,7,7,68545,5730
180,63175,3,1,1,68905,5730
181,63535,4,6,6,69265,5730
198,63895,5,13,13,69625,5730
199,64255,6,4,4,69985,5730
200,64615,7,3,3,70345,5730
201,64975,8,15,15,70705,5730
202,65335,9,12,12,71065,5730
203,65695,10,5,5,71425,5730
204,66055,11,1,1,71785,5730
205,66415,12,9,9,72145,5730
206,66775,13,3,3,72505,5730
207,67135,14,8,8,72865,5730
208,67495,15,1,1,73225,5730
193,67855,0,14,14,73585,5730
209,73615,0,67,-1,,
195,68575,2,12,12,74305,5730
196,68935,3,255,0,74665,5730
196,68935,3,255,1,74665,5730
196,68935,3,255,2,74665,5730
196,68935,3,255,4,74665,5730
196,68935,3,255,5,74665,5730
196,68935,3,255,6,74665,5730
196,68935,3,255,7,74665,5730
196,68935,3,255,8,74665,5730
196,68935,3,255,9,74665,5730
196,68935,3,255,10,74665,5730
196,68935,3,255,11,74665,5730
196,68935,3,255,12,74665,5730
196,68935,3,255,13,74665,5730
196,68935,3,255,14,74665,5730
196,68935,3,255,15,74665,5730
197,69295,4,2,2,75025,5730
213,75055,4,201,-1,,
214,69655,5,13,13,75385,5730
215,70015,6,255,0,75745,5730
215,70015,6,255,1,75745,5730
215,70015,6,255,2,75745,5730
215,70015,6,255,3,75745,5730
215,70015,6,255,4,75745,5730
215,70015,6,255,5,75745,5730
215,70015,6,255,7,75745,5730
215,70015,6,255,8,75745,5730
215,70015,6,255,9,75745,5730
215,70015,6,255,10,75745,5730
215,70015,6,255,11,75745,5730
215,70015,6,255,12,75745,5730
215,70015,6,255,13,75745,5730
215,70015,6,255,14,75745,5730
215,70015,6,255,15,75745,5730
231,75775,6,149,-1,,
216,70375,7,4,4,76105,5730
217,70735,8,0,0,76465,5730
218,71095,9,15,15,76825,5730
219,71455,10,8,8,77185,5730
220,71815,11,1,1,77545,5730
221,72175,12,255,0,77905,5730
221,72175,12,255,1,77905,5730
221,72175,12,255,2,77905,5730
221,72175,12,255,3,77905,5730
221,72175,12,255,4,77905,5730
221,72175,12,255,5,77905,5730
221,72175,12,255,6,77905,5730
221,72175,12,255,7,77905,5730
221,72175,12,255,8,77905,5730
221,72175,12,255,9,77905,5730
221,72175,12,255,10,77905,5730
221,72175,12,255,11,77905,5730
221,72175,12,255,13,77905,5730
221,72175,12,255,14,77905,5730
221,72175,12,255,15,77905,5730
222,72535,13,8,8,78265,5730
223,72895,14,5,5,78625,5730
224,73255,15,12,12,78985,5730
210,73975,1,13,13,79705,5730
211,74335,2,10,10,80065,5730
212,74695,3,15,15,80425,5730
230,75415,5,1,1,81145,5730
246,81175,5,176,-1,,
232,76135,7,14,14,81865,5730
233,76495,8,0,0,82225,5730
249,82255,8,233,-1,,
234,76855,9,3,3,82585,5730
235,77215,10,255,0,82945,5730
235,77215,10,255,1,82945,5730
235,77215,10,255,2,82945,5730
235,77215,10,255,3,82945,5730
235,77215,10,255,4,82945,5730
235,77215,10,255,5,82945,5730
235,77215,10,255,6,82945,5730
235,77215,10,255,7,82945,5730
235,77215,10,255,8,82945,5730
235,77215,10,255,9,82945,5730
235,77215,10,255,11,82945,5730
235,77215,10,255,12,82945,5730
235,77215,10,255,13,82945,5730
235,77215,10,255,14,82945,5730
235,77215,10,255,15,82945,5730
236,77575,11,15,15,83305,5730
237,77935,12,10,10,83665,5730
238,78295,13,6,6,84025,5730
239,78655,14,3,3,84385,5730
240,79015,15,8,8,84745,5730
225,79375,0,9,9,85105,5730
226,79735,1,8,8,85465,5730
227,80095,2,7,7,85825,5730
228,80455,3,11,11,86185,5730
229,80815,4,11,11,86545,5730
247,81535,6,13,13,87265,5730
248,81895,7,6,6,87625,5730
250,82615,9,7,7,88345,5730
251,82975,10,1,1,88705,5730
252,83335,11,15,15,89065,5730
253,83695,12,4,4,89425,5730
254,84055,13,7,7,89785,5730
255,84415,14,11,11,90145,5730
256,84775,15,1,1,90505,5730
241,85135,0,8,8,90865,5730
242,85495,1,11,11,91225,5730
243,85855,2,7,7,91585,5730
244,86215,3,9,9,91945,5730
245,86575,4,15,15,92305,5730
262,86935,5,12,12,92665,5730
263,87295,6,4,4,93025,5730
264,87655,7,10,10,93385,5730
265,88015,8,1,1,93745,5730
266,88375,9,0,0,94105,5730
267,88735,10,11,11,94465,5730
268,89095,11,7,7,94825,5730
269,89455,12,15,15,95185,5730
270,89815,13,15,15,95545,5730
271,90175,14,15,15,95905,5730
272,90535,15,2,2,96265,5730
257,90895,0,1,1,96625,5730
258,91255,1,5,5,96985,5730
259,91615,2,9,9,97345,5730
260,91975,3,0,0,97705,5730
276,97735,3,32,-1,,
261,92335,4,1,1,98065,5730
278,92695,5,4,4,98425,5730
294,98455,5,145,-1,,
279,93055,6,255,0,98785,5730
279,93055,6,255,1,98785,5730
279,93055,6,255,2,98785,5730
279,93055,6,255,3,98785,5730
279,93055,6,255,4,98785,5730
279,93055,6,255,5,98785,5730
279,93055,6,255,7,98785,5730
279,93055,6,255,8,98785,5730
279,93055,6,255,9,98785,5730
279,93055,6,255,10,98785,5730
279,93055,6,255,11,98785,5730
279,93055,6,255,12,98785,5730
279,93055,6,255,13,98785,5730
279,93055,6,255,14,98785,5730
279,93055,6,255,15,98785,5730
280,93415,7,2,2,99145,5730
296,99175,7,131,-1,,
281,93775,8,0,0,99505,5730
297,99535,8,97,-1,,
282,94135,9,7,7,99865,5730
283,94495,10,2,2,100225,5730
284,94855,11,3,3,100585,5730
285,95215,12,7,7,100945,5730
286,95575,13,3,3,101305,5730
287,95935,14,9,9,101665,5730
288,96295,15,7,7,102025,5730
273,96655,0,8,8,102385,5730
274,97015,1,5,5,102745,5730
275,97375,2,5,5,103105,5730
277,98095,4,14,14,103825,5730
295,98815,6,2,2,104545,5730
298,99895,9,1,1,105625,5730
299,100255,10,12,12,105985,5730
300,100615,11,7,7,106345,5730
301,100975,12,6,6,106705,5730
317,106735,12,92,-1,,
302,101335,13,6,6,107065,5730
303,101695,14,0,0,107425,5730
304,102055,15,3,3,107785,5730
289,102415,0,14,14,108145,5730
290,102775,1,14,14,108505,5730
291,103135,2,13,13,108865,5730
292,103495,3,1,1,109225,5730
293,103855,4,3,3,109585,5730
309,109615,4,109,-1,,
310,104215,5,11,11,109945,5730
311,104575,6,13,13,110305,5730
312,104935,7,14,14,110665,5730
313,105295,8,10,10,111025,5730
314,105655,9,8,8,111385,5730
315,106015,10,0,0,111745,5730
316,106375,11,2,2,112105,5730
318,107095,13,7,7,112825,5730
319,107455,14,10,10,113185,5730
335,113215,14,186,-1,,
320,107815,15,6,6,113545,5730
305,108175,0,255,1,113905,5730
305,108175,0,255,2,113905,5730
305,108175,0,255,3,113905,5730
305,108175,0,255,4,113905,5730
305,108175,0,255,5,113905,5730
305,108175,0,255,6,113905,5730
305,108175,0,255,7,113905,5730
305,108175,0,255,8,113905,5730
305,108175,0,255,9,113905,5730
305,108175,0,255,10,113905,5730
305,108175,0,255,11,113905,5730
305,108175,0,255,12,113905,5730
305,108175,0,255,13,113905,5730
305,108175,0,255,14,113905,5730
305,108175,0,255,15,113905,5730
306,108535,1,14,14,114265,5730
307,108895,2,7,7,114625,5730
308,109255,3,1,1,114985,5730
326,109975,5,0,0,115705,5730
327,110335,6,10,10,116065,5730
328,110695,7,6,6,116425,5730
329,111055,8,4,4,116785,5730
330,111415,9,15,15,117145,5730
331,111775,10,13,13,117505,5730
332,112135,11,13,13,117865,5730
333,112495,12,0,0,118225,5730
334,112855,13,7,7,118585,5730
336,113575,15,4,4,119305,5730
321,113935,0,255,1,119665,5730
321,113935,0,255,2,119665,5730
321,113935,0,255,3,119665,5730
321,113935,0,255,4,119665,5730
321,113935,0,255,5,119665,5730
321,113935,0,255,6,119665,5730
321,113935,0,255,7,119665,5730
321,113935,0,255,8,119665,5730
321,113935,0,255,9,119665,5730
321,113935,0,255,10,119665,5730
321,113935,0,255,11,119665,5730
321,113935,0,255,12,119665,5730
321,113935,0,255,13,119665,5730
321,113935,0,255,14,119665,5730
321,113935,0,255,15,119665,5730
322,114295,1,10,10,120025,5730
323,114655,2,7,7,120385,5730
324,115015,3,12,12,120745,5730
325,115375,4,5,5,121105,5730
342,115735,5,6,6,121465,5730
343,116095,6,11,11,121825,5730
344,116455,7,1,1,122185,5730
345,116815,8,1,1,122545,5730
346,117175,9,2,2,122905,5730
347,117535,10,1,1,123265,5730
363,123295,10,112,-1,,
348,117895,11,3,3,123625,5730
349,118255,12,14,14,123985,5730
350,118615,13,4,4,124345,5730
351,118975,14,6,6,124705,5730
352,119335,15,12,12,125065,5730
337,119695,0,255,1,125425,5730
337,119695,0,255,2,125425,5730
337,119695,0,255,3,125425,5730
337,119695,0,255,4,125425,5730
337,119695,0,255,5,125425,5730
337,119695,0,255,6,125425,5730
337,119695,0,255,7,125425,5730
337,119695,0,255,8,125425,5730
337,119695,0,255,9,125425,5730
337,119695,0,255,10,125425,5730
337,119695,0,255,11,125425,5730
337,119695,0,255,12,125425,5730
337,119695,0,255,13,125425,5730
337,119695,0,255,14,125425,5730
337,119695,0,255,15,125425,5730
338,120055,1,11,11,125785,5730
354,125815,1,143,-1,,
339,120415,2,5,5,126145,5730
355,126175,2,156,-1,,
340,120775,3,13,13,126505,5730
341,121135,4,11,11,126865,5730
358,121495,5,255,0,127225,5730
358,121495,5,255,1,127225,5730
358,121495,5,255,2,127225,5730
358,121495,5,255,3,127225,5730
358,121495,5,255,4,127225,5730
358,121495,5,255,6,127225,5730
358,121495,5,255,7,127225,5730
358,121495,5,255,8,127225,5730
358,121495,5,255,9,127225,5730
358,121495,5,255,10,127225,5730
358,121495,5,255,11,127225,5730
358,121495,5,255,12,127225,5730
358,121495,5,255,13,127225,5730
358,121495,5,255,14,127225,5730
358,121495,5,255,15,127225,5730
359,121855,6,4,4,127585,5730
375,127615,6,106,-1,,
360,122215,7,8,8,127945,5730
361,122575,8,11,11,128305,5730
377,128335,8,71,-1,,
362,122935,9,7,7,128665,5730
364,123655,11,14,14,129385,5730
365,124015,12,3,3,129745,5730
366,124375,13,8,8,130105,5730
367,124735,14,10,10,130465,5730
368,125095,15,1,1,130825,5730
353,125455,0,14,14,131185,5730
356,126535,3,2,2,132265,5730
357,126895,4,255,0,132625,5730
357,126895,4,255,1,132625,5730
357,126895,4,255,2,132625,5730
357,126895,4,255,3,132625,5730
357,126895,4,255,5,132625,5730
357,126895,4,255,6,132625,5730
357,126895,4,255,7,132625,5730
357,126895,4,255,8,132625,5730
357,126895,4,255,9,132625,5730
357,126895,4,255,10,132625,5730
357,126895,4,255,11,132625,5730
357,126895,4,255,12,132625,5730
357,126895,4,255,13,132625,5730
357,126895,4,255,14,132625,5730
357,126895,4,255,15,132625,5730
374,127255,5,11,11,132985,5730
376,127975,7,15,15,133705,5730
378,128695,9,14,14,134425,5730
379,129055,10,5,5,134785,5730
380,129415,11,15,15,135145,5730
381,129775,12,7,7,135505,5730
382,130135,13,7,7,135865,5730
383,130495,14,4,4,136225,5730
384,130855,15,13,13,136585,5730
369,131215,0,12,12,136945,5730
370,131575,1,9,9,137305,5730
371,131935,2,8,8,137665,5730
372,132295,3,255,0,138025,5730
372,132295,3,255,1,138025,5730
372,132295,3,255,2,138025,5730
372,132295,3,255,4,138025,5730
372,132295,3,255,5,138025,5730
372,132295,3,255,6,138025,5730
372,132295,3,255,7,138025,5730
372,132295,3,255,8,138025,5730
372,132295,3,255,9,138025,5730
372,132295,3,255,10,138025,5730
372,132295,3,255,11,138025,5730
372,132295,3,255,12,138025,5730
372,132295,3,255,13,138025,5730
372,132295,3,255,14,138025,5730
372,132295,3,255,15,138025,5730
388,138055,3,71,-1,,
373,132655,4,255,0,138385,5730
373,132655,4,255,1,138385,5730
373,132655,4,255,2,138385,5730
373,132655,4,255,3,138385,5730
373,132655,4,255,5,138385,5730
373,132655,4,255,6,138385,5730
373,132655,4,255,7,138385,5730
373,132655,4,255,8,138385,5730
373,132655,4,255,9,138385,5730
373,132655,4,255,10,138385,5730
373,132655,4,255,11,138385,5730
373,132655,4,255,12,138385,5730
373,132655,4,255,13,138385,5730
373,132655,4,255,14,138385,5730
373,132655,4,255,15,138385,5730
390,133015,5,3,3,138745,5730
391,133375,6,0,0,139105,5730
407,139135,6,74,-1,,
392,133735,7,4,4,139465,5730
393,134095,8,10,10,139825,5730
394,134455,9,0,0,140185,5730
395,134815,10,12,12,140545,5730
396,135175,11,7,7,140905,5730
397,135535,12,15,15,141265,5730
398,135895,13,7,7,141625,5730
399,136255,14,6,6,141985,5730
415,142015,14,196,-1,,
400,136615,15,10,10,142345,5730
385,136975,0,5,5,142705,5730
386,137335,1,12,12,143065,5730
387,137695,2,13,13,143425,5730
389,138415,4,6,6,144145,5730
406,138775,5,255,0,144505,5730
406,138775,5,255,1,144505,5730
406,138775,5,255,2,144505,5730
406,138775,5,255,3,144505,5730
406,138775,5,255,4,144505,5730
406,138775,5,255,6,144505,5730
406,138775,5,255,7,144505,5730
406,138775,5,255,8,144505,5730
406,138775,5,255,9,144505,5730
406,138775,5,255,10,144505,5730
406,138775,5,255,11,144505,5730
406,138775,5,255,12,144505,5730
406,138775,5,255,13,144505,5730
406,138775,5,255,14,144505,5730
406,138775,5,255,15,144505,5730
408,139495,7,0,0,145225,5730
409,139855,8,1,1,145585,5730
410,140215,9,4,4,145945,5730
411,140575,10,4,4,146305,5730
412,140935,11,14,14,146665,5730
413,141295,12,11,11,147025,5730
414,141655,13,9,9,147385,5730
416,142375,15,2,2,148105,5730
401,142735,0,2,2,148465,5730
402,143095,1,255,0,148825,5730
402,143095,1,255,2,148825,5730
402,143095,1,255,3,148825,5730
402,143095,1,255,4,148825,5730
402,143095,1,255,5,148825,5730
402,143095,1,255,6,148825,5730
402,143095,1,255,7,148825,5730
402,143095,1,255,8,148825,5730
402,143095,1,255,9,148825,5730
402,143095,1,255,10,148825,5730
402,143095,1,255,11,148825,5730
402,143095,1,255,12,148825,5730
402,143095,1,255,13,148825,5730
402,143095,1,255,14,148825,5730
402,143095,1,255,15,148825,5730
403,143455,2,0,0,149185,5730
404,143815,3,8,8,149545,5730
405,144175,4,6,6,149905,5730
422,144535,5,255,0,150265,5730
422,144535,5,255,1,150265,5730
422,144535,5,255,2,150265,5730
422,144535,5,255,3,150265,5730
422,144535,5,255,4,150265,5730
422,144535,5,255,6,150265,5730
422,144535,5,255,7,150265,5730
422,144535,5,255,8,150265,5730
422,144535,5,255,9,150265,5730
422,144535,5,255,10,150265,5730
422,144535,5,255,11,150265,5730
422,144535,5,255,12,150265,5730
422,144535,5,255,13,150265,5730
422,144535,5,255,14,150265,5730
422,144535,5,255,15,150265,5730
438,150295,5,139,-1,,
423,144895,6,4,4,150625,5730
424,145255,7,1,1,150985,5730
425,145615,8,15,15,151345,5730
426,145975,9,1,1,151705,5730
427,146335,10,3,3,152065,5730
428,146695,11,2,2,152425,5730
429,147055,12,255,0,152785,5730
429,147055,12,255,1,152785,5730
429,147055,12,255,2,152785,5730
429,147055,12,255,3,152785,5730
429,147055,12,255,4,152785,5730
429,147055,12,255,5,152785,5730
429,147055,12,255,6,152785,5730
429,147055,12,255,7,152785,5730
429,147055,12,255,8,152785,5730
429,147055,12,255,9,152785,5730
429,147055,12,255,10,152785,5730
429,147055,12,255,11,152785,5730
429,147055,12,255,13,152785,5730
429,147055,12,255,14,152785,5730
429,147055,12,255,15,152785,5730
430,147415,13,3,3,153145,5730
431,147775,14,2,2,153505,5730
447,153535,14,173,-1,,
432,148135,15,0,0,153865,5730
417,148495,0,11,11,154225,5730
433,154255,0,188,-1,,
418,148855,1,14,14,154585,5730
419,149215,2,255,0,154945,5730
419,149215,2,255,1,154945,5730
419,149215,2,255,3,154945,5730
419,149215,2,255,4,154945,5730
419,149215,2,255,5,154945,5730
419,149215,2,255,6,154945,5730
419,149215,2,255,7,154945,5730
419,149215,2,255,8,154945,5730
419,149215,2,255,9,154945,5730
419,149215,2,255,10,154945,5730
419,149215,2,255,11,154945,5730
419,149215,2,255,12,154945,5730
419,149215,2,255,13,154945,5730
419,149215,2,255,14,154945,5730
419,149215,2,255,15,154945,5730
420,149575,3,2,2,155305,5730
421,149935,4,3,3,155665,5730
439,150655,6,14,14,156385,5730
440,151015,7,3,3,156745,5730
441,151375,8,255,0,157105,5730
441,151375,8,255,1,157105,5730
441,151375,8,255,2,157105,5730
441,151375,8,255,3,157105,5730
441,151375,8,255,4,157105,5730
441,151375,8,255,5,157105,5730
441,151375,8,255,6,157105,5730
441,151375,8,255,7,157105,5730
441,151375,8,255,9,157105,5730
441,151375,8,255,10,157105,5730
441,151375,8,255,11,157105,5730
441,151375,8,255,12,157105,5730
441,151375,8,255,13,157105,5730
441,151375,8,255,14,157105,5730
441,151375,8,255,15,157105,5730
442,151735,9,7,7,157465,5730
458,157495,9,61,-1,,
443,152095,10,1,1,157825,5730
444,152455,11,4,4,158185,5730
445,152815,12,8,8,158545,5730
446,153175,13,15,15,158905,5730
448,153895,15,5,5,159625,5730
434,154615,1,5,5,160345,5730
435,154975,2,3,3,160705,5730
451,160735,2,209,-1,,
436,155335,3,15,15,161065,5730
437,155695,4,6,6,161425,5730
454,156055,5,255,0,161785,5730
454,156055,5,255,1,161785,5730
454,156055,5,255,2,161785,5730
454,156055,5,255,3,161785,5730
454,156055,5,255,4,161785,5730
454,156055,5,255,6,161785,5730
454,156055,5,255,7,161785,5730
454,156055,5,255,8,161785,5730
454,156055,5,255,9,161785,5730
454,156055,5,255,10,161785,5730
454,156055,5,255,11,161785,5730
454,156055,5,255,12,161785,5730
454,156055,5,255,13,161785,5730
454,156055,5,255,14,161785,5730
454,156055,5,255,15,161785,5730
455,156415,6,13,13,162145,5730
471,162175,6,207,-1,,
456,156775,7,14,14,162505,5730
457,157135,8,255,0,162865,5730
457,157135,8,255,1,162865,5730
457,157135,8,255,2,162865,5730
457,157135,8,255,3,162865,5730
457,157135,8,255,4,162865,5730
457,157135,8,255,5,162865,5730
457,157135,8,255,6,162865,5730
457,157135,8,255,7,162865,5730
457,157135,8,255,9,162865,5730
457,157135,8,255,10,162865,5730
457,157135,8,255,11,162865,5730
457,157135,8,255,12,162865,5730
457,157135,8,255,13,162865,5730
457,157135,8,255,14,162865,5730
457,157135,8,255,15,162865,5730
459,157855,10,3,3,163585,5730
460,158215,11,0,0,163945,5730
461,158575,12,6,6,164305,5730
462,158935,13,5,5,164665,5730
463,159295,14,1,1,165025,5730
464,159655,15,0,0,165385,5730
449,160015,0,9,9,165745,5730
450,160375,1,9,9,166105,5730
452,161095,3,4,4,166825,5730
453,161455,4,1,1,167185,5730
470,161815,5,10,10,167545,5730
472,162535,7,2,2,168265,5730
473,162895,8,0,0,168625,5730
474,163255,9,13,13,168985,5730
475,163615,10,6,6,169345,5730
476,163975,11,12,12,169705,5730
477,164335,12,10,10,170065,5730
478,164695,13,4,4,170425,5730
479,165055,14,12,12,170785,5730
480,165415,15,5,5,171145,5730
465,165775,0,1,1,171505,5730
466,166135,1,14,14,171865,5730
467,166495,2,10,10,172225,5730
483,172255,2,136,-1,,
468,166855,3,255,0,172585,5730
468,166855,3,255,1,172585,5730
468,166855,3,255,2,172585,5730
468,166855,3,255,4,172585,5730
468,166855,3,255,5,172585,5730
468,166855,3,255,6,172585,5730
468,166855,3,255,7,172585,5730
468,166855,3,255,8,172585,5730
468,166855,3,255,9,172585,5730
468,166855,3,255,10,172585,5730
468,166855,3,255,11,172585,5730
468,166855,3,255,12,172585,5730
468,166855,3,255,13,172585,5730
468,166855,3,255,14,172585,5730
468,166855,3,255,15,172585,5730
469,167215,4,15,15,172945,5730
486,167575,5,4,4,173305,5730
502,173335,5,203,-1,,
487,167935,6,4,4,173665,5730
488,168295,7,5,5,174025,5730
489,168655,8,5,5,174385,5730
490,169015,9,2,2,174745,5730
491,169375,10,255,0,175105,5730
491,169375,10,255,1,175105,5730
491,169375,10,255,2,175105,5730
491,169375,10,255,3,175105,5730
491,169375,10,255,4,175105,5730
491,169375,10,255,5,175105,5730
491,169375,10,255,6,175105,5730
491,169375,10,255,7,175105,5730
491,169375,10,255,8,175105,5730
491,169375,10,255,9,175105,5730
491,169375,10,255,11,175105,5730
491,169375,10,255,12,175105,5730
491,169375,10,255,13,175105,5730
491,169375,10,255,14,175105,5730
491,169375,10,255,15,175105,5730
492,169735,11,1,1,175465,5730
493,170095,12,11,11,175825,5730
494,170455,13,9,9,176185,5730
495,170815,14,5,5,176545,5730
496,171175,15,14,14,176905,5730
481,171535,0,10,10,177265,5730
482,171895,1,5,5,177625,5730
499,178015,2,118,-1,,
484,172615,3,10,10,178345,5730
485,172975,4,6,6,178705,5730
503,173695,6,13,13,179425,5730
504,174055,7,6,6,179785,5730
505,174415,8,5,5,180145,5730
506,174775,9,13,13,180505,5730
507,175135,10,11,11,180865,5730
508,175495,11,12,12,181225,5730
509,175855,12,10,10,181585,5730
510,176215,13,14,14,181945,5730
511,176575,14,7,7,182305,5730
512,176935,15,3,3,182665,5730
497,177295,0,9,9,183025,5730
498,177655,1,5,5,183385,5730
500,178375,3,6,6,184105,5730
501,178735,4,14,14,184465,5730
518,179095,5,9,9,184825,5730
519,179455,6,15,15,185185,5730
520,179815,7,4,4,185545,5730
521,180175,8,255,0,185905,5730
521,180175,8,255,1,185905,5730
521,180175,8,255,2,185905,5730
521,180175,8,255,3,185905,5730
521,180175,8,255,4,185905,5730
521,180175,8,255,5,185905,5730
521,180175,8,255,6,185905,5730
521,180175,8,255,7,185905,5730
521,180175,8,255,9,185905,5730
521,180175,8,255,10,185905,5730
521,180175,8,255,11,185905,5730
521,180175,8,255,12,185905,5730
521,180175,8,255,13,185905,5730
521,180175,8,255,14,185905,5730
521,180175,8,255,15,185905,5730
522,180535,9,4,4,186265,5730
523,180895,10,255,0,186625,5730
523,180895,10,255,1,186625,5730
523,180895,10,255,2,186625,5730
523,180895,10,255,3,186625,5730
523,180895,10,255,4,186625,5730
523,180895,10,255,5,186625,5730
523,180895,10,255,6,186625,5730
523,180895,10,255,7,186625,5730
523,180895,10,255,8,186625,5730
523,180895,10,255,9,186625,5730
523,180895,10,255,11,186625,5730
523,180895,10,255,12,186625,5730
523,180895,10,255,13,186625,5730
523,180895,10,255,14,186625,5730
523,180895,10,255,15,186625,5730
524,181255,11,0,0,186985,5730
525,181615,12,6,6,187345,5730
526,181975,13,8,8,187705,5730
527,182335,14,7,7,188065,5730
528,182695,15,8,8,188425,5730
513,183055,0,14,14,188785,5730
529,188815,0,164,-1,,
514,183415,1,11,11,189145,5730
515,183775,2,1,1,189505,5730
516,184135,3,7,7,189865,5730
517,184495,4,7,7,190225,5730
534,184855,5,6,6,190585,5730
535,185215,6,8,8,190945,5730
536,185575,7,15,15,191305,5730
537,185935,8,13,13,191665,5730
538,186295,9,1,1,192025,5730
539,186655,10,8,8,192385,5730
555,192415,10,83,-1,,
540,187015,11,5,5,192745,5730
541,187375,12,6,6,193105,5730
542,187735,13,255,0,193465,5730
542,187735,13,255,1,193465,5730
542,187735,13,255,2,193465,5730
542,187735,13,255,3,193465,5730
542,187735,13,255,4,193465,5730
542,187735,13,255,5,193465,5730
542,187735,13,255,6,193465,5730
542,187735,13,255,7,193465,5730
542,187735,13,255,8,193465,5730
542,187735,13,255,9,193465,5730
542,187735,13,255,10,193465,5730
542,187735,13,255,11,193465,5730
542,187735,13,255,12,193465,5730
542,187735,13,255,14,193465,5730
542,187735,13,255,15,193465,5730
543,188095,14,255,0,193825,5730
543,188095,14,255,1,193825,5730
543,188095,14,255,2,193825,5730
543,188095,14,255,3,193825,5730
543,188095,14,255,4,193825,5730
543,188095,14,255,5,193825,5730
543,188095,14,255,6,193825,5730
543,188095,14,255,7,193825,5730
543,188095,14,255,8,193825,5730
543,188095,14,255,9,193825,5730
543,188095,14,255,10,193825,5730
543,188095,14,255,11,193825,5730
543,188095,14,255,12,193825,5730
543,188095,14,255,13,193825,5730
543,188095,14,255,15,193825,5730
544,188455,15,7,7,194185,5730
545,194575,0,31,-1,,
530,189175,1,2,2,194905,5730
531,189535,2,8,8,195265,5730
532,189895,3,12,12,195625,5730
533,190255,4,14,14,195985,5730
550,190615,5,3,3,196345,5730
551,190975,6,1,1,196705,5730
552,191335,7,8,8,197065,5730
553,191695,8,0,0,197425,5730
554,192055,9,255,0,197785,5730
554,192055,9,255,1,197785,5730
554,192055,9,255,2,197785,5730
554,192055,9,255,3,197785,5730
554,192055,9,255,4,197785,5730
554,192055,9,255,5,197785,5730
554,192055,9,255,6,197785,5730
554,192055,9,255,7,197785,5730
554,192055,9,255,8,197785,5730
554,192055,9,255,10,197785,5730
554,192055,9,255,11,197785,5730
554,192055,9,255,12,197785,5730
554,192055,9,255,13,197785,5730
554,192055,9,255,14,197785,5730
554,192055,9,255,15,197785,5730
556,192775,11,12,12,198505,5730
557,193135,12,6,6,198865,5730
558,193495,13,14,14,199225,5730
559,193855,14,4,4,199585,5730
575,199615,14,136,-1,,
560,194215,15,3,3,199945,5730
546,194935,1,8,8,200665,5730
547,195295,2,6,6,201025,5730
548,195655,3,7,7,201385,5730
549,196015,4,9,9,201745,5730
566,196375,5,13,13,202105,5730
567,196735,6,11,11,202465,5730
568,197095,7,12,12,202825,5730
569,197455,8,7,7,203185,5730
570,197815,9,14,14,203545,5730
571,198175,10,8,8,203905,5730
572,198535,11,5,5,204265,5730
573,198895,12,7,7,204625,5730
574,199255,13,5,5,204985,5730
576,199975,15,14,14,205705,5730
561,200335,0,255,1,206065,5730
561,200335,0,255,2,206065,5730
561,200335,0,255,3,206065,5730
561,200335,0,255,4,206065,5730
561,200335,0,255,5,206065,5730
561,200335,0,255,6,206065,5730
561,200335,0,255,7,206065,5730
561,200335,0,255,8,206065,5730
561,200335,0,255,9,206065,5730
561,200335,0,255,10,206065,5730
561,200335,0,255,11,206065,5730
561,200335,0,255,12,206065,5730
561,200335,0,255,13,206065,5730
561,200335,0,255,14,206065,5730
561,200335,0,255,15,206065,5730
577,206095,0,233,-1,,
562,200695,1,7,7,206425,5730
563,201055,2,13,13,206785,5730
564,201415,3,7,7,207145,5730
565,201775,4,1,1,207505,5730
582,202135,5,6,6,207865,5730
598,207895,5,141,-1,,
583,202495,6,4,4,208225,5730
584,202855,7,6,6,208585,5730
585,203215,8,10,10,208945,5730
601,208975,8,188,-1,,
586,203575,9,3,3,209305,5730
587,203935,10,15,15,209665,5730
588,204295,11,12,12,210025,5730
589,204655,12,5,5,210385,5730
590,205015,13,5,5,210745,5730
591,205375,14,7,7,211105,5730
592,205735,15,4,4,211465,5730
578,206455,1,255,0,212185,5730
578,206455,1,255,2,212185,5730
578,206455,1,255,3,212185,5730
578,206455,1,255,4,212185,5730
578,206455,1,255,5,212185,5730
578,206455,1,255,6,212185,5730
578,206455,1,255,7,212185,5730
578,206455,1,255,8,212185,5730
578,206455,1,255,9,212185,5730
578,206455,1,255,10,212185,5730
578,206455,1,255,11,212185,5730
578,206455,1,255,12,212185,5730
578,206455,1,255,13,212185,5730
578,206455,1,255,14,212185,5730
578,206455,1,255,15,212185,5730
579,206815,2,3,3,212545,5730
580,207175,3,8,8,212905,5730
581,207535,4,14,14,213265,5730
614,213655,5,203,-1,,
599,208255,6,2,2,213985,5730
600,208615,7,13,13,214345,5730
602,209335,9,10,10,215065,5730
603,209695,10,11,11,215425,5730
604,210055,11,5,5,215785,5730
605,210415,12,13,13,216145,5730
606,210775,13,14,14,216505,5730
607,211135,14,9,9,216865,5730
608,211495,15,9,9,217225,5730
593,211855,0,9,9,217585,5730
594,212215,1,0,0,217945,5730
595,212575,2,15,15,218305,5730
596,212935,3,255,0,218665,5730
596,212935,3,255,1,218665,5730
596,212935,3,255,2,218665,5730
596,212935,3,255,4,218665,5730
596,212935,3,255,5,218665,5730
596,212935,3,255,6,218665,5730
596,212935,3,255,7,218665,5730
596,212935,3,255,8,218665,5730
596,212935,3,255,9,218665,5730
596,212935,3,255,10,218665,5730
596,212935,3,255,11,218665,5730
596,212935,3,255,12,218665,5730
596,212935,3,255,13,218665,5730
596,212935,3,255,14,218665,5730
596,212935,3,255,15,218665,5730
597,213295,4,8,8,219025,5730
615,214015,6,1,1,219745,5730
616,214375,7,3,3,220105,5730
617,214735,8,255,0,220465,5730
617,214735,8,255,1,220465,5730
617,214735,8,255,2,220465,5730
617,214735,8,255,3,220465,5730
617,214735,8,255,4,220465,5730
617,214735,8,255,5,220465,5730
617,214735,8,255,6,220465,5730
617,214735,8,255,7,220465,5730
617,214735,8,255,9,220465,5730
617,214735,8,255,10,220465,5730
617,214735,8,255,11,220465,5730
617,214735,8,255,12,220465,5730
617,214735,8,255,13,220465,5730
617,214735,8,255,14,220465,5730
617,214735,8,255,15,220465,5730
618,215095,9,11,11,220825,5730
619,215455,10,8,8,221185,5730
620,215815,11,0,0,221545,5730
621,216175,12,0,0,221905,5730
622,216535,13,7,7,222265,5730
623,216895,14,12,12,222625,5730
624,217255,15,3,3,222985,5730
609,217615,0,2,2,223345,5730
610,217975,1,8,8,223705,5730
611,218335,2,255,0,224065,5730
611,218335,2,255,1,224065,5730
611,218335,2,255,3,224065,5730
611,218335,2,255,4,224065,5730
611,218335,2,255,5,224065,5730
611,218335,2,255,6,224065,5730
611,218335,2,255,7,224065,5730
611,218335,2,255,8,224065,5730
611,218335,2,255,9,224065,5730
611,218335,2,255,10,224065,5730
611,218335,2,255,11,224065,5730
611,218335,2,255,12,224065,5730
611,218335,2,255,13,224065,5730
611,218335,2,255,14,224065,5730
611,218335,2,255,15,224065,5730
612,218695,3,14,14,224425,5730
613,219055,4,5,5,224785,5730
630,219415,5,6,6,225145,5730
631,219775,6,7,7,225505,5730
632,220135,7,11,11,225865,5730
633,220495,8,3,3,226225,5730
634,220855,9,10,10,226585,5730
635,221215,10,2,2,226945,5730
636,221575,11,2,2,227305,5730
637,221935,12,2,2,227665,5730
638,222295,13,15,15,228025,5730
639,222655,14,10,10,228385,5730
640,223015,15,11,11,228745,5730
625,223375,0,6,6,229105,5730
626,223735,1,11,11,229465,5730
627,224095,2,0,0,229825,5730
628,224455,3,255,0,230185,5730
628,224455,3,255,1,230185,5730
628,224455,3,255,2,230185,5730
628,224455,3,255,4,230185,5730
628,224455,3,255,5,230185,5730
628,224455,3,255,6,230185,5730
628,224455,3,255,7,230185,5730
628,224455,3,255,8,230185,5730
628,224455,3,255,9,230185,5730
628,224455,3,255,10,230185,5730
628,224455,3,255,11,230185,5730
628,224455,3,255,12,230185,5730
628,224455,3,255,13,230185,5730
628,224455,3,255,14,230185,5730
628,224455,3,255,15,230185,5730
629,224815,4,11,11,230545,5730
646,225175,5,7,7,230905,5730
647,225535,6,255,0,231265,5730
647,225535,6,255,1,231265,5730
647,225535,6,255,2,231265,5730
647,225535,6,255,3,231265,5730
647,225535,6,255,4,231265,5730
647,225535,6,255,5,231265,5730
647,225535,6,255,7,231265,5730
647,225535,6,255,8,231265,5730
647,225535,6,255,9,231265,5730
647,225535,6,255,10,231265,5730
647,225535,6,255,11,231265,5730
647,225535,6,255,12,231265,5730
647,225535,6,255,13,231265,5730
647,225535,6,255,14,231265,5730
647,225535,6,255,15,231265,5730
648,225895,7,9,9,231625,5730
649,226255,8,7,7,231985,5730
650,226615,9,14,14,232345,5730
651,226975,10,13,13,232705,5730
652,227335,11,255,0,233065,5730
652,227335,11,255,1,233065,5730
652,227335,11,255,2,233065,5730
652,227335,11,255,3,233065,5730
652,227335,11,255,4,233065,5730
652,227335,11,255,5,233065,5730
652,227335,11,255,6,233065,5730
652,227335,11,255,7,233065,5730
652,227335,11,255,8,233065,5730
652,227335,11,255,9,233065,5730
652,227335,11,255,10,233065,5730
652,227335,11,255,12,233065,5730
652,227335,11,255,13,233065,5730
652,227335,11,255,14,233065,5730
652,227335,11,255,15,233065,5730
653,227695,12,255,0,233425,5730
653,227695,12,255,1,233425,5730
653,227695,12,255,2,233425,5730
653,227695,12,255,3,233425,5730
653,227695,12,255,4,233425,5730
653,227695,12,255,5,233425,5730
653,227695,12,255,6,233425,5730
653,227695,12,255,7,233425,5730
653,227695,12,255,8,233425,5730
653,227695,12,255,9,233425,5730
653,227695,12,255,10,233425,5730
653,227695,12,255,11,233425,5730
653,227695,12,255,13,233425,5730
653,227695,12,255,14,233425,5730
653,227695,12,255,15,233425,5730
654,228055,13,5,5,233785,5730
655,228415,14,3,3,234145,5730
656,228775,15,0,0,234505,5730
641,229135,0,14,14,234865,5730
642,229495,1,9,9,235225,5730
643,229855,2,10,10,235585,5730
644,230215,3,13,13,235945,5730
645,230575,4,14,14,236305,5730
662,230935,5,255,0,236665,5730
662,230935,5,255,1,236665,5730
662,230935,5,255,2,236665,5730
662,230935,5,255,3,236665,5730
662,230935,5,255,4,236665,5730
662,230935,5,255,6,236665,5730
662,230935,5,255,7,236665,5730
662,230935,5,255,8,236665,5730
662,230935,5,255,9,236665,5730
662,230935,5,255,10,236665,5730
662,230935,5,255,11,236665,5730
662,230935,5,255,12,236665,5730
662,230935,5,255,13,236665,5730
662,230935,5,255,14,236665,5730
662,230935,5,255,15,236665,5730
663,231295,6,15,15,237025,5730
679,237055,6,69,-1,,
664,231655,7,9,9,237385,5730
665,232015,8,11,11,237745,5730
666,232375,9,5,5,238105,5730
667,232735,10,1,1,238465,5730
668,233095,11,255,0,238825,5730
668,233095,11,255,1,238825,5730
668,233095,11,255,2,238825,5730
668,233095,11,255,3,238825,5730
668,233095,11,255,4,238825,5730
668,233095,11,255,5,238825,5730
668,233095,11,255,6,238825,5730
668,233095,11,255,7,238825,5730
668,233095,11,255,8,238825,5730
668,233095,11,255,9,238825,5730
668,233095,11,255,10,238825,5730
668,233095,11,255,12,238825,5730
668,233095,11,255,13,238825,5730
668,233095,11,255,14,238825,5730
668,233095,11,255,15,238825,5730
684,238855,11,202,-1,,
669,233455,12,11,11,239185,5730
670,233815,13,15,15,239545,5730
671,234175,14,13,13,239905,5730
687,239935,14,253,-1,,
672,234535,15,6,6,240265,5730
657,234895,0,12,12,240625,5730
658,235255,1,11,11,240985,5730
659,235615,2,3,3,241345,5730
660,235975,3,6,6,241705,5730
661,236335,4,255,0,242065,5730
661,236335,4,255,1,242065,5730
661,236335,4,255,2,242065,5730
661,236335,4,255,3,242065,5730
661,236335,4,255,5,242065,5730
661,236335,4,255,6,242065,5730
661,236335,4,255,7,242065,5730
661,236335,4,255,8,242065,5730
661,236335,4,255,9,242065,5730
661,236335,4,255,10,242065,5730
661,236335,4,255,11,242065,5730
661,236335,4,255,12,242065,5730
661,236335,4,255,13,242065,5730
661,236335,4,255,14,242065,5730
661,236335,4,255,15,242065,5730
678,236695,5,8,8,242425,5730
680,237415,7,4,4,243145,5730
681,237775,8,11,11,243505,5730
682,238135,9,8,8,243865,5730
683,238495,10,0,0,244225,5730
685,239215,12,4,4,244945,5730
701,244975,12,172,-1,,
686,239575,13,255,0,245305,5730
686,239575,13,255,1,245305,5730
686,239575,13,255,2,245305,5730
686,239575,13,255,3,245305,5730
686,239575,13,255,4,245305,5730
686,239575,13,255,5,245305,5730
686,239575,13,255,6,245305,5730
686,239575,13,255,7,245305,5730
686,239575,13,255,8,245305,5730
686,239575,13,255,9,245305,5730
686,239575,13,255,10,245305,5730
686,239575,13,255,11,245305,5730
686,239575,13,255,12,245305,5730
686,239575,13,255,14,245305,5730
686,239575,13,255,15,245305,5730
688,240295,15,5,5,246025,5730
673,240655,0,10,10,246385,5730
674,241015,1,7,7,246745,5730
675,241375,2,10,10,247105,5730
676,241735,3,255,0,247465,5730
676,241735,3,255,1,247465,5730
676,241735,3,255,2,247465,5730
676,241735,3,255,4,247465,5730
676,241735,3,255,5,247465,5730
676,241735,3,255,6,247465,5730
676,241735,3,255,7,247465,5730
676,241735,3,255,8,247465,5730
676,241735,3,255,9,247465,5730
676,241735,3,255,10,247465,5730
676,241735,3,255,11,247465,5730
676,241735,3,255,12,247465,5730
676,241735,3,255,13,247465,5730
676,241735,3,255,14,247465,5730
676,241735,3,255,15,247465,5730
677,242095,4,255,0,247825,5730
677,242095,4,255,1,247825,5730
677,242095,4,255,2,247825,5730
677,242095,4,255,3,247825,5730
677,242095,4,255,5,247825,5730
677,242095,4,255,6,247825,5730
677,242095,4,255,7,247825,5730
677,242095,4,255,8,247825,5730
677,242095,4,255,9,247825,5730
677,242095,4,255,10,247825,5730
677,242095,4,255,11,247825,5730
677,242095,4,255,12,247825,5730
677,242095,4,255,13,247825,5730
677,242095,4,255,14,247825,5730
677,242095,4,255,15,247825,5730
694,242455,5,255,0,248185,5730
694,242455,5,255,1,248185,5730
694,242455,5,255,2,248185,5730
694,242455,5,255,3,248185,5730
694,242455,5,255,4,248185,5730
694,242455,5,255,6,248185,5730
694,242455,5,255,7,248185,5730
694,242455,5,255,8,248185,5730
694,242455,5,255,9,248185,5730
694,242455,5,255,10,248185,5730
694,242455,5,255,11,248185,5730
694,242455,5,255,12,248185,5730
694,242455,5,255,13,248185,5730
694,242455,5,255,14,248185,5730
694,242455,5,255,15,248185,5730
695,242815,6,1,1,248545,5730
711,248575,6,164,-1,,
696,243175,7,5,5,248905,5730
712,248935,7,166,-1,,
697,243535,8,13,13,249265,5730
698,243895,9,4,4,249625,5730
699,244255,10,12,12,249985,5730
700,244615,11,10,10,250345,5730
702,245335,13,10,10,251065,5730
703,245695,14,5,5,251425,5730
704,246055,15,2,2,251785,5730
689,246415,0,12,12,252145,5730
690,246775,1,5,5,252505,5730
706,252535,1,129,-1,,
691,247135,2,12,12,252865,5730
692,247495,3,9,9,253225,5730
693,247855,4,1,1,253585,5730
710,248215,5,255,0,253945,5730
710,248215,5,255,1,253945,5730
710,248215,5,255,2,253945,5730
710,248215,5,255,3,253945,5730
710,248215,5,255,4,253945,5730
710,248215,5,255,6,253945,5730
710,248215,5,255,7,253945,5730
710,248215,5,255,8,253945,5730
710,248215,5,255,9,253945,5730
710,248215,5,255,10,253945,5730
710,248215,5,255,11,253945,5730
710,248215,5,255,12,253945,5730
710,248215,5,255,13,253945,5730
710,248215,5,255,14,253945,5730
710,248215,5,255,15,253945,5730
726,253975,5,91,-1,,
728,254695,7,128,-1,,
713,249295,8,9,9,255025,5730
714,249655,9,6,6,255385,5730
715,250015,10,12,12,255745,5730
716,250375,11,12,12,256105,5730
717,250735,12,2,2,256465,5730
718,251095,13,10,10,256825,5730
719,251455,14,3,3,257185,5730
720,251815,15,11,11,257545,5730
705,252175,0,9,9,257905,5730
707,252895,2,11,11,258625,5730
708,253255,3,9,9,258985,5730
709,253615,4,3,3,259345,5730
727,254335,6,11,11,260065,5730
729,255055,8,5,5,260785,5730
730,255415,9,14,14,261145,5730
731,255775,10,8,8,261505,5730
732,256135,11,5,5,261865,5730
733,256495,12,6,6,262225,5730
749,262255,12,69,-1,,
734,256855,13,6,6,262585,5730
750,262615,13,113,-1,,
735,257215,14,9,9,262945,5730
736,257575,15,8,8,263305,5730
721,257935,0,7,7,263665,5730
722,258295,1,8,8,264025,5730
723,258655,2,10,10,264385,5730
724,259015,3,13,13,264745,5730
725,259375,4,8,8,265105,5730
742,259735,5,8,8,265465,5730
743,260095,6,0,0,265825,5730
744,260455,7,3,3,266185,5730
745,260815,8,255,0,266545,5730
745,260815,8,255,1,266545,5730
745,260815,8,255,2,266545,5730
745,260815,8,255,3,266545,5730
745,260815,8,255,4,266545,5730
745,260815,8,255,5,266545,5730
745,260815,8,255,6,266545,5730
745,260815,8,255,7,266545,5730
745,260815,8,255,9,266545,5730
745,260815,8,255,10,266545,5730
745,260815,8,255,11,266545,5730
745,260815,8,255,12,266545,5730
745,260815,8,255,13,266545,5730
745,260815,8,255,14,266545,5730
745,260815,8,255,15,266545,5730
761,266575,8,185,-1,,
746,261175,9,12,12,266905,5730
747,261535,10,9,9,267265,5730
748,261895,11,1,1,267625,5730
751,262975,14,8,8,268705,5730
752,263335,15,2,2,269065,5730
737,263695,0,8,8,269425,5730
738,264055,1,3,3,269785,5730
739,264415,2,6,6,270145,5730
740,264775,3,2,2,270505,5730
741,265135,4,255,0,270865,5730
741,265135,4,255,1,270865,5730
741,265135,4,255,2,270865,5730
741,265135,4,255,3,270865,5730
741,265135,4,255,5,270865,5730
741,265135,4,255,6,270865,5730
741,265135,4,255,7,270865,5730
741,265135,4,255,8,270865,5730
741,265135,4,255,9,270865,5730
741,265135,4,255,10,270865,5730
741,265135,4,255,11,270865,5730
741,265135,4,255,12,270865,5730
741,265135,4,255,13,270865,5730
741,265135,4,255,14,270865,5730
741,265135,4,255,15,270865,5730
758,265495,5,8,8,271225,5730
759,265855,6,7,7,271585,5730
760,266215,7,6,6,271945,5730
762,266935,9,255,0,272665,5730
762,266935,9,255,1,272665,5730
762,266935,9,255,2,272665,5730
762,266935,9,255,3,272665,5730
762,266935,9,255,4,272665,5730
762,266935,9,255,5,272665,5730
762,266935,9,255,6,272665,5730
762,266935,9,255,7,272665,5730
762,266935,9,255,8,272665,5730
762,266935,9,255,10,272665,5730
762,266935,9,255,11,272665,5730
762,266935,9,255,12,272665,5730
762,266935,9,255,13,272665,5730
762,266935,9,255,14,272665,5730
762,266935,9,255,15,272665,5730
763,267295,10,3,3,273025,5730
764,267655,11,255,0,273385,5730
764,267655,11,255,1,273385,5730
764,267655,11,255,2,273385,5730
764,267655,11,255,3,273385,5730
764,267655,11,255,4,273385,5730
764,267655,11,255,5,273385,5730
764,267655,11,255,6,273385,5730
764,267655,11,255,7,273385,5730
764,267655,11,255,8,273385,5730
764,267655,11,255,9,273385,5730
764,267655,11,255,10,273385,5730
764,267655,11,255,12,273385,5730
764,267655,11,255,13,273385,5730
764,267655,11,255,14,273385,5730
764,267655,11,255,15,273385,5730
765,268015,12,14,14,273745,5730
766,268375,13,11,11,274105,5730
767,268735,14,15,15,274465,5730
768,269095,15,6,6,274825,5730
753,269455,0,1,1,275185,5730
754,269815,1,6,6,275545,5730
755,270175,2,5,5,275905,5730
756,270535,3,255,0,276265,5730
756,270535,3,255,1,276265,5730
756,270535,3,255,2,276265,5730
756,270535,3,255,4,276265,5730
756,270535,3,255,5,276265,5730
756,270535,3,255,6,276265,5730
756,270535,3,255,7,276265,5730
756,270535,3,255,8,276265,5730
756,270535,3,255,9,276265,5730
756,270535,3,255,10,276265,5730
756,270535,3,255,11,276265,5730
756,270535,3,255,12,276265,5730
756,270535,3,255,13,276265,5730
756,270535,3,255,14,276265,5730
756,270535,3,255,15,276265,5730
757,270895,4,15,15,276625,5730
774,271255,5,255,0,276985,5730
774,271255,5,255,1,276985,5730
774,271255,5,255,2,276985,5730
774,271255,5,255,3,276985,5730
774,271255,5,255,4,276985,5730
774,271255,5,255,6,276985,5730
774,271255,5,255,7,276985,5730
774,271255,5,255,8,276985,5730
774,271255,5,255,9,276985,5730
774,271255,5,255,10,276985,5730
774,271255,5,255,11,276985,5730
774,271255,5,255,12,276985,5730
774,271255,5,255,13,276985,5730
774,271255,5,255,14,276985,5730
774,271255,5,255,15,276985,5730
775,271615,6,2,2,277345,5730
776,271975,7,255,0,277705,5730
776,271975,7,255,1,277705,5730
776,271975,7,255,2,277705,5730
776,271975,7,255,3,277705,5730
776,271975,7,255,4,277705,5730
776,271975,7,255,5,277705,5730
776,271975,7,255,6,277705,5730
776,271975,7,255,8,277705,5730
776,271975,7,255,9,277705,5730
776,271975,7,255,10,277705,5730
776,271975,7,255,11,277705,5730
776,271975,7,255,12,277705,5730
776,271975,7,255,13,277705,5730
776,271975,7,255,14,277705,5730
776,271975,7,255,15,277705,5730
777,272335,8,3,3,278065,5730
778,272695,9,1,1,278425,5730
779,273055,10,11,11,278785,5730
780,273415,11,2,2,279145,5730
781,273775,12,15,15,279505,5730
782,274135,13,4,4,279865,5730
783,274495,14,3,3,280225,5730
784,274855,15,255,0,280585,5730
784,274855,15,255,1,280585,5730
784,274855,15,255,2,280585,5730
784,274855,15,255,3,280585,5730
784,274855,15,255,4,280585,5730
784,274855,15,255,5,280585,5730
784,274855,15,255,6,280585,5730
784,274855,15,255,7,280585,5730
784,274855,15,255,8,280585,5730
784,274855,15,255,9,280585,5730
784,274855,15,255,10,280585,5730
784,274855,15,255,11,280585,5730
784,274855,15,255,12,280585,5730
784,274855,15,255,13,280585,5730
784,274855,15,255,14,280585,5730
769,275215,0,255,1,280945,5730
769,275215,0,255,2,280945,5730
769,275215,0,255,3,280945,5730
769,275215,0,255,4,280945,5730
769,275215,0,255,5,280945,5730
769,275215,0,255,6,280945,5730
769,275215,0,255,7,280945,5730
769,275215,0,255,8,280945,5730
769,275215,0,255,9,280945,5730
769,275215,0,255,10,280945,5730
769,275215,0,255,11,280945,5730
769,275215,0,255,12,280945,5730
769,275215,0,255,13,280945,5730
769,275215,0,255,14,280945,5730
769,275215,0,255,15,280945,5730
770,275575,1,5,5,281305,5730
771,275935,2,6,6,281665,5730
772,276295,3,7,7,282025,5730
773,276655,4,8,8,282385,5730
790,277015,5,4,4,282745,5730
806,282775,5,97,-1,,
791,277375,6,12,12,283105,5730
792,277735,7,4,4,283465,5730
793,278095,8,6,6,283825,5730
794,278455,9,13,13,284185,5730
795,278815,10,14,14,284545,5730
796,279175,11,10,10,284905,5730
797,279535,12,255,0,285265,5730
797,279535,12,255,1,285265,5730
797,279535,12,255,2,285265,5730
797,279535,12,255,3,285265,5730
797,279535,12,255,4,285265,5730
797,279535,12,255,5,285265,5730
797,279535,12,255,6,285265,5730
797,279535,12,255,7,285265,5730
797,279535,12,255,8,285265,5730
797,279535,12,255,9,285265,5730
797,279535,12,255,10,285265,5730
797,279535,12,255,11,285265,5730
797,279535,12,255,13,285265,5730
797,279535,12,255,14,285265,5730
797,279535,12,255,15,285265,5730
798,279895,13,9,9,285625,5730
799,280255,14,15,15,285985,5730
800,280615,15,1,1,286345,5730
785,280975,0,12,12,286705,5730
786,281335,1,0,0,287065,5730
787,281695,2,5,5,287425,5730
788,282055,3,9,9,287785,5730
804,287815,3,204,-1,,
789,282415,4,255,0,288145,5730
789,282415,4,255,1,288145,5730
789,282415,4,255,2,288145,5730
789,282415,4,255,3,288145,5730
789,282415,4,255,5,288145,5730
789,282415,4,255,6,288145,5730
789,282415,4,255,7,288145,5730
789,282415,4,255,8,288145,5730
789,282415,4,255,9,288145,5730
789,282415,4,255,10,288145,5730
789,282415,4,255,11,288145,5730
789,282415,4,255,12,288145,5730
789,282415,4,255,13,288145,5730
789,282415,4,255,14,288145,5730
789,282415,4,255,15,288145,5730
807,283135,6,8,8,288865,5730
808,283495,7,8,8,289225,5730
809,283855,8,14,14,289585,5730
810,284215,9,14,14,289945,5730
811,284575,10,12,12,290305,5730
812,284935,11,12,12,290665,5730
813,285295,12,7,7,291025,5730
814,285655,13,255,0,291385,5730
814,285655,13,255,1,291385,5730
814,285655,13,255,2,291385,5730
814,285655,13,255,3,291385,5730
814,285655,13,255,4,291385,5730
814,285655,13,255,5,291385,5730
814,285655,13,255,6,291385,5730
814,285655,13,255,7,291385,5730
814,285655,13,255,8,291385,5730
814,285655,13,255,9,291385,5730
814,285655,13,255,10,291385,5730
814,285655,13,255,11,291385,5730
814,285655,13,255,12,291385,5730
814,285655,13,255,14,291385,5730
814,285655,13,255,15,291385,5730
815,286015,14,6,6,291745,5730
816,286375,15,4,4,292105,5730
801,286735,0,10,10,292465,5730
802,287095,1,13,13,292825,5730
803,287455,2,14,14,293185,5730
805,288175,4,11,11,293905,5730
822,288535,5,6,6,294265,5730
823,288895,6,255,0,294625,5730
823,288895,6,255,1,294625,5730
823,288895,6,255,2,294625,5730
823,288895,6,255,3,294625,5730
823,288895,6,255,4,294625,5730
823,288895,6,255,5,294625,5730
823,288895,6,255,7,294625,5730
823,288895,6,255,8,294625,5730
823,288895,6,255,9,294625,5730
823,288895,6,255,10,294625,5730
823,288895,6,255,11,294625,5730
823,288895,6,255,12,294625,5730
823,288895,6,255,13,294625,5730
823,288895,6,255,14,294625,5730
823,288895,6,255,15,294625,5730
824,289255,7,15,15,294985,5730
825,289615,8,12,12,295345,5730
826,289975,9,255,0,295705,5730
826,289975,9,255,1,295705,5730
826,289975,9,255,2,295705,5730
826,289975,9,255,3,295705,5730
826,289975,9,255,4,295705,5730
826,289975,9,255,5,295705,5730
826,289975,9,255,6,295705,5730
826,289975,9,255,7,295705,5730
826,289975,9,255,8,295705,5730
826,289975,9,255,10,295705,5730
826,289975,9,255,11,295705,5730
826,289975,9,255,12,295705,5730
826,289975,9,255,13,295705,5730
826,289975,9,255,14,295705,5730
826,289975,9,255,15,295705,5730
827,290335,10,12,12,296065,5730
828,290695,11,6,6,296425,5730
829,291055,12,13,13,296785,5730
830,291415,13,8,8,297145,5730
831,291775,14,12,12,297505,5730
832,292135,15,9,9,297865,5730
817,292495,0,6,6,298225,5730
818,292855,1,3,3,298585,5730
819,293215,2,0,0,298945,5730
820,293575,3,8,8,299305,5730
821,293935,4,5,5,299665,5730
838,294295,5,10,10,300025,5730
839,294655,6,3,3,300385,5730
840,295015,7,4,4,300745,5730
841,295375,8,1,1,301105,5730
857,301135,8,126,-1,,
842,295735,9,8,8,301465,5730
843,296095,10,4,4,301825,5730
844,296455,11,8,8,302185,5730
845,296815,12,7,7,302545,5730
846,297175,13,255,0,302905,5730
846,297175,13,255,1,302905,5730
846,297175,13,255,2,302905,5730
846,297175,13,255,3,302905,5730
846,297175,13,255,4,302905,5730
846,297175,13,255,5,302905,5730
846,297175,13,255,6,302905,5730
846,297175,13,255,7,302905,5730
846,297175,13,255,8,302905,5730
846,297175,13,255,9,302905,5730
846,297175,13,255,10,302905,5730
846,297175,13,255,11,302905,5730
846,297175,13,255,12,302905,5730
846,297175,13,255,14,302905,5730
846,297175,13,255,15,302905,5730
847,297535,14,5,5,303265,5730
848,297895,15,2,2,303625,5730
833,298255,0,5,5,303985,5730
834,298615,1,7,7,304345,5730
835,298975,2,8,8,304705,5730
836,299335,3,15,15,305065,5730
837,299695,4,14,14,305425,5730
854,300055,5,2,2,305785,5730
870,305815,5,172,-1,,
855,300415,6,13,13,306145,5730
856,300775,7,9,9,306505,5730
858,301495,9,11,11,307225,5730
859,301855,10,12,12,307585,5730
860,302215,11,255,0,307945,5730
860,302215,11,255,1,307945,5730
860,302215,11,255,2,307945,5730
860,302215,11,255,3,307945,5730
860,302215,11,255,4,307945,5730
860,302215,11,255,5,307945,5730
860,302215,11,255,6,307945,5730
860,302215,11,255,7,307945,5730
860,302215,11,255,8,307945,5730
860,302215,11,255,9,307945,5730
860,302215,11,255,10,307945,5730
860,302215,11,255,12,307945,5730
860,302215,11,255,13,307945,5730
860,302215,11,255,14,307945,5730
860,302215,11,255,15,307945,5730
861,302575,12,1,1,308305,5730
862,302935,13,3,3,308665,5730
863,303295,14,0,0,309025,5730
879,309055,14,145,-1,,
864,303655,15,14,14,309385,5730
880,309415,15,252,-1,,
849,304015,0,2,2,309745,5730
850,304375,1,5,5,310105,5730
851,304735,2,255,0,310465,5730
851,304735,2,255,1,310465,5730
851,304735,2,255,3,310465,5730
851,304735,2,255,4,310465,5730
851,304735,2,255,5,310465,5730
851,304735,2,255,6,310465,5730
851,304735,2,255,7,310465,5730
851,304735,2,255,8,310465,5730
851,304735,2,255,9,310465,5730
851,304735,2,255,10,310465,5730
851,304735,2,255,11,310465,5730
851,304735,2,255,12,310465,5730
851,304735,2,255,13,310465,5730
851,304735,2,255,14,310465,5730
851,304735,2,255,15,310465,5730
852,305095,3,4,4,310825,5730
853,305455,4,13,13,311185,5730
869,311215,4,173,-1,,
871,306175,6,255,0,311905,5730
871,306175,6,255,1,311905,5730
871,306175,6,255,2,311905,5730
871,306175,6,255,3,311905,5730
871,306175,6,255,4,311905,5730
871,306175,6,255,5,311905,5730
871,306175,6,255,7,311905,5730
871,306175,6,255,8,311905,5730
871,306175,6,255,9,311905,5730
871,306175,6,255,10,311905,5730
871,306175,6,255,11,311905,5730
871,306175,6,255,12,311905,5730
871,306175,6,255,13,311905,5730
871,306175,6,255,14,311905,5730
871,306175,6,255,15,311905,5730
872,306535,7,6,6,312265,5730
873,306895,8,10,10,312625,5730
889,312655,8,107,-1,,
874,307255,9,3,3,312985,5730
875,307615,10,7,7,313345,5730
876,307975,11,4,4,313705,5730
877,308335,12,1,1,314065,5730
878,308695,13,8,8,314425,5730
896,315175,15,137,-1,,
865,309775,0,15,15,315505,5730
866,310135,1,11,11,315865,5730
867,310495,2,8,8,316225,5730
868,310855,3,8,8,316585,5730
886,311575,5,9,9,317305,5730
887,311935,6,11,11,317665,5730
903,317695,6,85,-1,,
888,312295,7,9,9,318025,5730
890,313015,9,1,1,318745,5730
891,313375,10,6,6,319105,5730
892,313735,11,12,12,319465,5730
893,314095,12,2,2,319825,5730
909,319855,12,177,-1,,
894,314455,13,7,7,320185,5730
895,314815,14,255,0,320545,5730
895,314815,14,255,1,320545,5730
895,314815,14,255,2,320545,5730
895,314815,14,255,3,320545,5730
895,314815,14,255,4,320545,5730
895,314815,14,255,5,320545,5730
895,314815,14,255,6,320545,5730
895,314815,14,255,7,320545,5730
895,314815,14,255,8,320545,5730
895,314815,14,255,9,320545,5730
895,314815,14,255,10,320545,5730
895,314815,14,255,11,320545,5730
895,314815,14,255,12,320545,5730
895,314815,14,255,13,320545,5730
895,314815,14,255,15,320545,5730
912,320935,15,248,-1,,
881,315535,0,4,4,321265,5730
882,315895,1,0,0,321625,5730
883,316255,2,1,1,321985,5730
899,322015,2,103,-1,,
884,316615,3,7,7,322345,5730
885,316975,4,5,5,322705,5730
902,317335,5,255,0,323065,5730
902,317335,5,255,1,323065,5730
902,317335,5,255,2,323065,5730
902,317335,5,255,3,323065,5730
902,317335,5,255,4,323065,5730
902,317335,5,255,6,323065,5730
902,317335,5,255,7,323065,5730
902,317335,5,255,8,323065,5730
902,317335,5,255,9,323065,5730
902,317335,5,255,10,323065,5730
902,317335,5,255,11,323065,5730
902,317335,5,255,12,323065,5730
902,317335,5,255,13,323065,5730
902,317335,5,255,14,323065,5730
902,317335,5,255,15,323065,5730
904,318055,7,255,0,323785,5730
904,318055,7,255,1,323785,5730
904,318055,7,255,2,323785,5730
904,318055,7,255,3,323785,5730
904,318055,7,255,4,323785,5730
904,318055,7,255,5,323785,5730
904,318055,7,255,6,323785,5730
904,318055,7,255,8,323785,5730
904,318055,7,255,9,323785,5730
904,318055,7,255,10,323785,5730
904,318055,7,255,11,323785,5730
904,318055,7,255,12,323785,5730
904,318055,7,255,13,323785,5730
904,318055,7,255,14,323785,5730
904,318055,7,255,15,323785,5730
905,318415,8,5,5,324145,5730
906,318775,9,13,13,324505,5730
922,324535,9,227,-1,,
907,319135,10,5,5,324865,5730
908,319495,11,15,15,325225,5730
910,320215,13,8,8,325945,5730
911,320575,14,255,0,326305,5730
911,320575,14,255,1,326305,5730
911,320575,14,255,2,326305,5730
911,320575,14,255,3,326305,5730
911,320575,14,255,4,326305,5730
911,320575,14,255,5,326305,5730
911,320575,14,255,6,326305,5730
911,320575,14,255,7,326305,5730
911,320575,14,255,8,326305,5730
911,320575,14,255,9,326305,5730
911,320575,14,255,10,326305,5730
911,320575,14,255,11,326305,5730
911,320575,14,255,12,326305,5730
911,320575,14,255,13,326305,5730
911,320575,14,255,15,326305,5730
927,326335,14,142,-1,,
897,321295,0,8,8,327025,5730
898,321655,1,0,0,327385,5730
915,327775,2,186,-1,,
900,322375,3,1,1,328105,5730
901,322735,4,0,0,328465,5730
917,328495,4,62,-1,,
918,323095,5,15,15,328825,5730
919,323455,6,12,12,329185,5730
920,323815,7,6,6,329545,5730
921,324175,8,5,5,329905,5730
938,330295,9,97,-1,,
923,324895,10,0,0,330625,5730
924,325255,11,4,4,330985,5730
925,325615,12,11,11,331345,5730
926,325975,13,6,6,331705,5730
943,332095,14,34,-1,,
928,326695,15,7,7,332425,5730
913,327055,0,255,1,332785,5730
913,327055,0,255,2,332785,5730
913,327055,0,255,3,332785,5730
913,327055,0,255,4,332785,5730
913,327055,0,255,5,332785,5730
913,327055,0,255,6,332785,5730
913,327055,0,255,7,332785,5730
913,327055,0,255,8,332785,5730
913,327055,0,255,9,332785,5730
913,327055,0,255,10,332785,5730
913,327055,0,255,11,332785,5730
913,327055,0,255,12,332785,5730
913,327055,0,255,13,332785,5730
913,327055,0,255,14,332785,5730
913,327055,0,255,15,332785,5730
914,327415,1,15,15,333145,5730
916,328135,3,7,7,333865,5730
934,328855,5,8,8,334585,5730
935,329215,6,255,0,334945,5730
935,329215,6,255,1,334945,5730
935,329215,6,255,2,334945,5730
935,329215,6,255,3,334945,5730
935,329215,6,255,4,334945,5730
935,329215,6,255,5,334945,5730
935,329215,6,255,7,334945,5730
935,329215,6,255,8,334945,5730
935,329215,6,255,9,334945,5730
935,329215,6,255,10,334945,5730
935,329215,6,255,11,334945,5730
935,329215,6,255,12,334945,5730
935,329215,6,255,13,334945,5730
935,329215,6,255,14,334945,5730
935,329215,6,255,15,334945,5730
936,329575,7,5,5,335305,5730
937,329935,8,2,2,335665,5730
939,330655,10,13,13,336385,5730
940,331015,11,6,6,336745,5730
941,331375,12,4,4,337105,5730
942,331735,13,4,4,337465,5730
944,332455,15,13,13,338185,5730
929,332815,0,7,7,338545,5730
930,333175,1,15,15,338905,5730
931,333535,2,12,12,339265,5730
932,333895,3,0,0,339625,5730
933,334255,4,5,5,339985,5730
950,334615,5,14,14,340345,5730
951,334975,6,3,3,340705,5730
952,335335,7,5,5,341065,5730
953,335695,8,3,3,341425,5730
954,336055,9,7,7,341785,5730
955,336415,10,14,14,342145,5730
956,336775,11,6,6,342505,5730
957,337135,12,11,11,342865,5730
958,337495,13,7,7,343225,5730
959,337855,14,2,2,343585,5730
960,338215,15,1,1,343945,5730
945,338575,0,7,7,344305,5730
961,344335,0,226,-1,,
946,338935,1,12,12,344665,5730
947,339295,2,9,9,345025,5730
948,339655,3,255,0,345385,5730
948,339655,3,255,1,345385,5730
948,339655,3,255,2,345385,5730
948,339655,3,255,4,345385,5730
948,339655,3,255,5,345385,5730
948,339655,3,255,6,345385,5730
948,339655,3,255,7,345385,5730
948,339655,3,255,8,345385,5730
948,339655,3,255,9,345385,5730
948,339655,3,255,10,345385,5730
948,339655,3,255,11,345385,5730
948,339655,3,255,12,345385,5730
948,339655,3,255,13,345385,5730
948,339655,3,255,14,345385,5730
948,339655,3,255,15,345385,5730
949,340015,4,8,8,345745,5730
966,340375,5,2,2,346105,5730
967,340735,6,4,4,346465,5730
968,341095,7,255,0,346825,5730
968,341095,7,255,1,346825,5730
968,341095,7,255,2,346825,5730
968,341095,7,255,3,346825,5730
968,341095,7,255,4,346825,5730
968,341095,7,255,5,346825,5730
968,341095,7,255,6,346825,5730
968,341095,7,255,8,346825,5730
968,341095,7,255,9,346825,5730
968,341095,7,255,10,346825,5730
968,341095,7,255,11,346825,5730
968,341095,7,255,12,346825,5730
968,341095,7,255,13,346825,5730
968,341095,7,255,14,346825,5730
968,341095,7,255,15,346825,5730
984,346855,7,224,-1,,
969,341455,8,10,10,347185,5730
970,341815,9,255,0,347545,5730
970,341815,9,255,1,347545,5730
970,341815,9,255,2,347545,5730
970,341815,9,255,3,347545,5730
970,341815,9,255,4,347545,5730
970,341815,9,255,5,347545,5730
970,341815,9,255,6,347545,5730
970,341815,9,255,7,347545,5730
970,341815,9,255,8,347545,5730
970,341815,9,255,10,347545,5730
970,341815,9,255,11,347545,5730
970,341815,9,255,12,347545,5730
970,341815,9,255,13,347545,5730
970,341815,9,255,14,347545,5730
970,341815,9,255,15,347545,5730
971,342175,10,4,4,347905,5730
972,342535,11,1,1,348265,5730
973,342895,12,10,10,348625,5730
974,343255,13,6,6,348985,5730
975,343615,14,2,2,349345,5730
976,343975,15,255,0,349705,5730
976,343975,15,255,1,349705,5730
976,343975,15,255,2,349705,5730
976,343975,15,255,3,349705,5730
976,343975,15,255,4,349705,5730
976,343975,15,255,5,349705,5730
976,343975,15,255,6,349705,5730
976,343975,15,255,7,349705,5730
976,343975,15,255,8,349705,5730
976,343975,15,255,9,349705,5730
976,343975,15,255,10,349705,5730
976,343975,15,255,11,349705,5730
976,343975,15,255,12,349705,5730
976,343975,15,255,13,349705,5730
976,343975,15,255,14,349705,5730
962,344695,1,15,15,350425,5730
963,345055,2,15,15,350785,5730
964,345415,3,11,11,351145,5730
965,345775,4,6,6,351505,5730
982,346135,5,14,14,351865,5730
983,346495,6,11,11,352225,5730
1000,352615,7,238,-1,,
985,347215,8,13,13,352945,5730
986,347575,9,13,13,353305,5730
987,347935,10,3,3,353665,5730
988,348295,11,14,14,354025,5730
989,348655,12,13,13,354385,5730
990,349015,13,1,1,354745,5730
991,349375,14,2,2,355105,5730
992,349735,15,3,3,355465,5730
977,350095,0,15,15,355825,5730
978,350455,1,2,2,356185,5730
979,350815,2,4,4,356545,5730
980,351175,3,6,6,356905,5730
981,351535,4,13,13,357265,5730
998,351895,5,7,7,357625,5730
999,352255,6,14,14,357985,5730
1001,352975,8,11,11,358705,5730
1002,353335,9,255,0,359065,5730
1002,353335,9,255,1,359065,5730
1002,353335,9,255,2,359065,5730
1002,353335,9,255,3,359065,5730
1002,353335,9,255,4,359065,5730
1002,353335,9,255,5,359065,5730
1002,353335,9,255,6,359065,5730
1002,353335,9,255,7,359065,5730
1002,353335,9,255,8,359065,5730
1002,353335,9,255,10,359065,5730
1002,353335,9,255,11,359065,5730
1002,353335,9,255,12,359065,5730
1002,353335,9,255,13,359065,5730
1002,353335,9,255,14,359065,5730
1002,353335,9,255,15,359065,5730
1018,359095,9,144,-1,,
1003,353695,10,255,0,359425,5730
1003,353695,10,255,1,359425,5730
1003,353695,10,255,2,359425,5730
1003,353695,10,255,3,359425,5730
1003,353695,10,255,4,359425,5730
1003,353695,10,255,5,359425,5730
1003,353695,10,255,6,359425,5730
1003,353695,10,255,7,359425,5730
1003,353695,10,255,8,359425,5730
1003,353695,10,255,9,359425,5730
1003,353695,10,255,11,359425,5730
1003,353695,10,255,12,359425,5730
1003,353695,10,255,13,359425,5730
1003,353695,10,255,14,359425,5730
1003,353695,10,255,15,359425,5730
1004,354055,11,2,2,359785,5730
1020,359815,11,172,-1,,
1005,354415,12,6,6,360145,5730
1006,354775,13,5,5,360505,5730
1007,355135,14,13,13,360865,5730
1008,355495,15,0,0,361225,5730
993,355855,0,8,8,361585,5730
994,356215,1,255,0,361945,5730
994,356215,1,255,2,361945,5730
994,356215,1,255,3,361945,5730
994,356215,1,255,4,361945,5730
994,356215,1,255,5,361945,5730
994,356215,1,255,6,361945,5730
994,356215,1,255,7,361945,5730
994,356215,1,255,8,361945,5730
994,356215,1,255,9,361945,5730
994,356215,1,255,10,361945,5730
994,356215,1,255,11,361945,5730
994,356215,1,255,12,361945,5730
994,356215,1,255,13,361945,5730
994,356215,1,255,14,361945,5730
994,356215,1,255,15,361945,5730
995,356575,2,12,12,362305,5730
1011,362335,2,211,-1,,
996,356935,3,9,9,362665,5730
997,357295,4,0,0,363025,5730
1014,357655,5,10,10,363385,5730
1015,358015,6,2,2,363745,5730
1016,358375,7,8,8,364105,5730
1017,358735,8,12,12,364465,5730
1019,359455,10,255,0,365185,5730
1019,359455,10,255,1,365185,5730
1019,359455,10,255,2,365185,5730
1019,359455,10,255,3,365185,5730
1019,359455,10,255,4,365185,5730
1019,359455,10,255,5,365185,5730
1019,359455,10,255,6,365185,5730
1019,359455,10,255,7,365185,5730
1019,359455,10,255,8,365185,5730
1019,359455,10,255,9,365185,5730
1019,359455,10,255,11,365185,5730
1019,359455,10,255,12,365185,5730
1019,359455,10,255,13,365185,5730
1019,359455,10,255,14,365185,5730
1019,359455,10,255,15,365185,5730
1035,365215,10,116,-1,,
1021,360175,12,5,5,365905,5730
1022,360535,13,15,15,366265,5730
1038,366295,13,230,-1,,
1023,360895,14,10,10,366625,5730
1024,361255,15,11,11,366985,5730
1040,367015,15,103,-1,,
1009,361615,0,6,6,367345,5730
1010,361975,1,255,0,367705,5730
1010,361975,1,255,2,367705,5730
1010,361975,1,255,3,367705,5730
1010,361975,1,255,4,367705,5730
1010,361975,1,255,5,367705,5730
1010,361975,1,255,6,367705,5730
1010,361975,1,255,7,367705,5730
1010,361975,1,255,8,367705,5730
1010,361975,1,255,9,367705,5730
1010,361975,1,255,10,367705,5730
1010,361975,1,255,11,367705,5730
1010,361975,1,255,12,367705,5730
1010,361975,1,255,13,367705,5730
1010,361975,1,255,14,367705,5730
1010,361975,1,255,15,367705,5730
1012,362695,3,12,12,368425,5730
1028,368455,3,231,-1,,
1013,363055,4,3,3,368785,5730
1030,363415,5,15,15,369145,5730
1031,363775,6,5,5,369505,5730
1047,369535,6,30,-1,,
1032,364135,7,5,5,369865,5730
1033,364495,8,13,13,370225,5730
1034,364855,9,15,15,370585,5730
1036,365575,11,10,10,371305,5730
1037,365935,12,14,14,371665,5730
1039,366655,14,4,4,372385,5730
1025,367375,0,6,6,373105,5730
1026,367735,1,15,15,373465,5730
1027,368095,2,255,0,373825,5730
1027,368095,2,255,1,373825,5730
1027,368095,2,255,3,373825,5730
1027,368095,2,255,4,373825,5730
1027,368095,2,255,5,373825,5730
1027,368095,2,255,6,373825,5730
1027,368095,2,255,7,373825,5730
1027,368095,2,255,8,373825,5730
1027,368095,2,255,9,373825,5730
1027,368095,2,255,10,373825,5730
1027,368095,2,255,11,373825,5730
1027,368095,2,255,12,373825,5730
1027,368095,2,255,13,373825,5730
1027,368095,2,255,14,373825,5730
1027,368095,2,255,15,373825,5730
1029,368815,4,9,9,374545,5730
1046,369175,5,255,0,374905,5730
1046,369175,5,255,1,374905,5730
1046,369175,5,255,2,374905,5730
1046,369175,5,255,3,374905,5730
1046,369175,5,255,4,374905,5730
1046,369175,5,255,6,374905,5730
1046,369175,5,255,7,374905,5730
1046,369175,5,255,8,374905,5730
1046,369175,5,255,9,374905,5730
1046,369175,5,255,10,374905,5730
1046,369175,5,255,11,374905,5730
1046,369175,5,255,12,374905,5730
1046,369175,5,255,13,374905,5730
1046,369175,5,255,14,374905,5730
1046,369175,5,255,15,374905,5730
1062,374935,5,145,-1,,
1048,369895,7,3,3,375625,5730
1049,370255,8,6,6,375985,5730
1050,370615,9,13,13,376345,5730
1066,376375,9,30,-1,,
1051,370975,10,3,3,376705,5730
1052,371335,11,13,13,377065,5730
1053,371695,12,2,2,377425,5730
1054,372055,13,5,5,377785,5730
1055,372415,14,6,6,378145,5730
1056,372775,15,10,10,378505,5730
1041,373135,0,14,14,378865,5730
1042,373495,1,13,13,379225,5730
1043,373855,2,3,3,379585,5730
1044,374215,3,12,12,379945,5730
1045,374575,4,255,0,380305,5730
1045,374575,4,255,1,380305,5730
1045,374575,4,255,2,380305,5730
1045,374575,4,255,3,380305,5730
1045,374575,4,255,5,380305,5730
1045,374575,4,255,6,380305,5730
1045,374575,4,255,7,380305,5730
1045,374575,4,255,8,380305,5730
1045,374575,4,255,9,380305,5730
1045,374575,4,255,10,380305,5730
1045,374575,4,255,11,380305,5730
1045,374575,4,255,12,380305,5730
1045,374575,4,255,13,380305,5730
1045,374575,4,255,14,380305,5730
1045,374575,4,255,15,380305,5730
1063,375295,6,8,8,381025,5730
1064,375655,7,13,13,381385,5730
1065,376015,8,0,0,381745,5730
1067,376735,10,3,3,382465,5730
1068,377095,11,10,10,382825,5730
1069,377455,12,255,0,383185,5730
1069,377455,12,255,1,383185,5730
1069,377455,12,255,2,383185,5730
1069,377455,12,255,3,383185,5730
1069,377455,12,255,4,383185,5730
1069,377455,12,255,5,383185,5730
1069,377455,12,255,6,383185,5730
1069,377455,12,255,7,383185,5730
1069,377455,12,255,8,383185,5730
1069,377455,12,255,9,383185,5730
1069,377455,12,255,10,383185,5730
1069,377455,12,255,11,383185,5730
1069,377455,12,255,13,383185,5730
1069,377455,12,255,14,383185,5730
1069,377455,12,255,15,383185,5730
1070,377815,13,9,9,383545,5730
1071,378175,14,255,0,383905,5730
1071,378175,14,255,1,383905,5730
1071,378175,14,255,2,383905,5730
1071,378175,14,255,3,383905,5730
1071,378175,14,255,4,383905,5730
1071,378175,14,255,5,383905,5730
1071,378175,14,255,6,383905,5730
1071,378175,14,255,7,383905,5730
1071,378175,14,255,8,383905,5730
1071,378175,14,255,9,383905,5730
1071,378175,14,255,10,383905,5730
1071,378175,14,255,11,383905,5730
1071,378175,14,255,12,383905,5730
1071,378175,14,255,13,383905,5730
1071,378175,14,255,15,383905,5730
1087,383935,14,163,-1,,
1072,378535,15,7,7,384265,5730
1088,384295,15,60,-1,,
1057,378895,0,9,9,384625,5730
1058,379255,1,14,14,384985,5730
1059,379615,2,5,5,385345,5730
1060,379975,3,12,12,385705,5730
1076,385735,3,119,-1,,
1061,380335,4,13,13,386065,5730
1077,386095,4,66,-1,,
1078,380695,5,9,9,386425,5730
1079,381055,6,2,2,386785,5730
1080,381415,7,12,12,387145,5730
1081,381775,8,255,0,387505,5730
1081,381775,8,255,1,387505,5730
1081,381775,8,255,2,387505,5730
1081,381775,8,255,3,387505,5730
1081,381775,8,255,4,387505,5730
1081,381775,8,255,5,387505,5730
1081,381775,8,255,6,387505,5730
1081,381775,8,255,7,387505,5730
1081,381775,8,255,9,387505,5730
1081,381775,8,255,10,387505,5730
1081,381775,8,255,11,387505,5730
1081,381775,8,255,12,387505,5730
1081,381775,8,255,13,387505,5730
1081,381775,8,255,14,387505,5730
1081,381775,8,255,15,387505,5730
1082,382135,9,12,12,387865,5730
1083,382495,10,255,0,388225,5730
1083,382495,10,255,1,388225,5730
1083,382495,10,255,2,388225,5730
1083,382495,10,255,3,388225,5730
1083,382495,10,255,4,388225,5730
1083,382495,10,255,5,388225,5730
1083,382495,10,255,6,388225,5730
1083,382495,10,255,7,388225,5730
1083,382495,10,255,8,388225,5730
1083,382495,10,255,9,388225,5730
1083,382495,10,255,11,388225,5730
1083,382495,10,255,12,388225,5730
1083,382495,10,255,13,388225,5730
1083,382495,10,255,14,388225,5730
1083,382495,10,255,15,388225,5730
1084,382855,11,1,1,388585,5730
1085,383215,12,2,2,388945,5730
1086,383575,13,8,8,389305,5730
1073,384655,0,9,9,390385,5730
1074,385015,1,7,7,390745,5730
1090,390775,1,37,-1,,
1075,385375,2,0,0,391105,5730
1094,386455,5,255,0,392185,5730
1094,386455,5,255,1,392185,5730
1094,386455,5,255,2,392185,5730
1094,386455,5,255,3,392185,5730
1094,386455,5,255,4,392185,5730
1094,386455,5,255,6,392185,5730
1094,386455,5,255,7,392185,5730
1094,386455,5,255,8,392185,5730
1094,386455,5,255,9,392185,5730
1094,386455,5,255,10,392185,5730
1094,386455,5,255,11,392185,5730
1094,386455,5,255,12,392185,5730
1094,386455,5,255,13,392185,5730
1094,386455,5,255,14,392185,5730
1094,386455,5,255,15,392185,5730
1095,386815,6,13,13,392545,5730
1096,387175,7,12,12,392905,5730
1097,387535,8,13,13,393265,5730
1098,387895,9,15,15,393625,5730
1099,388255,10,255,0,393985,5730
1099,388255,10,255,1,393985,5730
1099,388255,10,255,2,393985,5730
1099,388255,10,255,3,393985,5730
1099,388255,10,255,4,393985,5730
1099,388255,10,255,5,393985,5730
1099,388255,10,255,6,393985,5730
1099,388255,10,255,7,393985,5730
1099,388255,10,255,8,393985,5730
1099,388255,10,255,9,393985,5730
1099,388255,10,255,11,393985,5730
1099,388255,10,255,12,393985,5730
1099,388255,10,255,13,393985,5730
1099,388255,10,255,14,393985,5730
1099,388255,10,255,15,393985,5730
1100,388615,11,4,4,394345,5730
1101,388975,12,3,3,394705,5730
1102,389335,13,255,0,395065,5730
1102,389335,13,255,1,395065,5730
1102,389335,13,255,2,395065,5730
1102,389335,13,255,3,395065,5730
1102,389335,13,255,4,395065,5730
1102,389335,13,255,5,395065,5730
1102,389335,13,255,6,395065,5730
1102,389335,13,255,7,395065,5730
1102,389335,13,255,8,395065,5730
1102,389335,13,255,9,395065,5730
1102,389335,13,255,10,395065,5730
1102,389335,13,255,11,395065,5730
1102,389335,13,255,12,395065,5730
1102,389335,13,255,14,395065,5730
1102,389335,13,255,15,395065,5730
1103,389695,14,255,0,395425,5730
1103,389695,14,255,1,395425,5730
1103,389695,14,255,2,395425,5730
1103,389695,14,255,3,395425,5730
1103,389695,14,255,4,395425,5730
1103,389695,14,255,5,395425,5730
1103,389695,14,255,6,395425,5730
1103,389695,14,255,7,395425,5730
1103,389695,14,255,8,395425,5730
1103,389695,14,255,9,395425,5730
1103,389695,14,255,10,395425,5730
1103,389695,14,255,11,395425,5730
1103,389695,14,255,12,395425,5730
1103,389695,14,255,13,395425,5730
1103,389695,14,255,15,395425,5730
1104,390055,15,0,0,395785,5730
1089,390415,0,9,9,396145,5730
1091,391135,2,3,3,396865,5730
1092,391495,3,5,5,397225,5730
1093,391855,4,8,8,397585,5730
1110,392215,5,14,14,397945,5730
1111,392575,6,13,13,398305,5730
1112,392935,7,8,8,398665,5730
1113,393295,8,3,3,399025,5730
1114,393655,9,13,13,399385,5730
1115,394015,10,255,0,399745,5730
1115,394015,10,255,1,399745,5730
1115,394015,10,255,2,399745,5730
1115,394015,10,255,3,399745,5730
1115,394015,10,255,4,399745,5730
1115,394015,10,255,5,399745,5730
1115,394015,10,255,6,399745,5730
1115,394015,10,255,7,399745,5730
1115,394015,10,255,8,399745,5730
1115,394015,10,255,9,399745,5730
1115,394015,10,255,11,399745,5730
1115,394015,10,255,12,399745,5730
1115,394015,10,255,13,399745,5730
1115,394015,10,255,14,399745,5730
1115,394015,10,255,15,399745,5730
1116,394375,11,3,3,400105,5730
1117,394735,12,5,5,400465,5730
1118,395095,13,1,1,400825,5730
1119,395455,14,7,7,401185,5730
1120,395815,15,1,1,401545,5730
1105,396175,0,255,1,401905,5730
1105,396175,0,255,2,401905,5730
1105,396175,0,255,3,401905,5730
1105,396175,0,255,4,401905,5730
1105,396175,0,255,5,401905,5730
1105,396175,0,255,6,401905,5730
1105,396175,0,255,7,401905,5730
1105,396175,0,255,8,401905,5730
1105,396175,0,255,9,401905,5730
1105,396175,0,255,10,401905,5730
1105,396175,0,255,11,401905,5730
1105,396175,0,255,12,401905,5730
1105,396175,0,255,13,401905,5730
1105,396175,0,255,14,401905,5730
1105,396175,0,255,15,401905,5730
1121,401935,0,224,-1,,
1106,396535,1,0,0,402265,5730
1107,396895,2,11,11,402625,5730
1108,397255,3,2,2,402985,5730
1124,403015,3,29,-1,,
1109,397615,4,255,0,403345,5730
1109,397615,4,255,1,403345,5730
1109,397615,4,255,2,403345,5730
1109,397615,4,255,3,403345,5730
1109,397615,4,255,5,403345,5730
1109,397615,4,255,6,403345,5730
1109,397615,4,255,7,403345,5730
1109,397615,4,255,8,403345,5730
1109,397615,4,255,9,403345,5730
1109,397615,4,255,10,403345,5730
1109,397615,4,255,11,403345,5730
1109,397615,4,255,12,403345,5730
1109,397615,4,255,13,403345,5730
1109,397615,4,255,14,403345,5730
1109,397615,4,255,15,403345,5730
1126,397975,5,15,15,403705,5730
1127,398335,6,7,7,404065,5730
1128,398695,7,13,13,404425,5730
1129,399055,8,2,2,404785,5730
1130,399415,9,6,6,405145,5730
1146,405175,9,72,-1,,
1131,399775,10,1,1,405505,5730
1132,400135,11,1,1,405865,5730
1133,400495,12,15,15,406225,5730
1134,400855,13,14,14,406585,5730
1150,406615,13,95,-1,,
1135,401215,14,8,8,406945,5730
1136,401575,15,6,6,407305,5730
1137,407695,0,184,-1,,
1122,402295,1,15,15,408025,5730
1123,402655,2,10,10,408385,5730
1125,403375,4,1,1,409105,5730
1142,403735,5,1,1,409465,5730
1143,404095,6,3,3,409825,5730
1144,404455,7,11,11,410185,5730
1145,404815,8,11,11,410545,5730
1147,405535,10,4,4,411265,5730
1148,405895,11,9,9,411625,5730
1164,411655,11,132,-1,,
1149,406255,12,1,1,411985,5730
1151,406975,14,12,12,412705,5730
1152,407335,15,4,4,413065,5730
1138,408055,1,8,8,413785,5730
1139,408415,2,11,11,414145,5730
1140,408775,3,15,15,414505,5730
1141,409135,4,6,6,414865,5730
1158,409495,5,0,0,415225,5730
1159,409855,6,14,14,415585,5730
1160,410215,7,5,5,415945,5730
1161,410575,8,6,6,416305,5730
1162,410935,9,14,14,416665,5730
1163,411295,10,11,11,417025,5730
1180,417415,11,175,-1,,
1165,412015,12,15,15,417745,5730
1166,412375,13,2,2,418105,5730
1167,412735,14,9,9,418465,5730
1168,413095,15,5,5,418825,5730
1153,413455,0,15,15,419185,5730
1154,413815,1,0,0,419545,5730
1155,414175,2,7,7,419905,5730
1171,419935,2,165,-1,,
1156,414535,3,9,9,420265,5730
1157,414895,4,14,14,420625,5730
1174,415255,5,11,11,420985,5730
1175,415615,6,3,3,421345,5730
1176,415975,7,255,0,421705,5730
1176,415975,7,255,1,421705,5730
1176,415975,7,255,2,421705,5730
1176,415975,7,255,3,421705,5730
1176,415975,7,255,4,421705,5730
1176,415975,7,255,5,421705,5730
1176,415975,7,255,6,421705,5730
1176,415975,7,255,8,421705,5730
1176,415975,7,255,9,421705,5730
1176,415975,7,255,10,421705,5730
1176,415975,7,255,11,421705,5730
1176,415975,7,255,12,421705,5730
1176,415975,7,255,13,421705,5730
1176,415975,7,255,14,421705,5730
1176,415975,7,255,15,421705,5730
1177,416335,8,12,12,422065,5730
1178,416695,9,12,12,422425,5730
1179,417055,10,5,5,422785,5730
1196,423175,11,144,-1,,
1181,417775,12,13,13,423505,5730
1197,423535,12,172,-1,,
1182,418135,13,0,0,423865,5730
1183,418495,14,15,15,424225,5730
1184,418855,15,10,10,424585,5730
1169,419215,0,8,8,424945,5730
1170,419575,1,6,6,425305,5730
1172,420295,3,6,6,426025,5730
1173,420655,4,2,2,426385,5730
1190,421015,5,6,6,426745,5730
1191,421375,6,5,5,427105,5730
1192,421735,7,13,13,427465,5730
1193,422095,8,3,3,427825,5730
1194,422455,9,11,11,428185,5730
1195,422815,10,2,2,428545,5730
1198,423895,13,8,8,429625,5730
1199,424255,14,0,0,429985,5730
1200,424615,15,2,2,430345,5730
1185,424975,0,10,10,430705,5730
1186,425335,1,4,4,431065,5730
1187,425695,2,10,10,431425,5730
1188,426055,3,6,6,431785,5730
1189,426415,4,8,8,432145,5730
1206,426775,5,11,11,432505,5730
1207,427135,6,13,13,432865,5730
1208,427495,7,5,5,433225,5730
1209,427855,8,255,0,433585,5730
1209,427855,8,255,1,433585,5730
1209,427855,8,255,2,433585,5730
1209,427855,8,255,3,433585,5730
1209,427855,8,255,4,433585,5730
1209,427855,8,255,5,433585,5730
1209,427855,8,255,6,433585,5730
1209,427855,8,255,7,433585,5730
1209,427855,8,255,9,433585,5730
1209,427855,8,255,10,433585,5730
1209,427855,8,255,11,433585,5730
1209,427855,8,255,12,433585,5730
1209,427855,8,255,13,433585,5730
1209,427855,8,255,14,433585,5730
1209,427855,8,255,15,433585,5730
1210,428215,9,10,10,433945,5730
1211,428575,10,15,15,434305,5730
1212,428935,11,255,0,434665,5730
1212,428935,11,255,1,434665,5730
1212,428935,11,255,2,434665,5730
1212,428935,11,255,3,434665,5730
1212,428935,11,255,4,434665,5730
1212,428935,11,255,5,434665,5730
1212,428935,11,255,6,434665,5730
1212,428935,11,255,7,434665,5730
1212,428935,11,255,8,434665,5730
1212,428935,11,255,9,434665,5730
1212,428935,11,255,10,434665,5730
1212,428935,11,255,12,434665,5730
1212,428935,11,255,13,434665,5730
1212,428935,11,255,14,434665,5730
1212,428935,11,255,15,434665,5730
1213,429295,12,0,0,435025,5730
1214,429655,13,10,10,435385,5730
1215,430015,14,1,1,435745,5730
1216,430375,15,4,4,436105,5730
1201,430735,0,11,11,436465,5730
1202,431095,1,0,0,436825,5730
1203,431455,2,12,12,437185,5730
1204,431815,3,6,6,437545,5730
1205,432175,4,12,12,437905,5730
1222,432535,5,7,7,438265,5730
1223,432895,6,8,8,438625,5730
1239,438655,6,208,-1,,
1224,433255,7,8,8,438985,5730
1225,433615,8,5,5,439345,5730
1241,439375,8,192,-1,,
1226,433975,9,4,4,439705,5730
1227,434335,10,14,14,440065,5730
1228,434695,11,9,9,440425,5730
1229,435055,12,255,0,440785,5730
1229,435055,12,255,1,440785,5730
1229,435055,12,255,2,440785,5730
1229,435055,12,255,3,440785,5730
1229,435055,12,255,4,440785,5730
1229,435055,12,255,5,440785,5730
1229,435055,12,255,6,440785,5730
1229,435055,12,255,7,440785,5730
1229,435055,12,255,8,440785,5730
1229,435055,12,255,9,440785,5730
1229,435055,12,255,10,440785,5730
1229,435055,12,255,11,440785,5730
1229,435055,12,255,13,440785,5730
1229,435055,12,255,14,440785,5730
1229,435055,12,255,15,440785,5730
1245,440815,12,97,-1,,
1230,435415,13,255,0,441145,5730
1230,435415,13,255,1,441145,5730
1230,435415,13,255,2,441145,5730
1230,435415,13,255,3,441145,5730
1230,435415,13,255,4,441145,5730
1230,435415,13,255,5,441145,5730
1230,435415,13,255,6,441145,5730
1230,435415,13,255,7,441145,5730
1230,435415,13,255,8,441145,5730
1230,435415,13,255,9,441145,5730
1230,435415,13,255,10,441145,5730
1230,435415,13,255,11,441145,5730
1230,435415,13,255,12,441145,5730
1230,435415,13,255,14,441145,5730
1230,435415,13,255,15,441145,5730
1231,435775,14,13,13,441505,5730
1232,436135,15,1,1,441865,5730
1217,436495,0,255,1,442225,5730
1217,436495,0,255,2,442225,5730
1217,436495,0,255,3,442225,5730
1217,436495,0,255,4,442225,5730
1217,436495,0,255,5,442225,5730
1217,436495,0,255,6,442225,5730
1217,436495,0,255,7,442225,5730
1217,436495,0,255,8,442225,5730
1217,436495,0,255,9,442225,5730
1217,436495,0,255,10,442225,5730
1217,436495,0,255,11,442225,5730
1217,436495,0,255,12,442225,5730
1217,436495,0,255,13,442225,5730
1217,436495,0,255,14,442225,5730
1217,436495,0,255,15,442225,5730
1233,442255,0,130,-1,,
1218,436855,1,3,3,442585,5730
1234,442615,1,175,-1,,
1219,437215,2,12,12,442945,5730
1220,437575,3,255,0,443305,5730
1220,437575,3,255,1,443305,5730
1220,437575,3,255,2,443305,5730
1220,437575,3,255,4,443305,5730
1220,437575,3,255,5,443305,5730
1220,437575,3,255,6,443305,5730
1220,437575,3,255,7,443305,5730
1220,437575,3,255,8,443305,5730
1220,437575,3,255,9,443305,5730
1220,437575,3,255,10,443305,5730
1220,437575,3,255,11,443305,5730
1220,437575,3,255,12,443305,5730
1220,437575,3,255,13,443305,5730
1220,437575,3,255,14,443305,5730
1220,437575,3,255,15,443305,5730
1221,437935,4,6,6,443665,5730
1238,438295,5,1,1,444025,5730
1240,439015,7,3,3,444745,5730
1242,439735,9,13,13,445465,5730
1243,440095,10,11,11,445825,5730
1244,440455,11,0,0,446185,5730
1246,441175,13,10,10,446905,5730
1247,441535,14,2,2,447265,5730
1248,441895,15,10,10,447625,5730
1235,442975,2,0,0,448705,5730
1236,443335,3,15,15,449065,5730
1237,443695,4,7,7,449425,5730
1254,444055,5,255,0,449785,5730
1254,444055,5,255,1,449785,5730
1254,444055,5,255,2,449785,5730
1254,444055,5,255,3,449785,5730
1254,444055,5,255,4,449785,5730
1254,444055,5,255,6,449785,5730
1254,444055,5,255,7,449785,5730
1254,444055,5,255,8,449785,5730
1254,444055,5,255,9,449785,5730
1254,444055,5,255,10,449785,5730
1254,444055,5,255,11,449785,5730
1254,444055,5,255,12,449785,5730
1254,444055,5,255,13,449785,5730
1254,444055,5,255,14,449785,5730
1254,444055,5,255,15,449785,5730
1255,444415,6,5,5,450145,5730
1256,444775,7,255,0,450505,5730
1256,444775,7,255,1,450505,5730
1256,444775,7,255,2,450505,5730
1256,444775,7,255,3,450505,5730
1256,444775,7,255,4,450505,5730
1256,444775,7,255,5,450505,5730
1256,444775,7,255,6,450505,5730
1256,444775,7,255,8,450505,5730
1256,444775,7,255,9,450505,5730
1256,444775,7,255,10,450505,5730
1256,444775,7,255,11,450505,5730
1256,444775,7,255,12,450505,5730
1256,444775,7,255,13,450505,5730
1256,444775,7,255,14,450505,5730
1256,444775,7,255,15,450505,5730
1257,445135,8,7,7,450865,5730
1258,445495,9,12,12,451225,5730
1259,445855,10,5,5,451585,5730
1260,446215,11,8,8,451945,5730
1276,451975,11,39,-1,,
1261,446575,12,255,0,452305,5730
1261,446575,12,255,1,452305,5730
1261,446575,12,255,2,452305,5730
1261,446575,12,255,3,452305,5730
1261,446575,12,255,4,452305,5730
1261,446575,12,255,5,452305,5730
1261,446575,12,255,6,452305,5730
1261,446575,12,255,7,452305,5730
1261,446575,12,255,8,452305,5730
1261,446575,12,255,9,452305,5730
1261,446575,12,255,10,452305,5730
1261,446575,12,255,11,452305,5730
1261,446575,12,255,13,452305,5730
1261,446575,12,255,14,452305,5730
1261,446575,12,255,15,452305,5730
1262,446935,13,1,1,452665,5730
1263,447295,14,255,0,453025,5730
1263,447295,14,255,1,453025,5730
1263,447295,14,255,2,453025,5730
1263,447295,14,255,3,453025,5730
1263,447295,14,255,4,453025,5730
1263,447295,14,255,5,453025,5730
1263,447295,14,255,6,453025,5730
1263,447295,14,255,7,453025,5730
1263,447295,14,255,8,453025,5730
1263,447295,14,255,9,453025,5730
1263,447295,14,255,10,453025,5730
1263,447295,14,255,11,453025,5730
1263,447295,14,255,12,453025,5730
1263,447295,14,255,13,453025,5730
1263,447295,14,255,15,453025,5730
1264,447655,15,1,1,453385,5730
1249,448015,0,11,11,453745,5730
1250,448375,1,7,7,454105,5730
1251,448735,2,11,11,454465,5730
1252,449095,3,7,7,454825,5730
1253,449455,4,9,9,455185,5730
1269,455215,4,231,-1,,
1270,449815,5,2,2,455545,5730
1271,450175,6,4,4,455905,5730
1272,450535,7,12,12,456265,5730
1273,450895,8,1,1,456625,5730
1274,451255,9,1,1,456985,5730
1275,451615,10,3,3,457345,5730
1291,457375,10,46,-1,,
1277,452335,12,9,9,458065,5730
1278,452695,13,7,7,458425,5730
1279,453055,14,15,15,458785,5730
1280,453415,15,1,1,459145,5730
1265,453775,0,5,5,459505,5730
1266,454135,1,3,3,459865,5730
1267,454495,2,12,12,460225,5730
1268,454855,3,9,9,460585,5730
1286,455575,5,11,11,461305,5730
1287,455935,6,8,8,461665,5730
1288,456295,7,9,9,462025,5730
1289,456655,8,255,0,462385,5730
1289,456655,8,255,1,462385,5730
1289,456655,8,255,2,462385,5730
1289,456655,8,255,3,462385,5730
1289,456655,8,255,4,462385,5730
1289,456655,8,255,5,462385,5730
1289,456655,8,255,6,462385,5730
1289,456655,8,255,7,462385,5730
1289,456655,8,255,9,462385,5730
1289,456655,8,255,10,462385,5730
1289,456655,8,255,11,462385,5730
1289,456655,8,255,12,462385,5730
1289,456655,8,255,13,462385,5730
1289,456655,8,255,14,462385,5730
1289,456655,8,255,15,462385,5730
1290,457015,9,1,1,462745,5730
1306,462775,9,132,-1,,
1292,457735,11,5,5,463465,5730
1293,458095,12,0,0,463825,5730
1294,458455,13,7,7,464185,5730
1295,458815,14,4,4,464545,5730
1296,459175,15,14,14,464905,5730
1281,459535,0,11,11,465265,5730
1297,465295,0,178,-1,,
1282,459895,1,6,6,465625,5730
1283,460255,2,0,0,465985,5730
1284,460615,3,8,8,466345,5730
1285,460975,4,8,8,466705,5730
1302,461335,5,4,4,467065,5730
1303,461695,6,14,14,467425,5730
1304,462055,7,255,0,467785,5730
1304,462055,7,255,1,467785,5730
1304,462055,7,255,2,467785,5730
1304,462055,7,255,3,467785,5730
1304,462055,7,255,4,467785,5730
1304,462055,7,255,5,467785,5730
1304,462055,7,255,6,467785,5730
1304,462055,7,255,8,467785,5730
1304,462055,7,255,9,467785,5730
1304,462055,7,255,10,467785,5730
1304,462055,7,255,11,467785,5730
1304,462055,7,255,12,467785,5730
1304,462055,7,255,13,467785,5730
1304,462055,7,255,14,467785,5730
1304,462055,7,255,15,467785,5730
1305,462415,8,11,11,468145,5730
1307,463135,10,255,0,468865,5730
1307,463135,10,255,1,468865,5730
1307,463135,10,255,2,468865,5730
1307,463135,10,255,3,468865,5730
1307,463135,10,255,4,468865,5730
1307,463135,10,255,5,468865,5730
1307,463135,10,255,6,468865,5730
1307,463135,10,255,7,468865,5730
1307,463135,10,255,8,468865,5730
1307,463135,10,255,9,468865,5730
1307,463135,10,255,11,468865,5730
1307,463135,10,255,12,468865,5730
1307,463135,10,255,13,468865,5730
1307,463135,10,255,14,468865,5730
1307,463135,10,255,15,468865,5730
1308,463495,11,2,2,469225,5730
1309,463855,12,4,4,469585,5730
1325,469615,12,150,-1,,
1310,464215,13,255,0,469945,5730
1310,464215,13,255,1,469945,5730
1310,464215,13,255,2,469945,5730
1310,464215,13,255,3,469945,5730
1310,464215,13,255,4,469945,5730
1310,464215,13,255,5,469945,5730
1310,464215,13,255,6,469945,5730
1310,464215,13,255,7,469945,5730
1310,464215,13,255,8,469945,5730
1310,464215,13,255,9,469945,5730
1310,464215,13,255,10,469945,5730
1310,464215,13,255,11,469945,5730
1310,464215,13,255,12,469945,5730
1310,464215,13,255,14,469945,5730
1310,464215,13,255,15,469945,5730
1311,464575,14,11,11,470305,5730
1312,464935,15,14,14,470665,5730
1298,465655,1,0,0,471385,5730
1299,466015,2,8,8,471745,5730
1300,466375,3,255,0,472105,5730
1300,466375,3,255,1,472105,5730
1300,466375,3,255,2,472105,5730
1300,466375,3,255,4,472105,5730
1300,466375,3,255,5,472105,5730
1300,466375,3,255,6,472105,5730
1300,466375,3,255,7,472105,5730
1300,466375,3,255,8,472105,5730
1300,466375,3,255,9,472105,5730
1300,466375,3,255,10,472105,5730
1300,466375,3,255,11,472105,5730
1300,466375,3,255,12,472105,5730
1300,466375,3,255,13,472105,5730
1300,466375,3,255,14,472105,5730
1300,466375,3,255,15,472105,5730
1301,466735,4,12,12,472465,5730
1318,467095,5,2,2,472825,5730
1319,467455,6,7,7,473185,5730
1320,467815,7,255,0,473545,5730
1320,467815,7,255,1,473545,5730
1320,467815,7,255,2,473545,5730
1320,467815,7,255,3,473545,5730
1320,467815,7,255,4,473545,5730
1320,467815,7,255,5,473545,5730
1320,467815,7,255,6,473545,5730
1320,467815,7,255,8,473545,5730
1320,467815,7,255,9,473545,5730
1320,467815,7,255,10,473545,5730
1320,467815,7,255,11,473545,5730
1320,467815,7,255,12,473545,5730
1320,467815,7,255,13,473545,5730
1320,467815,7,255,14,473545,5730
1320,467815,7,255,15,473545,5730
1321,468175,8,11,11,473905,5730
1322,468535,9,15,15,474265,5730
1323,468895,10,5,5,474625,5730
1324,469255,11,8,8,474985,5730
1340,475015,11,99,-1,,
1326,469975,13,255,0,475705,5730
1326,469975,13,255,1,475705,5730
1326,469975,13,255,2,475705,5730
1326,469975,13,255,3,475705,5730
1326,469975,13,255,4,475705,5730
1326,469975,13,255,5,475705,5730
1326,469975,13,255,6,475705,5730
1326,469975,13,255,7,475705,5730
1326,469975,13,255,8,475705,5730
1326,469975,13,255,9,475705,5730
1326,469975,13,255,10,475705,5730
1326,469975,13,255,11,475705,5730
1326,469975,13,255,12,475705,5730
1326,469975,13,255,14,475705,5730
1326,469975,13,255,15,475705,5730
1327,470335,14,0,0,476065,5730
1328,470695,15,7,7,476425,5730
1313,471055,0,14,14,476785,5730
1314,471415,1,6,6,477145,5730
1315,471775,2,0,0,477505,5730
1316,472135,3,6,6,477865,5730
1317,472495,4,8,8,478225,5730
1334,472855,5,0,0,478585,5730
1335,473215,6,9,9,478945,5730
1351,478975,6,230,-1,,
1336,473575,7,8,8,479305,5730
1337,473935,8,11,11,479665,5730
1338,474295,9,7,7,480025,5730
1339,474655,10,4,4,480385,5730
1341,475375,12,13,13,481105,5730
1342,475735,13,3,3,481465,5730
1343,476095,14,7,7,481825,5730
1344,476455,15,8,8,482185,5730
1329,476815,0,4,4,482545,5730
1330,477175,1,10,10,482905,5730
1346,482935,1,146,-1,,
1331,477535,2,3,3,483265,5730
1332,477895,3,6,6,483625,5730
1333,478255,4,255,0,483985,5730
1333,478255,4,255,1,483985,5730
1333,478255,4,255,2,483985,5730
1333,478255,4,255,3,483985,5730
1333,478255,4,255,5,483985,5730
1333,478255,4,255,6,483985,5730
1333,478255,4,255,7,483985,5730
1333,478255,4,255,8,483985,5730
1333,478255,4,255,9,483985,5730
1333,478255,4,255,10,483985,5730
1333,478255,4,255,11,483985,5730
1333,478255,4,255,12,483985,5730
1333,478255,4,255,13,483985,5730
1333,478255,4,255,14,483985,5730
1333,478255,4,255,15,483985,5730
1350,478615,5,255,0,484345,5730
1350,478615,5,255,1,484345,5730
1350,478615,5,255,2,484345,5730
1350,478615,5,255,3,484345,5730
1350,478615,5,255,4,484345,5730
1350,478615,5,255,6,484345,5730
1350,478615,5,255,7,484345,5730
1350,478615,5,255,8,484345,5730
1350,478615,5,255,9,484345,5730
1350,478615,5,255,10,484345,5730
1350,478615,5,255,11,484345,5730
1350,478615,5,255,12,484345,5730
1350,478615,5,255,13,484345,5730
1350,478615,5,255,14,484345,5730
1350,478615,5,255,15,484345,5730
1367,484735,6,126,-1,,
1352,479335,7,8,8,485065,5730
1353,479695,8,4,4,485425,5730
1354,480055,9,10,10,485785,5730
1355,480415,10,1,1,486145,5730
1356,480775,11,255,0,486505,5730
1356,480775,11,255,1,486505,5730
1356,480775,11,255,2,486505,5730
1356,480775,11,255,3,486505,5730
1356,480775,11,255,4,486505,5730
1356,480775,11,255,5,486505,5730
1356,480775,11,255,6,486505,5730
1356,480775,11,255,7,486505,5730
1356,480775,11,255,8,486505,5730
1356,480775,11,255,9,486505,5730
1356,480775,11,255,10,486505,5730
1356,480775,11,255,12,486505,5730
1356,480775,11,255,13,486505,5730
1356,480775,11,255,14,486505,5730
1356,480775,11,255,15,486505,5730
1372,486535,11,212,-1,,
1357,481135,12,10,10,486865,5730
1358,481495,13,5,5,487225,5730
1359,481855,14,0,0,487585,5730
1360,482215,15,4,4,487945,5730
1345,482575,0,9,9,488305,5730
1347,483295,2,8,8,489025,5730
1348,483655,3,0,0,489385,5730
1349,484015,4,3,3,489745,5730
1366,484375,5,13,13,490105,5730
1368,485095,7,15,15,490825,5730
1369,485455,8,255,0,491185,5730
1369,485455,8,255,1,491185,5730
1369,485455,8,255,2,491185,5730
1369,485455,8,255,3,491185,5730
1369,485455,8,255,4,491185,5730
1369,485455,8,255,5,491185,5730
1369,485455,8,255,6,491185,5730
1369,485455,8,255,7,491185,5730
1369,485455,8,255,9,491185,5730
1369,485455,8,255,10,491185,5730
1369,485455,8,255,11,491185,5730
1369,485455,8,255,12,491185,5730
1369,485455,8,255,13,491185,5730
1369,485455,8,255,14,491185,5730
1369,485455,8,255,15,491185,5730
1370,485815,9,4,4,491545,5730
1371,486175,10,0,0,491905,5730
1373,486895,12,11,11,492625,5730
1374,487255,13,12,12,492985,5730
1390,493015,13,113,-1,,
1375,487615,14,3,3,493345,5730
1376,487975,15,4,4,493705,5730
1361,488335,0,11,11,494065,5730
1362,488695,1,5,5,494425,5730
1363,489055,2,0,0,494785,5730
1364,489415,3,0,0,495145,5730
1380,495175,3,234,-1,,
1365,489775,4,255,0,495505,5730
1365,489775,4,255,1,495505,5730
1365,489775,4,255,2,495505,5730
1365,489775,4,255,3,495505,5730
1365,489775,4,255,5,495505,5730
1365,489775,4,255,6,495505,5730
1365,489775,4,255,7,495505,5730
1365,489775,4,255,8,495505,5730
1365,489775,4,255,9,495505,5730
1365,489775,4,255,10,495505,5730
1365,489775,4,255,11,495505,5730
1365,489775,4,255,12,495505,5730
1365,489775,4,255,13,495505,5730
1365,489775,4,255,14,495505,5730
1365,489775,4,255,15,495505,5730
1382,490135,5,7,7,495865,5730
1383,490495,6,12,12,496225,5730
1384,490855,7,2,2,496585,5730
1385,491215,8,13,13,496945,5730
1386,491575,9,7,7,497305,5730
1387,491935,10,13,13,497665,5730
1388,492295,11,8,8,498025,5730
1389,492655,12,13,13,498385,5730
1391,493375,14,12,12,499105,5730
1392,493735,15,12,12,499465,5730
1377,494095,0,1,1,499825,5730
1378,494455,1,5,5,500185,5730
1379,494815,2,9,9,500545,5730
1396,500935,3,253,-1,,
1381,495535,4,5,5,501265,5730
1398,495895,5,6,6,501625,5730
1399,496255,6,3,3,501985,5730
1400,496615,7,8,8,502345,5730
1401,496975,8,0,0,502705,5730
1402,497335,9,15,15,503065,5730
1403,497695,10,13,13,503425,5730
1419,503455,10,253,-1,,
1404,498055,11,9,9,503785,5730
1405,498415,12,255,0,504145,5730
1405,498415,12,255,1,504145,5730
1405,498415,12,255,2,504145,5730
1405,498415,12,255,3,504145,5730
1405,498415,12,255,4,504145,5730
1405,498415,12,255,5,504145,5730
1405,498415,12,255,6,504145,5730
1405,498415,12,255,7,504145,5730
1405,498415,12,255,8,504145,5730
1405,498415,12,255,9,504145,5730
1405,498415,12,255,10,504145,5730
1405,498415,12,255,11,504145,5730
1405,498415,12,255,13,504145,5730
1405,498415,12,255,14,504145,5730
1405,498415,12,255,15,504145,5730
1406,498775,13,8,8,504505,5730
1422,504535,13,80,-1,,
1407,499135,14,11,11,504865,5730
1408,499495,15,14,14,505225,5730
1393,499855,0,12,12,505585,5730
1394,500215,1,12,12,505945,5730
1395,500575,2,15,15,506305,5730
1397,501295,4,15,15,507025,5730
1414,501655,5,14,14,507385,5730
1415,502015,6,15,15,507745,5730
1416,502375,7,15,15,508105,5730
1417,502735,8,11,11,508465,5730
1433,508495,8,109,-1,,
1418,503095,9,255,0,508825,5730
1418,503095,9,255,1,508825,5730
1418,503095,9,255,2,508825,5730
1418,503095,9,255,3,508825,5730
1418,503095,9,255,4,508825,5730
1418,503095,9,255,5,508825,5730
1418,503095,9,255,6,508825,5730
1418,503095,9,255,7,508825,5730
1418,503095,9,255,8,508825,5730
1418,503095,9,255,10,508825,5730
1418,503095,9,255,11,508825,5730
1418,503095,9,255,12,508825,5730
1418,503095,9,255,13,508825,5730
1418,503095,9,255,14,508825,5730
1418,503095,9,255,15,508825,5730
1420,503815,11,12,12,509545,5730
1421,504175,12,14,14,509905,5730
1423,504895,14,255,0,510625,5730
1423,504895,14,255,1,510625,5730
1423,504895,14,255,2,510625,5730
1423,504895,14,255,3,510625,5730
1423,504895,14,255,4,510625,5730
1423,504895,14,255,5,510625,5730
1423,504895,14,255,6,510625,5730
1423,504895,14,255,7,510625,5730
1423,504895,14,255,8,510625,5730
1423,504895,14,255,9,510625,5730
1423,504895,14,255,10,510625,5730
1423,504895,14,255,11,510625,5730
1423,504895,14,255,12,510625,5730
1423,504895,14,255,13,510625,5730
1423,504895,14,255,15,510625,5730
1439,510655,14,254,-1,,
1424,505255,15,12,12,510985,5730
1409,505615,0,2,2,511345,5730
1410,505975,1,8,8,511705,5730
1411,506335,2,3,3,512065,5730
1412,506695,3,13,13,512425,5730
1413,507055,4,1,1,512785,5730
1430,507415,5,13,13,513145,5730
1431,507775,6,2,2,513505,5730
1432,508135,7,11,11,513865,5730
1434,508855,9,255,0,514585,5730
1434,508855,9,255,1,514585,5730
1434,508855,9,255,2,514585,5730
1434,508855,9,255,3,514585,5730
1434,508855,9,255,4,514585,5730
1434,508855,9,255,5,514585,5730
1434,508855,9,255,6,514585,5730
1434,508855,9,255,7,514585,5730
1434,508855,9,255,8,514585,5730
1434,508855,9,255,10,514585,5730
1434,508855,9,255,11,514585,5730
1434,508855,9,255,12,514585,5730
1434,508855,9,255,13,514585,5730
1434,508855,9,255,14,514585,5730
1434,508855,9,255,15,514585,5730
1450,514615,9,183,-1,,
1435,509215,10,13,13,514945,5730
1436,509575,11,13,13,515305,5730
1437,509935,12,13,13,515665,5730
1438,510295,13,4,4,516025,5730
1440,511015,15,7,7,516745,5730
1425,511375,0,5,5,517105,5730
1426,511735,1,15,15,517465,5730
1427,512095,2,255,0,517825,5730
1427,512095,2,255,1,517825,5730
1427,512095,2,255,3,517825,5730
1427,512095,2,255,4,517825,5730
1427,512095,2,255,5,517825,5730
1427,512095,2,255,6,517825,5730
1427,512095,2,255,7,517825,5730
1427,512095,2,255,8,517825,5730
1427,512095,2,255,9,517825,5730
1427,512095,2,255,10,517825,5730
1427,512095,2,255,11,517825,5730
1427,512095,2,255,12,517825,5730
1427,512095,2,255,13,517825,5730
1427,512095,2,255,14,517825,5730
1427,512095,2,255,15,517825,5730
1428,512455,3,0,0,518185,5730
1429,512815,4,12,12,518545,5730
1446,513175,5,15,15,518905,5730
1447,513535,6,15,15,519265,5730
1448,513895,7,255,0,519625,5730
1448,513895,7,255,1,519625,5730
1448,513895,7,255,2,519625,5730
1448,513895,7,255,3,519625,5730
1448,513895,7,255,4,519625,5730
1448,513895,7,255,5,519625,5730
1448,513895,7,255,6,519625,5730
1448,513895,7,255,8,519625,5730
1448,513895,7,255,9,519625,5730
1448,513895,7,255,10,519625,5730
1448,513895,7,255,11,519625,5730
1448,513895,7,255,12,519625,5730
1448,513895,7,255,13,519625,5730
1448,513895,7,255,14,519625,5730
1448,513895,7,255,15,519625,5730
1449,514255,8,255,0,519985,5730
1449,514255,8,255,1,519985,5730
1449,514255,8,255,2,519985,5730
1449,514255,8,255,3,519985,5730
1449,514255,8,255,4,519985,5730
1449,514255,8,255,5,519985,5730
1449,514255,8,255,6,519985,5730
1449,514255,8,255,7,519985,5730
1449,514255,8,255,9,519985,5730
1449,514255,8,255,10,519985,5730
1449,514255,8,255,11,519985,5730
1449,514255,8,255,12,519985,5730
1449,514255,8,255,13,519985,5730
1449,514255,8,255,14,519985,5730
1449,514255,8,255,15,519985,5730
1451,514975,10,1,1,520705,5730
1467,520735,10,100,-1,,
1452,515335,11,1,1,521065,5730
1453,515695,12,2,2,521425,5730
1454,516055,13,15,15,521785,5730
1455,516415,14,10,10,522145,5730
1471,522175,14,65,-1,,
1456,516775,15,11,11,522505,5730
1441,517135,0,255,1,522865,5730
1441,517135,0,255,2,522865,5730
1441,517135,0,255,3,522865,5730
1441,517135,0,255,4,522865,5730
1441,517135,0,255,5,522865,5730
1441,517135,0,255,6,522865,5730
1441,517135,0,255,7,522865,5730
1441,517135,0,255,8,522865,5730
1441,517135,0,255,9,522865,5730
1441,517135,0,255,10,522865,5730
1441,517135,0,255,11,522865,5730
1441,517135,0,255,12,522865,5730
1441,517135,0,255,13,522865,5730
1441,517135,0,255,14,522865,5730
1441,517135,0,255,15,522865,5730
1442,517495,1,8,8,523225,5730
1443,517855,2,11,11,523585,5730
1444,518215,3,15,15,523945,5730
1460,523975,3,92,-1,,
1445,518575,4,3,3,524305,5730
1462,518935,5,15,15,524665,5730
1463,519295,6,0,0,525025,5730
1464,519655,7,3,3,525385,5730
1465,520015,8,10,10,525745,5730
1481,525775,8,19,-1,,
1466,520375,9,6,6,526105,5730
1468,521095,11,14,14,526825,5730
1469,521455,12,14,14,527185,5730
1470,521815,13,3,3,527545,5730
1472,522535,15,2,2,528265,5730
1457,522895,0,15,15,528625,5730
1473,528655,0,219,-1,,
1458,523255,1,0,0,528985,5730
1459,523615,2,9,9,529345,5730
1461,524335,4,11,11,530065,5730
1478,524695,5,1,1,530425,5730
1494,530455,5,171,-1,,
1479,525055,6,13,13,530785,5730
1480,525415,7,2,2,531145,5730
1497,531535,8,80,-1,,
1482,526135,9,1,1,531865,5730
1483,526495,10,7,7,532225,5730
1484,526855,11,255,0,532585,5730
1484,526855,11,255,1,532585,5730
1484,526855,11,255,2,532585,5730
1484,526855,11,255,3,532585,5730
1484,526855,11,255,4,532585,5730
1484,526855,11,255,5,532585,5730
1484,526855,11,255,6,532585,5730
1484,526855,11,255,7,532585,5730
1484,526855,11,255,8,532585,5730
1484,526855,11,255,9,532585,5730
1484,526855,11,255,10,532585,5730
1484,526855,11,255,12,532585,5730
1484,526855,11,255,13,532585,5730
1484,526855,11,255,14,532585,5730
1484,526855,11,255,15,532585,5730
1485,527215,12,1,1,532945,5730
1486,527575,13,15,15,533305,5730
1487,527935,14,8,8,533665,5730
1488,528295,15,8,8,534025,5730
1474,529015,1,9,9,534745,5730
1475,529375,2,15,15,535105,5730
1476,529735,3,2,2,535465,5730
1477,530095,4,10,10,535825,5730
1495,530815,6,12,12,536545,5730
1496,531175,7,8,8,536905,5730
1513,537295,8,219,-1,,
1498,531895,9,14,14,537625,5730
1499,532255,10,15,15,537985,5730
1515,538015,10,195,-1,,
1500,532615,11,12,12,538345,5730
1501,532975,12,4,4,538705,5730
1502,533335,13,8,8,539065,5730
1503,533695,14,9,9,539425,5730
1504,534055,15,13,13,539785,5730
1489,534415,0,13,13,540145,5730
1490,534775,1,4,4,540505,5730
1506,540535,1,206,-1,,
1491,535135,2,255,0,540865,5730
1491,535135,2,255,1,540865,5730
1491,535135,2,255,3,540865,5730
1491,535135,2,255,4,540865,5730
1491,535135,2,255,5,540865,5730
1491,535135,2,255,6,540865,5730
1491,535135,2,255,7,540865,5730
1491,535135,2,255,8,540865,5730
1491,535135,2,255,9,540865,5730
1491,535135,2,255,10,540865,5730
1491,535135,2,255,11,540865,5730
1491,535135,2,255,12,540865,5730
1491,535135,2,255,13,540865,5730
1491,535135,2,255,14,540865,5730
1491,535135,2,255,15,540865,5730
1492,535495,3,5,5,541225,5730
1493,535855,4,2,2,541585,5730
1510,536215,5,10,10,541945,5730
1511,536575,6,255,0,542305,5730
1511,536575,6,255,1,542305,5730
1511,536575,6,255,2,542305,5730
1511,536575,6,255,3,542305,5730
1511,536575,6,255,4,542305,5730
1511,536575,6,255,5,542305,5730
1511,536575,6,255,7,542305,5730
1511,536575,6,255,8,542305,5730
1511,536575,6,255,9,542305,5730
1511,536575,6,255,10,542305,5730
1511,536575,6,255,11,542305,5730
1511,536575,6,255,12,542305,5730
1511,536575,6,255,13,542305,5730
1511,536575,6,255,14,542305,5730
1511,536575,6,255,15,542305,5730
1512,536935,7,15,15,542665,5730
1514,537655,9,10,10,543385,5730
1530,543415,9,236,-1,,
1516,538375,11,5,5,544105,5730
1532,544135,11,64,-1,,
1517,538735,12,255,0,544465,5730
1517,538735,12,255,1,544465,5730
1517,538735,12,255,2,544465,5730
1517,538735,12,255,3,544465,5730
1517,538735,12,255,4,544465,5730
1517,538735,12,255,5,544465,5730
1517,538735,12,255,6,544465,5730
1517,538735,12,255,7,544465,5730
1517,538735,12,255,8,544465,5730
1517,538735,12,255,9,544465,5730
1517,538735,12,255,10,544465,5730
1517,538735,12,255,11,544465,5730
1517,538735,12,255,13,544465,5730
1517,538735,12,255,14,544465,5730
1517,538735,12,255,15,544465,5730
1518,539095,13,1,1,544825,5730
1519,539455,14,15,15,545185,5730
1520,539815,15,255,0,545545,5730
1520,539815,15,255,1,545545,5730
1520,539815,15,255,2,545545,5730
1520,539815,15,255,3,545545,5730
1520,539815,15,255,4,545545,5730
1520,539815,15,255,5,545545,5730
1520,539815,15,255,6,545545,5730
1520,539815,15,255,7,545545,5730
1520,539815,15,255,8,545545,5730
1520,539815,15,255,9,545545,5730
1520,539815,15,255,10,545545,5730
1520,539815,15,255,11,545545,5730
1520,539815,15,255,12,545545,5730
1520,539815,15,255,13,545545,5730
1520,539815,15,255,14,545545,5730
1505,540175,0,6,6,545905,5730
1507,540895,2,1,1,546625,5730
1508,541255,3,9,9,546985,5730
1509,541615,4,13,13,547345,5730
1526,541975,5,255,0,547705,5730
1526,541975,5,255,1,547705,5730
1526,541975,5,255,2,547705,5730
1526,541975,5,255,3,547705,5730
1526,541975,5,255,4,547705,5730
1526,541975,5,255,6,547705,5730
1526,541975,5,255,7,547705,5730
1526,541975,5,255,8,547705,5730
1526,541975,5,255,9,547705,5730
1526,541975,5,255,10,547705,5730
1526,541975,5,255,11,547705,5730
1526,541975,5,255,12,547705,5730
1526,541975,5,255,13,547705,5730
1526,541975,5,255,14,547705,5730
1526,541975,5,255,15,547705,5730
1542,547735,5,186,-1,,
1527,542335,6,4,4,548065,5730
1528,542695,7,15,15,548425,5730
1544,548455,7,220,-1,,
1529,543055,8,14,14,548785,5730
1531,543775,10,255,0,549505,5730
1531,543775,10,255,1,549505,5730
1531,543775,10,255,2,549505,5730
1531,543775,10,255,3,549505,5730
1531,543775,10,255,4,549505,5730
1531,543775,10,255,5,549505,5730
1531,543775,10,255,6,549505,5730
1531,543775,10,255,7,549505,5730
1531,543775,10,255,8,549505,5730
1531,543775,10,255,9,549505,5730
1531,543775,10,255,11,549505,5730
1531,543775,10,255,12,549505,5730
1531,543775,10,255,13,549505,5730
1531,543775,10,255,14,549505,5730
1531,543775,10,255,15,549505,5730
1533,544495,12,9,9,550225,5730
1534,544855,13,1,1,550585,5730
1535,545215,14,8,8,550945,5730
1536,545575,15,11,11,551305,5730
1521,545935,0,2,2,551665,5730
1522,546295,1,4,4,552025,5730
1538,552055,1,115,-1,,
1523,546655,2,0,0,552385,5730
1524,547015,3,7,7,552745,5730
1525,547375,4,255,0,553105,5730
1525,547375,4,255,1,553105,5730
1525,547375,4,255,2,553105,5730
1525,547375,4,255,3,553105,5730
1525,547375,4,255,5,553105,5730
1525,547375,4,255,6,553105,5730
1525,547375,4,255,7,553105,5730
1525,547375,4,255,8,553105,5730
1525,547375,4,255,9,553105,5730
1525,547375,4,255,10,553105,5730
1525,547375,4,255,11,553105,5730
1525,547375,4,255,12,553105,5730
1525,547375,4,255,13,553105,5730
1525,547375,4,255,14,553105,5730
1525,547375,4,255,15,553105,5730
1543,548095,6,2,2,553825,5730
1545,548815,8,1,1,554545,5730
1546,549175,9,5,5,554905,5730
1547,549535,10,13,13,555265,5730
1548,549895,11,7,7,555625,5730
1549,550255,12,11,11,555985,5730
1565,556015,12,168,-1,,
1550,550615,13,15,15,556345,5730
1551,550975,14,15,15,556705,5730
1552,551335,15,14,14,557065,5730
1537,551695,0,14,14,557425,5730
1539,552415,2,11,11,558145,5730
1540,552775,3,6,6,558505,5730
1556,558535,3,121,-1,,
1541,553135,4,13,13,558865,5730
1558,553495,5,2,2,559225,5730
1559,553855,6,2,2,559585,5730
1560,554215,7,12,12,559945,5730
1561,554575,8,9,9,560305,5730
1562,554935,9,13,13,560665,5730
1563,555295,10,5,5,561025,5730
1564,555655,11,4,4,561385,5730
1566,556375,13,3,3,562105,5730
1567,556735,14,255,0,562465,5730
1567,556735,14,255,1,562465,5730
1567,556735,14,255,2,562465,5730
1567,556735,14,255,3,562465,5730
1567,556735,14,255,4,562465,5730
1567,556735,14,255,5,562465,5730
1567,556735,14,255,6,562465,5730
1567,556735,14,255,7,562465,5730
1567,556735,14,255,8,562465,5730
1567,556735,14,255,9,562465,5730
1567,556735,14,255,10,562465,5730
1567,556735,14,255,11,562465,5730
1567,556735,14,255,12,562465,5730
1567,556735,14,255,13,562465,5730
1567,556735,14,255,15,562465,5730
1568,557095,15,12,12,562825,5730
1553,557455,0,9,9,563185,5730
1554,557815,1,15,15,563545,5730
1555,558175,2,4,4,563905,5730
1572,564295,3,21,-1,,
1557,558895,4,9,9,564625,5730
1574,559255,5,9,9,564985,5730
1575,559615,6,5,5,565345,5730
1576,559975,7,9,9,565705,5730
1577,560335,8,1,1,566065,5730
1593,566095,8,247,-1,,
1578,560695,9,15,15,566425,5730
1579,561055,10,255,0,566785,5730
1579,561055,10,255,1,566785,5730
1579,561055,10,255,2,566785,5730
1579,561055,10,255,3,566785,5730
1579,561055,10,255,4,566785,5730
1579,561055,10,255,5,566785,5730
1579,561055,10,255,6,566785,5730
1579,561055,10,255,7,566785,5730
1579,561055,10,255,8,566785,5730
1579,561055,10,255,9,566785,5730
1579,561055,10,255,11,566785,5730
1579,561055,10,255,12,566785,5730
1579,561055,10,255,13,566785,5730
1579,561055,10,255,14,566785,5730
1579,561055,10,255,15,566785,5730
1580,561415,11,14,14,567145,5730
1581,561775,12,5,5,567505,5730
1582,562135,13,1,1,567865,5730
1583,562495,14,2,2,568225,5730
1584,562855,15,4,4,568585,5730
1569,563215,0,8,8,568945,5730
1570,563575,1,3,3,569305,5730
1571,563935,2,6,6,569665,5730
1573,564655,4,13,13,570385,5730
1590,565015,5,6,6,570745,5730
1591,565375,6,2,2,571105,5730
1592,565735,7,11,11,571465,5730
1594,566455,9,3,3,572185,5730
1610,572215,9,145,-1,,
1595,566815,10,14,14,572545,5730
1596,567175,11,9,9,572905,5730
1597,567535,12,4,4,573265,5730
1598,567895,13,0,0,573625,5730
1599,568255,14,7,7,573985,5730
1615,574015,14,18,-1,,
1600,568615,15,13,13,574345,5730
1585,568975,0,11,11,574705,5730
1601,574735,0,185,-1,,
1586,569335,1,14,14,575065,5730
1587,569695,2,15,15,575425,5730
1588,570055,3,14,14,575785,5730
1589,570415,4,11,11,576145,5730
1606,570775,5,0,0,576505,5730
1607,571135,6,4,4,576865,5730
1608,571495,7,6,6,577225,5730
1609,571855,8,12,12,577585,5730
1611,572575,10,9,9,578305,5730
1612,572935,11,12,12,578665,5730
1613,573295,12,8,8,579025,5730
1614,573655,13,6,6,579385,5730
1616,574375,15,13,13,580105,5730
1632,580135,15,211,-1,,
1602,575095,1,11,11,580825,5730
1603,575455,2,15,15,581185,5730
1604,575815,3,15,15,581545,5730
1605,576175,4,0,0,581905,5730
1622,576535,5,0,0,582265,5730
1623,576895,6,255,0,582625,5730
1623,576895,6,255,1,582625,5730
1623,576895,6,255,2,582625,5730
1623,576895,6,255,3,582625,5730
1623,576895,6,255,4,582625,5730
1623,576895,6,255,5,582625,5730
1623,576895,6,255,7,582625,5730
1623,576895,6,255,8,582625,5730
1623,576895,6,255,9,582625,5730
1623,576895,6,255,10,582625,5730
1623,576895,6,255,11,582625,5730
1623,576895,6,255,12,582625,5730
1623,576895,6,255,13,582625,5730
1623,576895,6,255,14,582625,5730
1623,576895,6,255,15,582625,5730
1624,577255,7,4,4,582985,5730
1625,577615,8,14,14,583345,5730
1626,577975,9,5,5,583705,5730
1627,578335,10,0,0,584065,5730
1628,578695,11,255,0,584425,5730
1628,578695,11,255,1,584425,5730
1628,578695,11,255,2,584425,5730
1628,578695,11,255,3,584425,5730
1628,578695,11,255,4,584425,5730
1628,578695,11,255,5,584425,5730
1628,578695,11,255,6,584425,5730
1628,578695,11,255,7,584425,5730
1628,578695,11,255,8,584425,5730
1628,578695,11,255,9,584425,5730
1628,578695,11,255,10,584425,5730
1628,578695,11,255,12,584425,5730
1628,578695,11,255,13,584425,5730
1628,578695,11,255,14,584425,5730
1628,578695,11,255,15,584425,5730
1629,579055,12,11,11,584785,5730
1630,579415,13,0,0,585145,5730
1631,579775,14,9,9,585505,5730
1617,580495,0,14,14,586225,5730
1618,580855,1,9,9,586585,5730
1619,581215,2,14,14,586945,5730
1635,586975,2,199,-1,,
1620,581575,3,5,5,587305,5730
1636,587335,3,29,-1,,
1621,581935,4,255,0,587665,5730
1621,581935,4,255,1,587665,5730
1621,581935,4,255,2,587665,5730
1621,581935,4,255,3,587665,5730
1621,581935,4,255,5,587665,5730
1621,581935,4,255,6,587665,5730
1621,581935,4,255,7,587665,5730
1621,581935,4,255,8,587665,5730
1621,581935,4,255,9,587665,5730
1621,581935,4,255,10,587665,5730
1621,581935,4,255,11,587665,5730
1621,581935,4,255,12,587665,5730
1621,581935,4,255,13,587665,5730
1621,581935,4,255,14,587665,5730
1621,581935,4,255,15,587665,5730
1637,587695,4,102,-1,,
1638,582295,5,4,4,588025,5730
1639,582655,6,255,0,588385,5730
1639,582655,6,255,1,588385,5730
1639,582655,6,255,2,588385,5730
1639,582655,6,255,3,588385,5730
1639,582655,6,255,4,588385,5730
1639,582655,6,255,5,588385,5730
1639,582655,6,255,7,588385,5730
1639,582655,6,255,8,588385,5730
1639,582655,6,255,9,588385,5730
1639,582655,6,255,10,588385,5730
1639,582655,6,255,11,588385,5730
1639,582655,6,255,12,588385,5730
1639,582655,6,255,13,588385,5730
1639,582655,6,255,14,588385,5730
1639,582655,6,255,15,588385,5730
1640,583015,7,1,1,588745,5730
1641,583375,8,11,11,589105,5730
1642,583735,9,12,12,589465,5730
1643,584095,10,4,4,589825,5730
1644,584455,11,7,7,590185,5730
1645,584815,12,1,1,590545,5730
1646,585175,13,7,7,590905,5730
1662,590935,13,46,-1,,
1647,585535,14,6,6,591265,5730
1648,585895,15,8,8,591625,5730
1633,586255,0,12,12,591985,5730
1634,586615,1,255,0,592345,5730
1634,586615,1,255,2,592345,5730
1634,586615,1,255,3,592345,5730
1634,586615,1,255,4,592345,5730
1634,586615,1,255,5,592345,5730
1634,586615,1,255,6,592345,5730
1634,586615,1,255,7,592345,5730
1634,586615,1,255,8,592345,5730
1634,586615,1,255,9,592345,5730
1634,586615,1,255,10,592345,5730
1634,586615,1,255,11,592345,5730
1634,586615,1,255,12,592345,5730
1634,586615,1,255,13,592345,5730
1634,586615,1,255,14,592345,5730
1634,586615,1,255,15,592345,5730
1654,588055,5,14,14,593785,5730
1670,593815,5,219,-1,,
1655,588415,6,12,12,594145,5730
1656,588775,7,5,5,594505,5730
1672,594535,7,46,-1,,
1657,589135,8,5,5,594865,5730
1658,589495,9,13,13,595225,5730
1659,589855,10,255,0,595585,5730
1659,589855,10,255,1,595585,5730
1659,589855,10,255,2,595585,5730
1659,589855,10,255,3,595585,5730
1659,589855,10,255,4,595585,5730
1659,589855,10,255,5,595585,5730
1659,589855,10,255,6,595585,5730
1659,589855,10,255,7,595585,5730
1659,589855,10,255,8,595585,5730
1659,589855,10,255,9,595585,5730
1659,589855,10,255,11,595585,5730
1659,589855,10,255,12,595585,5730
1659,589855,10,255,13,595585,5730
1659,589855,10,255,14,595585,5730
1659,589855,10,255,15,595585,5730
1660,590215,11,14,14,595945,5730
1661,590575,12,1,1,596305,5730
1663,591295,14,8,8,597025,5730
1664,591655,15,13,13,597385,5730
1649,592015,0,6,6,597745,5730
1650,592375,1,13,13,598105,5730
1651,592735,2,7,7,598465,5730
1652,593095,3,0,0,598825,5730
1653,593455,4,11,11,599185,5730
1671,594175,6,11,11,599905,5730
1688,600295,7,172,-1,,
1673,594895,8,10,10,600625,5730
1674,595255,9,255,0,600985,5730
1674,595255,9,255,1,600985,5730
1674,595255,9,255,2,600985,5730
1674,595255,9,255,3,600985,5730
1674,595255,9,255,4,600985,5730
1674,595255,9,255,5,600985,5730
1674,595255,9,255,6,600985,5730
1674,595255,9,255,7,600985,5730
1674,595255,9,255,8,600985,5730
1674,595255,9,255,10,600985,5730
1674,595255,9,255,11,600985,5730
1674,595255,9,255,12,600985,5730
1674,595255,9,255,13,600985,5730
1674,595255,9,255,14,600985,5730
1674,595255,9,255,15,600985,5730
1675,595615,10,255,0,601345,5730
1675,595615,10,255,1,601345,5730
1675,595615,10,255,2,601345,5730
1675,595615,10,255,3,601345,5730
1675,595615,10,255,4,601345,5730
1675,595615,10,255,5,601345,5730
1675,595615,10,255,6,601345,5730
1675,595615,10,255,7,601345,5730
1675,595615,10,255,8,601345,5730
1675,595615,10,255,9,601345,5730
1675,595615,10,255,11,601345,5730
1675,595615,10,255,12,601345,5730
1675,595615,10,255,13,601345,5730
1675,595615,10,255,14,601345,5730
1675,595615,10,255,15,601345,5730
1676,595975,11,10,10,601705,5730
1692,601735,11,42,-1,,
1677,596335,12,15,15,602065,5730
1678,596695,13,5,5,602425,5730
1679,597055,14,10,10,602785,5730
1680,597415,15,0,0,603145,5730
1665,597775,0,12,12,603505,5730
1666,598135,1,12,12,603865,5730
1667,598495,2,7,7,604225,5730
1668,598855,3,9,9,604585,5730
1669,599215,4,8,8,604945,5730
1686,599575,5,11,11,605305,5730
1687,599935,6,3,3,605665,5730
1689,600655,8,6,6,606385,5730
1690,601015,9,12,12,606745,5730
1691,601375,10,11,11,607105,5730
1693,602095,12,2,2,607825,5730
1694,602455,13,15,15,608185,5730
1695,602815,14,4,4,608545,5730
1696,603175,15,9,9,608905,5730
1681,603535,0,8,8,609265,5730
1682,603895,1,2,2,609625,5730
1698,609655,1,45,-1,,
1683,604255,2,7,7,609985,5730
1699,610015,2,185,-1,,
1684,604615,3,255,0,610345,5730
1684,604615,3,255,1,610345,5730
1684,604615,3,255,2,610345,5730
1684,604615,3,255,4,610345,5730
1684,604615,3,255,5,610345,5730
1684,604615,3,255,6,610345,5730
1684,604615,3,255,7,610345,5730
1684,604615,3,255,8,610345,5730
1684,604615,3,255,9,610345,5730
1684,604615,3,255,10,610345,5730
1684,604615,3,255,11,610345,5730
1684,604615,3,255,12,610345,5730
1684,604615,3,255,13,610345,5730
1684,604615,3,255,14,610345,5730
1684,604615,3,255,15,610345,5730
1700,610375,3,137,-1,,
1685,604975,4,12,12,610705,5730
1701,610735,4,231,-1,,
1702,605335,5,255,0,611065,5730
1702,605335,5,255,1,611065,5730
1702,605335,5,255,2,611065,5730
1702,605335,5,255,3,611065,5730
1702,605335,5,255,4,611065,5730
1702,605335,5,255,6,611065,5730
1702,605335,5,255,7,611065,5730
1702,605335,5,255,8,611065,5730
1702,605335,5,255,9,611065,5730
1702,605335,5,255,10,611065,5730
1702,605335,5,255,11,611065,5730
1702,605335,5,255,12,611065,5730
1702,605335,5,255,13,611065,5730
1702,605335,5,255,14,611065,5730
1702,605335,5,255,15,611065,5730
1718,611095,5,177,-1,,
1703,605695,6,13,13,611425,5730
1704,606055,7,4,4,611785,5730
1705,606415,8,255,0,612145,5730
1705,606415,8,255,1,612145,5730
1705,606415,8,255,2,612145,5730
1705,606415,8,255,3,612145,5730
1705,606415,8,255,4,612145,5730
1705,606415,8,255,5,612145,5730
1705,606415,8,255,6,612145,5730
1705,606415,8,255,7,612145,5730
1705,606415,8,255,9,612145,5730
1705,606415,8,255,10,612145,5730
1705,606415,8,255,11,612145,5730
1705,606415,8,255,12,612145,5730
1705,606415,8,255,13,612145,5730
1705,606415,8,255,14,612145,5730
1705,606415,8,255,15,612145,5730
1721,612175,8,25,-1,,
1706,606775,9,15,15,612505,5730
1707,607135,10,0,0,612865,5730
1708,607495,11,5,5,613225,5730
1709,607855,12,4,4,613585,5730
1710,608215,13,9,9,613945,5730
1711,608575,14,2,2,614305,5730
1727,614335,14,97,-1,,
1712,608935,15,14,14,614665,5730
1697,609295,0,4,4,615025,5730
1713,615055,0,172,-1,,
1719,611455,6,12,12,617185,5730
1720,611815,7,1,1,617545,5730
1736,617575,7,208,-1,,
1722,612535,9,1,1,618265,5730
1723,612895,10,15,15,618625,5730
1724,613255,11,1,1,618985,5730
1725,613615,12,11,11,619345,5730
1726,613975,13,5,5,619705,5730
1728,614695,15,0,0,620425,5730
1714,615415,1,11,11,621145,5730
1715,615775,2,6,6,621505,5730
1716,616135,3,255,0,621865,5730
1716,616135,3,255,1,621865,5730
1716,616135,3,255,2,621865,5730
1716,616135,3,255,4,621865,5730
1716,616135,3,255,5,621865,5730
1716,616135,3,255,6,621865,5730
1716,616135,3,255,7,621865,5730
1716,616135,3,255,8,621865,5730
1716,616135,3,255,9,621865,5730
1716,616135,3,255,10,621865,5730
1716,616135,3,255,11,621865,5730
1716,616135,3,255,12,621865,5730
1716,616135,3,255,13,621865,5730
1716,616135,3,255,14,621865,5730
1716,616135,3,255,15,621865,5730
1717,616495,4,255,0,622225,5730
1717,616495,4,255,1,622225,5730
1717,616495,4,255,2,622225,5730
1717,616495,4,255,3,622225,5730
1717,616495,4,255,5,622225,5730
1717,616495,4,255,6,622225,5730
1717,616495,4,255,7,622225,5730
1717,616495,4,255,8,622225,5730
1717,616495,4,255,9,622225,5730
1717,616495,4,255,10,622225,5730
1717,616495,4,255,11,622225,5730
1717,616495,4,255,12,622225,5730
1717,616495,4,255,13,622225,5730
1717,616495,4,255,14,622225,5730
1717,616495,4,255,15,622225,5730
1734,616855,5,1,1,622585,5730
1735,617215,6,14,14,622945,5730
1737,617935,8,15,15,623665,5730
1738,618295,9,12,12,624025,5730
1739,618655,10,9,9,624385,5730
1740,619015,11,15,15,624745,5730
1741,619375,12,255,0,625105,5730
1741,619375,12,255,1,625105,5730
1741,619375,12,255,2,625105,5730
1741,619375,12,255,3,625105,5730
1741,619375,12,255,4,625105,5730
1741,619375,12,255,5,625105,5730
1741,619375,12,255,6,625105,5730
1741,619375,12,255,7,625105,5730
1741,619375,12,255,8,625105,5730
1741,619375,12,255,9,625105,5730
1741,619375,12,255,10,625105,5730
1741,619375,12,255,11,625105,5730
1741,619375,12,255,13,625105,5730
1741,619375,12,255,14,625105,5730
1741,619375,12,255,15,625105,5730
1742,619735,13,14,14,625465,5730
1743,620095,14,8,8,625825,5730
1744,620455,15,3,3,626185,5730
1729,620815,0,3,3,626545,5730
1730,621175,1,255,0,626905,5730
1730,621175,1,255,2,626905,5730
1730,621175,1,255,3,626905,5730
1730,621175,1,255,4,626905,5730
1730,621175,1,255,5,626905,5730
1730,621175,1,255,6,626905,5730
1730,621175,1,255,7,626905,5730
1730,621175,1,255,8,626905,5730
1730,621175,1,255,9,626905,5730
1730,621175,1,255,10,626905,5730
1730,621175,1,255,11,626905,5730
1730,621175,1,255,12,626905,5730
1730,621175,1,255,13,626905,5730
1730,621175,1,255,14,626905,5730
1730,621175,1,255,15,626905,5730
1731,621535,2,13,13,627265,5730
1732,621895,3,14,14,627625,5730
1748,627655,3,152,-1,,
1733,622255,4,14,14,627985,5730
1750,622615,5,13,13,628345,5730
1751,622975,6,5,5,628705,5730
1752,623335,7,6,6,629065,5730
1753,623695,8,255,0,629425,5730
1753,623695,8,255,1,629425,5730
1753,623695,8,255,2,629425,5730
1753,623695,8,255,3,629425,5730
1753,623695,8,255,4,629425,5730
1753,623695,8,255,5,629425,5730
1753,623695,8,255,6,629425,5730
1753,623695,8,255,7,629425,5730
1753,623695,8,255,9,629425,5730
1753,623695,8,255,10,629425,5730
1753,623695,8,255,11,629425,5730
1753,623695,8,255,12,629425,5730
1753,623695,8,255,13,629425,5730
1753,623695,8,255,14,629425,5730
1753,623695,8,255,15,629425,5730
1754,624055,9,10,10,629785,5730
1755,624415,10,7,7,630145,5730
1756,624775,11,2,2,630505,5730
1757,625135,12,4,4,630865,5730
1758,625495,13,255,0,631225,5730
1758,625495,13,255,1,631225,5730
1758,625495,13,255,2,631225,5730
1758,625495,13,255,3,631225,5730
1758,625495,13,255,4,631225,5730
1758,625495,13,255,5,631225,5730
1758,625495,13,255,6,631225,5730
1758,625495,13,255,7,631225,5730
1758,625495,13,255,8,631225,5730
1758,625495,13,255,9,631225,5730
1758,625495,13,255,10,631225,5730
1758,625495,13,255,11,631225,5730
1758,625495,13,255,12,631225,5730
1758,625495,13,255,14,631225,5730
1758,625495,13,255,15,631225,5730
1759,625855,14,255,0,631585,5730
1759,625855,14,255,1,631585,5730
1759,625855,14,255,2,631585,5730
1759,625855,14,255,3,631585,5730
1759,625855,14,255,4,631585,5730
1759,625855,14,255,5,631585,5730
1759,625855,14,255,6,631585,5730
1759,625855,14,255,7,631585,5730
1759,625855,14,255,8,631585,5730
1759,625855,14,255,9,631585,5730
1759,625855,14,255,10,631585,5730
1759,625855,14,255,11,631585,5730
1759,625855,14,255,12,631585,5730
1759,625855,14,255,13,631585,5730
1759,625855,14,255,15,631585,5730
1760,626215,15,13,13,631945,5730
1776,631975,15,153,-1,,
1745,626575,0,12,12,632305,5730
1746,626935,1,8,8,632665,5730
1747,627295,2,9,9,633025,5730
1749,628015,4,10,10,633745,5730
1766,628375,5,13,13,634105,5730
1767,628735,6,13,13,634465,5730
1768,629095,7,6,6,634825,5730
1769,629455,8,255,0,635185,5730
1769,629455,8,255,1,635185,5730
1769,629455,8,255,2,635185,5730
1769,629455,8,255,3,635185,5730
1769,629455,8,255,4,635185,5730
1769,629455,8,255,5,635185,5730
1769,629455,8,255,6,635185,5730
1769,629455,8,255,7,635185,5730
1769,629455,8,255,9,635185,5730
1769,629455,8,255,10,635185,5730
1769,629455,8,255,11,635185,5730
1769,629455,8,255,12,635185,5730
1769,629455,8,255,13,635185,5730
1769,629455,8,255,14,635185,5730
1769,629455,8,255,15,635185,5730
1770,629815,9,10,10,635545,5730
1771,630175,10,6,6,635905,5730
1772,630535,11,3,3,636265,5730
1773,630895,12,14,14,636625,5730
1788,636655,12,92,-1,,
1774,631255,13,5,5,636985,5730
1789,637015,13,183,-1,,
1775,631615,14,10,10,637345,5730
1761,632335,0,9,9,638065,5730
1762,632695,1,13,13,638425,5730
1763,633055,2,0,0,638785,5730
1764,633415,3,4,4,639145,5730
1765,633775,4,0,0,639505,5730
1782,634135,5,3,3,639865,5730
1797,639895,5,114,-1,,
1783,634855,7,5,5,640235,5380
1784,635215,8,2,2,640595,5380
1785,635575,9,5,5,640955,5380
1786,635935,10,2,2,641315,5380
1787,636295,11,14,14,641675,5380
1790,637375,14,255,0,642755,5380
1790,637375,14,255,1,642755,5380
1790,637375,14,255,2,642755,5380
1790,637375,14,255,3,642755,5380
1790,637375,14,255,4,642755,5380
1790,637375,14,255,5,642755,5380
1790,637375,14,255,6,642755,5380
1790,637375,14,255,7,642755,5380
1790,637375,14,255,8,642755,5380
1790,637375,14,255,9,642755,5380
1790,637375,14,255,10,642755,5380
1790,637375,14,255,11,642755,5380
1790,637375,14,255,12,642755,5380
1790,637375,14,255,13,642755,5380
1790,637375,14,255,15,642755,5380
1791,637735,15,5,5,643115,5380
1777,638095,0,5,5,643475,5380
1778,638455,1,2,2,643835,5380
1779,638815,2,255,0,644195,5380
1779,638815,2,255,1,644195,5380
1779,638815,2,255,3,644195,5380
1779,638815,2,255,4,644195,5380
1779,638815,2,255,5,644195,5380
1779,638815,2,255,6,644195,5380
1779,638815,2,255,7,644195,5380
1779,638815,2,255,8,644195,5380
1779,638815,2,255,9,644195,5380
1779,638815,2,255,10,644195,5380
1779,638815,2,255,11,644195,5380
1779,638815,2,255,12,644195,5380
1779,638815,2,255,13,644195,5380
1779,638815,2,255,14,644195,5380
1779,638815,2,255,15,644195,5380
1780,639175,3,255,0,644555,5380
1780,639175,3,255,1,644555,5380
1780,639175,3,255,2,644555,5380
1780,639175,3,255,4,644555,5380
1780,639175,3,255,5,644555,5380
1780,639175,3,255,6,644555,5380
1780,639175,3,255,7,644555,5380
1780,639175,3,255,8,644555,5380
1780,639175,3,255,9,644555,5380
1780,639175,3,255,10,644555,5380
1780,639175,3,255,11,644555,5380
1780,639175,3,255,12,644555,5380
1780,639175,3,255,13,644555,5380
1780,639175,3,255,14,644555,5380
1780,639175,3,255,15,644555,5380
1781,639535,4,14,14,644915,5380
1798,640265,7,3,3,645645,5380
1799,640625,8,11,11,646005,5380
1800,640985,9,255,0,646365,5380
1800,640985,9,255,1,646365,5380
1800,640985,9,255,2,646365,5380
1800,640985,9,255,3,646365,5380
1800,640985,9,255,4,646365,5380
1800,640985,9,255,5,646365,5380
1800,640985,9,255,6,646365,5380
1800,640985,9,255,7,646365,5380
1800,640985,9,255,8,646365,5380
1800,640985,9,255,10,646365,5380
1800,640985,9,255,11,646365,5380
1800,640985,9,255,12,646365,5380
1800,640985,9,255,13,646365,5380
1800,640985,9,255,14,646365,5380
1800,640985,9,255,15,646365,5380
1801,641345,10,255,0,646725,5380
1801,641345,10,255,1,646725,5380
1801,641345,10,255,2,646725,5380
1801,641345,10,255,3,646725,5380
1801,641345,10,255,4,646725,5380
1801,641345,10,255,5,646725,5380
1801,641345,10,255,6,646725,5380
1801,641345,10,255,7,646725,5380
1801,641345,10,255,8,646725,5380
1801,641345,10,255,9,646725,5380
1801,641345,10,255,11,646725,5380
1801,641345,10,255,12,646725,5380
1801,641345,10,255,13,646725,5380
1801,641345,10,255,14,646725,5380
1801,641345,10,255,15,646725,5380
1802,642065,12,13,13,647095,5030
1803,642425,13,1,1,647455,5030
1804,642785,14,6,6,647815,5030
1805,643145,15,3,3,648175,5030
1792,643505,0,14,14,648535,5030
1793,643865,1,11,11,648895,5030
1794,644225,2,1,1,649255,5030
1808,649285,2,56,-1,,
1795,644585,3,255,0,649615,5030
1795,644585,3,255,1,649615,5030
1795,644585,3,255,2,649615,5030
1795,644585,3,255,4,649615,5030
1795,644585,3,255,5,649615,5030
1795,644585,3,255,6,649615,5030
1795,644585,3,255,7,649615,5030
1795,644585,3,255,8,649615,5030
1795,644585,3,255,9,649615,5030
1795,644585,3,255,10,649615,5030
1795,644585,3,255,11,649615,5030
1795,644585,3,255,12,649615,5030
1795,644585,3,255,13,649615,5030
1795,644585,3,255,14,649615,5030
1795,644585,3,255,15,649615,5030
1796,644945,4,255,0,649975,5030
1796,644945,4,255,1,649975,5030
1796,644945,4,255,2,649975,5030
1796,644945,4,255,3,649975,5030
1796,644945,4,255,5,649975,5030
1796,644945,4,255,6,649975,5030
1796,644945,4,255,7,649975,5030
1796,644945,4,255,8,649975,5030
1796,644945,4,255,9,649975,5030
1796,644945,4,255,10,649975,5030
1796,644945,4,255,11,649975,5030
1796,644945,4,255,12,649975,5030
1796,644945,4,255,13,649975,5030
1796,644945,4,255,14,649975,5030
1796,644945,4,255,15,649975,5030
1811,645305,5,6,6,650335,5030
1812,645675,7,10,10,650705,5030
1813,646035,8,9,9,651065,5030
1814,646395,9,13,13,651425,5030
1815,646755,10,15,15,651785,5030
1816,647125,12,5,5,652155,5030
1817,647485,13,0,0,652515,5030
1818,647845,14,5,5,652875,5030
1819,648205,15,5,5,653235,5030
1806,648565,0,11,11,653595,5030
1807,648925,1,255,0,653955,5030
1807,648925,1,255,2,653955,5030
1807,648925,1,255,3,653955,5030
1807,648925,1,255,4,653955,5030
1807,648925,1,255,5,653955,5030
1807,648925,1,255,6,653955,5030
1807,648925,1,255,7,653955,5030
1807,648925,1,255,8,653955,5030
1807,648925,1,255,9,653955,5030
1807,648925,1,255,10,653955,5030
1807,648925,1,255,11,653955,5030
1807,648925,1,255,12,653955,5030
1807,648925,1,255,13,653955,5030
1807,648925,1,255,14,653955,5030
1807,648925,1,255,15,653955,5030
1809,649645,3,4,4,654675,5030
1810,650005,4,7,7,655035,5030
1824,655065,4,253,-1,,
1825,650365,5,255,0,655395,5030
1825,650365,5,255,1,655395,5030
1825,650365,5,255,2,655395,5030
1825,650365,5,255,3,655395,5030
1825,650365,5,255,4,655395,5030
1825,650365,5,255,6,655395,5030
1825,650365,5,255,7,655395,5030
1825,650365,5,255,8,655395,5030
1825,650365,5,255,9,655395,5030
1825,650365,5,255,10,655395,5030
1825,650365,5,255,11,655395,5030
1825,650365,5,255,12,655395,5030
1825,650365,5,255,13,655395,5030
1825,650365,5,255,14,655395,5030
1825,650365,5,255,15,655395,5030
1826,650735,7,1,1,655765,5030
1827,651095,8,0,0,656125,5030
1828,651455,9,15,15,656485,5030
1829,651815,10,255,0,656845,5030
1829,651815,10,255,1,656845,5030
1829,651815,10,255,2,656845,5030
1829,651815,10,255,3,656845,5030
1829,651815,10,255,4,656845,5030
1829,651815,10,255,5,656845,5030
1829,651815,10,255,6,656845,5030
1829,651815,10,255,7,656845,5030
1829,651815,10,255,8,656845,5030
1829,651815,10,255,9,656845,5030
1829,651815,10,255,11,656845,5030
1829,651815,10,255,12,656845,5030
1829,651815,10,255,13,656845,5030
1829,651815,10,255,14,656845,5030
1829,651815,10,255,15,656845,5030
1830,652185,12,255,0,657215,5030
1830,652185,12,255,1,657215,5030
1830,652185,12,255,2,657215,5030
1830,652185,12,255,3,657215,5030
1830,652185,12,255,4,657215,5030
1830,652185,12,255,5,657215,5030
1830,652185,12,255,6,657215,5030
1830,652185,12,255,7,657215,5030
1830,652185,12,255,8,657215,5030
1830,652185,12,255,9,657215,5030
1830,652185,12,255,10,657215,5030
1830,652185,12,255,11,657215,5030
1830,652185,12,255,13,657215,5030
1830,652185,12,255,14,657215,5030
1830,652185,12,255,15,657215,5030
1831,652545,13,3,3,657575,5030
1832,652905,14,9,9,657935,5030
1833,653265,15,6,6,658295,5030
1820,653625,0,11,11,658655,5030
1821,653985,1,2,2,659015,5030
1822,654345,2,15,15,659375,5030
1823,654705,3,255,0,659735,5030
1823,654705,3,255,1,659735,5030
1823,654705,3,255,2,659735,5030
1823,654705,3,255,4,659735,5030
1823,654705,3,255,5,659735,5030
1823,654705,3,255,6,659735,5030
1823,654705,3,255,7,659735,5030
1823,654705,3,255,8,659735,5030
1823,654705,3,255,9,659735,5030
1823,654705,3,255,10,659735,5030
1823,654705,3,255,11,659735,5030
1823,654705,3,255,12,659735,5030
1823,654705,3,255,13,659735,5030
1823,654705,3,255,14,659735,5030
1823,654705,3,255,15,659735,5030
1839,655425,5,15,15,660455,5030
1840,655795,7,6,6,660825,5030
1854,660855,7,238,-1,,
1841,656155,8,11,11,661185,5030
1842,656515,9,6,6,661545,5030
1843,656875,10,2,2,661905,5030
1857,661935,10,114,-1,,
1844,657245,12,255,0,662275,5030
1844,657245,12,255,1,662275,5030
1844,657245,12,255,2,662275,5030
1844,657245,12,255,3,662275,5030
1844,657245,12,255,4,662275,5030
1844,657245,12,255,5,662275,5030
1844,657245,12,255,6,662275,5030
1844,657245,12,255,7,662275,5030
1844,657245,12,255,8,662275,5030
1844,657245,12,255,9,662275,5030
1844,657245,12,255,10,662275,5030
1844,657245,12,255,11,662275,5030
1844,657245,12,255,13,662275,5030
1844,657245,12,255,14,662275,5030
1844,657245,12,255,15,662275,5030
1845,657605,13,7,7,662635,5030
1859,662665,13,163,-1,,
1846,657965,14,12,12,662995,5030
1847,658325,15,13,13,663355,5030
1834,658685,0,10,10,663715,5030
1835,659045,1,2,2,664075,5030
1836,659405,2,4,4,664435,5030
1837,659765,3,5,5,664795,5030
1838,660125,4,0,0,665155,5030
1853,660485,5,8,8,665515,5030
1868,665915,7,142,-1,,
1855,661215,8,3,3,666245,5030
1856,661575,9,7,7,666605,5030
1858,662305,12,255,0,667335,5030
1858,662305,12,255,1,667335,5030
1858,662305,12,255,2,667335,5030
1858,662305,12,255,3,667335,5030
1858,662305,12,255,4,667335,5030
1858,662305,12,255,5,667335,5030
1858,662305,12,255,6,667335,5030
1858,662305,12,255,7,667335,5030
1858,662305,12,255,8,667335,5030
1858,662305,12,255,9,667335,5030
1858,662305,12,255,10,667335,5030
1858,662305,12,255,11,667335,5030
1858,662305,12,255,13,667335,5030
1858,662305,12,255,14,667335,5030
1858,662305,12,255,15,667335,5030
1860,663025,14,255,0,668055,5030
1860,663025,14,255,1,668055,5030
1860,663025,14,255,2,668055,5030
1860,663025,14,255,3,668055,5030
1860,663025,14,255,4,668055,5030
1860,663025,14,255,5,668055,5030
1860,663025,14,255,6,668055,5030
1860,663025,14,255,7,668055,5030
1860,663025,14,255,8,668055,5030
1860,663025,14,255,9,668055,5030
1860,663025,14,255,10,668055,5030
1860,663025,14,255,11,668055,5030
1860,663025,14,255,12,668055,5030
1860,663025,14,255,13,668055,5030
1860,663025,14,255,15,668055,5030
1861,663385,15,5,5,668415,5030
1848,663745,0,11,11,668775,5030
1849,664105,1,12,12,669135,5030
1850,664465,2,14,14,669495,5030
1851,664825,3,2,2,669855,5030
1852,665185,4,6,6,670215,5030
1867,665545,5,6,6,670575,5030
1869,666275,8,15,15,671305,5030
1870,666635,9,10,10,671665,5030
1871,666995,10,4,4,672025,5030
1872,667365,12,1,1,672395,5030
1873,667725,13,9,9,672755,5030
1874,668085,14,0,0,673115,5030
1875,668445,15,11,11,673475,5030
1862,668805,0,12,12,673835,5030
1863,669165,1,15,15,674195,5030
1864,669525,2,8,8,674555,5030
1865,669885,3,4,4,674915,5030
1866,670245,4,5,5,675275,5030
1881,670605,5,9,9,675635,5030
1882,670975,7,1,1,676005,5030
1883,671335,8,15,15,676365,5030
1884,671695,9,5,5,676725,5030
1885,672055,10,14,14,677085,5030
1886,672425,12,4,4,677455,5030
1887,672785,13,6,6,677815,5030
1888,673145,14,7,7,678175,5030
1889,673505,15,4,4,678535,5030
1876,673865,0,1,1,678895,5030
1877,674225,1,3,3,679255,5030
1878,674585,2,7,7,679615,5030
1879,674945,3,2,2,679975,5030
1893,680005,3,138,-1,,
1880,675305,4,8,8,680335,5030
1895,675665,5,255,0,680695,5030
1895,675665,5,255,1,680695,5030
1895,675665,5,255,2,680695,5030
1895,675665,5,255,3,680695,5030
1895,675665,5,255,4,680695,5030
1895,675665,5,255,6,680695,5030
1895,675665,5,255,7,680695,5030
1895,675665,5,255,8,680695,5030
1895,675665,5,255,9,680695,5030
1895,675665,5,255,10,680695,5030
1895,675665,5,255,11,680695,5030
1895,675665,5,255,12,680695,5030
1895,675665,5,255,13,680695,5030
1895,675665,5,255,14,680695,5030
1895,675665,5,255,15,680695,5030
1896,676035,7,13,13,681065,5030
1897,676395,8,255,0,681425,5030
1897,676395,8,255,1,681425,5030
1897,676395,8,255,2,681425,5030
1897,676395,8,255,3,681425,5030
1897,676395,8,255,4,681425,5030
1897,676395,8,255,5,681425,5030
1897,676395,8,255,6,681425,5030
1897,676395,8,255,7,681425,5030
1897,676395,8,255,9,681425,5030
1897,676395,8,255,10,681425,5030
1897,676395,8,255,11,681425,5030
1897,676395,8,255,12,681425,5030
1897,676395,8,255,13,681425,5030
1897,676395,8,255,14,681425,5030
1897,676395,8,255,15,681425,5030
1898,676755,9,2,2,681785,5030
1899,677115,10,255,0,682145,5030
1899,677115,10,255,1,682145,5030
1899,677115,10,255,2,682145,5030
1899,677115,10,255,3,682145,5030
1899,677115,10,255,4,682145,5030
1899,677115,10,255,5,682145,5030
1899,677115,10,255,6,682145,5030
1899,677115,10,255,7,682145,5030
1899,677115,10,255,8,682145,5030
1899,677115,10,255,9,682145,5030
1899,677115,10,255,11,682145,5030
1899,677115,10,255,12,682145,5030
1899,677115,10,255,13,682145,5030
1899,677115,10,255,14,682145,5030
1899,677115,10,255,15,682145,5030
1900,677485,12,7,7,682515,5030
1901,677845,13,1,1,682875,5030
1902,678205,14,255,0,683235,5030
1902,678205,14,255,1,683235,5030
1902,678205,14,255,2,683235,5030
1902,678205,14,255,3,683235,5030
1902,678205,14,255,4,683235,5030
1902,678205,14,255,5,683235,5030
1902,678205,14,255,6,683235,5030
1902,678205,14,255,7,683235,5030
1902,678205,14,255,8,683235,5030
1902,678205,14,255,9,683235,5030
1902,678205,14,255,10,683235,5030
1902,678205,14,255,11,683235,5030
1902,678205,14,255,12,683235,5030
1902,678205,14,255,13,683235,5030
1902,678205,14,255,15,683235,5030
1903,678565,15,9,9,683595,5030
1890,678925,0,2,2,683955,5030
1891,679285,1,7,7,684315,5030
1892,679645,2,6,6,684675,5030
1894,680365,4,255,0,685395,5030
1894,680365,4,255,1,685395,5030
1894,680365,4,255,2,685395,5030
1894,680365,4,255,3,685395,5030
1894,680365,4,255,5,685395,5030
1894,680365,4,255,6,685395,5030
1894,680365,4,255,7,685395,5030
1894,680365,4,255,8,685395,5030
1894,680365,4,255,9,685395,5030
1894,680365,4,255,10,685395,5030
1894,680365,4,255,11,685395,5030
1894,680365,4,255,12,685395,5030
1894,680365,4,255,13,685395,5030
1894,680365,4,255,14,685395,5030
1894,680365,4,255,15,685395,5030
1908,680725,5,10,10,685755,5030
1909,681095,7,6,6,686125,5030
1910,681455,8,15,15,686485,5030
1911,681815,9,255,0,686845,5030
1911,681815,9,255,1,686845,5030
1911,681815,9,255,2,686845,5030
1911,681815,9,255,3,686845,5030
1911,681815,9,255,4,686845,5030
1911,681815,9,255,5,686845,5030
1911,681815,9,255,6,686845,5030
1911,681815,9,255,7,686845,5030
1911,681815,9,255,8,686845,5030
1911,681815,9,255,10,686845,5030
1911,681815,9,255,11,686845,5030
1911,681815,9,255,12,686845,5030
1911,681815,9,255,13,686845,5030
1911,681815,9,255,14,686845,5030
1911,681815,9,255,15,686845,5030
1912,682175,10,15,15,687205,5030
1913,682545,12,1,1,687575,5030
1914,682905,13,11,11,687935,5030
1927,687965,13,122,-1,,
1915,683265,14,1,1,688295,5030
1916,683625,15,14,14,688655,5030
1904,683985,0,14,14,689015,5030
1905,684345,1,6,6,689375,5030
1906,684705,2,14,14,689735,5030
1907,685425,4,12,12,690105,4680
1921,685785,5,14,14,690465,4680
1934,690495,5,183,-1,,
1922,686155,7,5,5,690835,4680
1935,690865,7,230,-1,,
1923,686515,8,1,1,691195,4680
1924,686875,9,1,1,691555,4680
1925,687235,10,255,0,691915,4680
1925,687235,10,255,1,691915,4680
1925,687235,10,255,2,691915,4680
1925,687235,10,255,3,691915,4680
1925,687235,10,255,4,691915,4680
1925,687235,10,255,5,691915,4680
1925,687235,10,255,6,691915,4680
1925,687235,10,255,7,691915,4680
1925,687235,10,255,8,691915,4680
1925,687235,10,255,9,691915,4680
1925,687235,10,255,11,691915,4680
1925,687235,10,255,12,691915,4680
1925,687235,10,255,13,691915,4680
1925,687235,10,255,14,691915,4680
1925,687235,10,255,15,691915,4680
1926,687605,12,5,5,692285,4680
1940,692675,13,195,-1,,
1928,688325,14,255,0,693005,4680
1928,688325,14,255,1,693005,4680
1928,688325,14,255,2,693005,4680
1928,688325,14,255,3,693005,4680
1928,688325,14,255,4,693005,4680
1928,688325,14,255,5,693005,4680
1928,688325,14,255,6,693005,4680
1928,688325,14,255,7,693005,4680
1928,688325,14,255,8,693005,4680
1928,688325,14,255,9,693005,4680
1928,688325,14,255,10,693005,4680
1928,688325,14,255,11,693005,4680
1928,688325,14,255,12,693005,4680
1928,688325,14,255,13,693005,4680
1928,688325,14,255,15,693005,4680
1929,688685,15,6,6,693365,4680
1917,689045,0,255,1,693725,4680
1917,689045,0,255,2,693725,4680
1917,689045,0,255,3,693725,4680
1917,689045,0,255,4,693725,4680
1917,689045,0,255,5,693725,4680
1917,689045,0,255,6,693725,4680
1917,689045,0,255,7,693725,4680
1917,689045,0,255,8,693725,4680
1917,689045,0,255,9,693725,4680
1917,689045,0,255,10,693725,4680
1917,689045,0,255,11,693725,4680
1917,689045,0,255,12,693725,4680
1917,689045,0,255,13,693725,4680
1917,689045,0,255,14,693725,4680
1917,689045,0,255,15,693725,4680
1918,689405,1,14,14,694085,4680
1919,689765,2,11,11,694445,4680
1920,690135,4,255,0,694815,4680
1920,690135,4,255,1,694815,4680
1920,690135,4,255,2,694815,4680
1920,690135,4,255,3,694815,4680
1920,690135,4,255,5,694815,4680
1920,690135,4,255,6,694815,4680
1920,690135,4,255,7,694815,4680
1920,690135,4,255,8,694815,4680
1920,690135,4,255,9,694815,4680
1920,690135,4,255,10,694815,4680
1920,690135,4,255,11,694815,4680
1920,690135,4,255,12,694815,4680
1920,690135,4,255,13,694815,4680
1920,690135,4,255,14,694815,4680
1920,690135,4,255,15,694815,4680
1933,694845,4,127,-1,,
1936,691225,8,2,2,695905,4680
1937,691585,9,15,15,696265,4680
1938,691945,10,9,9,696625,4680
1939,692315,12,255,0,696995,4680
1939,692315,12,255,1,696995,4680
1939,692315,12,255,2,696995,4680
1939,692315,12,255,3,696995,4680
1939,692315,12,255,4,696995,4680
1939,692315,12,255,5,696995,4680
1939,692315,12,255,6,696995,4680
1939,692315,12,255,7,696995,4680
1939,692315,12,255,8,696995,4680
1939,692315,12,255,9,696995,4680
1939,692315,12,255,10,696995,4680
1939,692315,12,255,11,696995,4680
1939,692315,12,255,13,696995,4680
1939,692315,12,255,14,696995,4680
1939,692315,12,255,15,696995,4680
1941,693035,14,13,13,697715,4680
1954,697745,14,163,-1,,
1942,693395,15,11,11,698075,4680
1930,693755,0,11,11,698435,4680
1931,694115,1,255,0,698795,4680
1931,694115,1,255,2,698795,4680
1931,694115,1,255,3,698795,4680
1931,694115,1,255,4,698795,4680
1931,694115,1,255,5,698795,4680
1931,694115,1,255,6,698795,4680
1931,694115,1,255,7,698795,4680
1931,694115,1,255,8,698795,4680
1931,694115,1,255,9,698795,4680
1931,694115,1,255,10,698795,4680
1931,694115,1,255,11,698795,4680
1931,694115,1,255,12,698795,4680
1931,694115,1,255,13,698795,4680
1931,694115,1,255,14,698795,4680
1931,694115,1,255,15,698795,4680
1944,698825,1,170,-1,,
1932,694475,2,5,5,699155,4680
1947,695205,5,3,3,699885,4680
1948,695575,7,10,10,700255,4680
1949,695935,8,255,0,700615,4680
1949,695935,8,255,1,700615,4680
1949,695935,8,255,2,700615,4680
1949,695935,8,255,3,700615,4680
1949,695935,8,255,4,700615,4680
1949,695935,8,255,5,700615,4680
1949,695935,8,255,6,700615,4680
1949,695935,8,255,7,700615,4680
1949,695935,8,255,9,700615,4680
1949,695935,8,255,10,700615,4680
1949,695935,8,255,11,700615,4680
1949,695935,8,255,12,700615,4680
1949,695935,8,255,13,700615,4680
1949,695935,8,255,14,700615,4680
1949,695935,8,255,15,700615,4680
1950,696295,9,13,13,700975,4680
1951,696655,10,6,6,701335,4680
1952,697025,12,15,15,701705,4680
1953,697385,13,11,11,702065,4680
1955,698105,15,255,0,702785,4680
1955,698105,15,255,1,702785,4680
1955,698105,15,255,2,702785,4680
1955,698105,15,255,3,702785,4680
1955,698105,15,255,4,702785,4680
1955,698105,15,255,5,702785,4680
1955,698105,15,255,6,702785,4680
1955,698105,15,255,7,702785,4680
1955,698105,15,255,8,702785,4680
1955,698105,15,255,9,702785,4680
1955,698105,15,255,10,702785,4680
1955,698105,15,255,11,702785,4680
1955,698105,15,255,12,702785,4680
1955,698105,15,255,13,702785,4680
1955,698105,15,255,14,702785,4680
1943,698465,0,3,3,703145,4680
1945,699185,2,1,1,703865,4680
1946,699555,4,3,3,704235,4680
1960,699915,5,8,8,704595,4680
1961,700285,7,255,0,704965,4680
1961,700285,7,255,1,704965,4680
1961,700285,7,255,2,704965,4680
1961,700285,7,255,3,704965,4680
1961,700285,7,255,4,704965,4680
1961,700285,7,255,5,704965,4680
1961,700285,7,255,6,704965,4680
1961,700285,7,255,8,704965,4680
1961,700285,7,255,9,704965,4680
1961,700285,7,255,10,704965,4680
1961,700285,7,255,11,704965,4680
1961,700285,7,255,12,704965,4680
1961,700285,7,255,13,704965,4680
1961,700285,7,255,14,704965,4680
1961,700285,7,255,15,704965,4680
1962,700645,8,0,0,705325,4680
1963,701005,9,11,11,705685,4680
1964,701365,10,4,4,706045,4680
1965,701735,12,7,7,706415,4680
1966,702095,13,0,0,706775,4680
1967,702455,14,4,4,707135,4680
1968,702815,15,2,2,707495,4680
1956,703175,0,2,2,707855,4680
1957,703535,1,7,7,708215,4680
1958,703895,2,8,8,708575,4680
1959,704265,4,11,11,708945,4680
1973,704625,5,9,9,709305,4680
1986,709335,5,127,-1,,
1974,704995,7,5,5,709675,4680
1975,705355,8,255,0,710035,4680
1975,705355,8,255,1,710035,4680
1975,705355,8,255,2,710035,4680
1975,705355,8,255,3,710035,4680
1975,705355,8,255,4,710035,4680
1975,705355,8,255,5,710035,4680
1975,705355,8,255,6,710035,4680
1975,705355,8,255,7,710035,4680
1975,705355,8,255,9,710035,4680
1975,705355,8,255,10,710035,4680
1975,705355,8,255,11,710035,4680
1975,705355,8,255,12,710035,4680
1975,705355,8,255,13,710035,4680
1975,705355,8,255,14,710035,4680
1975,705355,8,255,15,710035,4680
1988,710065,8,165,-1,,
1976,705715,9,8,8,710395,4680
1977,706075,10,9,9,710755,4680
1978,706445,12,11,11,711125,4680
1979,706805,13,2,2,711485,4680
1980,707165,14,2,2,711845,4680
1981,707525,15,5,5,712205,4680
1969,707885,0,7,7,712565,4680
1970,708245,1,6,6,712925,4680
1971,708605,2,7,7,713285,4680
1972,708975,4,7,7,713655,4680
1987,709705,7,15,15,714385,4680
1989,710425,9,11,11,715105,4680
1990,710785,10,3,3,715465,4680
1991,711155,12,6,6,715835,4680
1992,711515,13,255,0,716195,4680
1992,711515,13,255,1,716195,4680
1992,711515,13,255,2,716195,4680
1992,711515,13,255,3,716195,4680
1992,711515,13,255,4,716195,4680
1992,711515,13,255,5,716195,4680
1992,711515,13,255,6,716195,4680
1992,711515,13,255,7,716195,4680
1992,711515,13,255,8,716195,4680
1992,711515,13,255,9,716195,4680
1992,711515,13,255,10,716195,4680
1992,711515,13,255,11,716195,4680
1992,711515,13,255,12,716195,4680
1992,711515,13,255,14,716195,4680
1992,711515,13,255,15,716195,4680
1993,711875,14,13,13,716555,4680
1994,712235,15,10,10,716915,4680
1982,712595,0,6,6,717275,4680
1983,712955,1,255,0,717635,4680
1983,712955,1,255,2,717635,4680
1983,712955,1,255,3,717635,4680
1983,712955,1,255,4,717635,4680
1983,712955,1,255,5,717635,4680
1983,712955,1,255,6,717635,4680
1983,712955,1,255,7,717635,4680
1983,712955,1,255,8,717635,4680
1983,712955,1,255,9,717635,4680
1983,712955,1,255,10,717635,4680
1983,712955,1,255,11,717635,4680
1983,712955,1,255,12,717635,4680
1983,712955,1,255,13,717635,4680
1983,712955,1,255,14,717635,4680
1983,712955,1,255,15,717635,4680
1984,713315,2,5,5,717995,4680
1985,713685,4,3,3,718365,4680
1999,714045,5,8,8,718725,4680
2000,714415,7,5,5,719095,4680
2001,714775,8,5,5,719455,4680
2002,715135,9,8,8,719815,4680
2003,715495,10,15,15,720175,4680
2004,715865,12,15,15,720545,4680
2005,716225,13,10,10,720905,4680
2006,716585,14,255,0,721265,4680
2006,716585,14,255,1,721265,4680
2006,716585,14,255,2,721265,4680
2006,716585,14,255,3,721265,4680
2006,716585,14,255,4,721265,4680
2006,716585,14,255,5,721265,4680
2006,716585,14,255,6,721265,4680
2006,716585,14,255,7,721265,4680
2006,716585,14,255,8,721265,4680
2006,716585,14,255,9,721265,4680
2006,716585,14,255,10,721265,4680
2006,716585,14,255,11,721265,4680
2006,716585,14,255,12,721265,4680
2006,716585,14,255,13,721265,4680
2006,716585,14,255,15,721265,4680
1995,717305,0,14,14,721635,4330
1996,717665,1,14,14,721995,4330
2008,722025,1,121,-1,,
1997,718025,2,8,8,722355,4330
1998,718395,4,0,0,722725,4330
2011,718755,5,8,8,723085,4330
2012,719125,7,2,2,723455,4330
2013,719485,8,5,5,723815,4330
2014,719845,9,1,1,724175,4330
2015,720205,10,4,4,724535,4330
2016,720575,12,255,0,724905,4330
2016,720575,12,255,1,724905,4330
2016,720575,12,255,2,724905,4330
2016,720575,12,255,3,724905,4330
2016,720575,12,255,4,724905,4330
2016,720575,12,255,5,724905,4330
2016,720575,12,255,6,724905,4330
2016,720575,12,255,7,724905,4330
2016,720575,12,255,8,724905,4330
2016,720575,12,255,9,724905,4330
2016,720575,12,255,10,724905,4330
2016,720575,12,255,11,724905,4330
2016,720575,12,255,13,724905,4330
2016,720575,12,255,14,724905,4330
2016,720575,12,255,15,724905,4330
2017,720935,13,10,10,725265,4330
2018,721295,14,255,0,725625,4330
2018,721295,14,255,1,725625,4330
2018,721295,14,255,2,725625,4330
2018,721295,14,255,3,725625,4330
2018,721295,14,255,4,725625,4330
2018,721295,14,255,5,725625,4330
2018,721295,14,255,6,725625,4330
2018,721295,14,255,7,725625,4330
2018,721295,14,255,8,725625,4330
2018,721295,14,255,9,725625,4330
2018,721295,14,255,10,725625,4330
2018,721295,14,255,11,725625,4330
2018,721295,14,255,12,725625,4330
2018,721295,14,255,13,725625,4330
2018,721295,14,255,15,725625,4330
2007,721665,0,2,2,725995,4330
2009,722385,2,5,5,726715,4330
2010,722755,4,2,2,727085,4330
2023,723115,5,9,9,727445,4330
2024,723485,7,5,5,727815,4330
2025,723845,8,7,7,728175,4330
2026,724205,9,10,10,728535,4330
2027,724565,10,15,15,728895,4330
2028,724935,12,9,9,729265,4330
2029,725295,13,1,1,729625,4330
2030,725655,14,5,5,729985,4330
2019,726025,0,7,7,730355,4330
2020,726385,1,15,15,730715,4330
2032,730745,1,180,-1,,
2021,726745,2,5,5,731075,4330
2022,727115,4,8,8,731445,4330
2035,727475,5,13,13,731805,4330
2036,727845,7,2,2,732175,4330
2037,728205,8,1,1,732535,4330
2038,728565,9,3,3,732895,4330
2039,728925,10,3,3,733255,4330
2040,729295,12,7,7,733625,4330
2041,729655,13,1,1,733985,4330
2042,730015,14,13,13,734345,4330
2031,730385,0,3,3,734715,4330
2033,731105,2,8,8,735435,4330
2034,731475,4,15,15,735805,4330
2047,731835,5,8,8,736165,4330
2059,736195,5,166,-1,,
2048,732205,7,6,6,736535,4330
2049,732565,8,12,12,736895,4330
2050,732925,9,4,4,737255,4330
2051,733285,10,255,0,737615,4330
2051,733285,10,255,1,737615,4330
2051,733285,10,255,2,737615,4330
2051,733285,10,255,3,737615,4330
2051,733285,10,255,4,737615,4330
2051,733285,10,255,5,737615,4330
2051,733285,10,255,6,737615,4330
2051,733285,10,255,7,737615,4330
2051,733285,10,255,8,737615,4330
2051,733285,10,255,9,737615,4330
2051,733285,10,255,11,737615,4330
2051,733285,10,255,12,737615,4330
2051,733285,10,255,13,737615,4330
2051,733285,10,255,14,737615,4330
2051,733285,10,255,15,737615,4330
2063,737645,10,37,-1,,
2052,733655,12,4,4,737985,4330
2053,734015,13,4,4,738345,4330
2054,734375,14,4,4,738705,4330
2043,734745,0,13,13,739075,4330
2044,735105,1,7,7,739435,4330
2045,735465,2,12,12,739795,4330
2046,735835,4,1,1,740165,4330
2060,736565,7,2,2,740895,4330
2061,736925,8,9,9,741255,4330
2062,737285,9,12,12,741615,4330
2075,742005,10,50,-1,,
2064,738015,12,2,2,742345,4330
2065,738375,13,255,0,742705,4330
2065,738375,13,255,1,742705,4330
2065,738375,13,255,2,742705,4330
2065,738375,13,255,3,742705,4330
2065,738375,13,255,4,742705,4330
2065,738375,13,255,5,742705,4330
2065,738375,13,255,6,742705,4330
2065,738375,13,255,7,742705,4330
2065,738375,13,255,8,742705,4330
2065,738375,13,255,9,742705,4330
2065,738375,13,255,10,742705,4330
2065,738375,13,255,11,742705,4330
2065,738375,13,255,12,742705,4330
2065,738375,13,255,14,742705,4330
2065,738375,13,255,15,742705,4330
2077,742735,13,177,-1,,
2066,738735,14,5,5,743065,4330
2055,739105,0,8,8,743435,4330
2056,739465,1,11,11,743795,4330
2057,739825,2,12,12,744155,4330
2058,740195,4,9,9,744525,4330
2071,740555,5,2,2,744885,4330
2072,740925,7,12,12,745255,4330
2073,741285,8,6,6,745615,4330
2085,745645,8,238,-1,,
2074,741645,9,2,2,745975,4330
2076,742375,12,10,10,746705,4330
2078,743095,14,4,4,747425,4330
2067,743465,0,255,1,747795,4330
2067,743465,0,255,2,747795,4330
2067,743465,0,255,3,747795,4330
2067,743465,0,255,4,747795,4330
2067,743465,0,255,5,747795,4330
2067,743465,0,255,6,747795,4330
2067,743465,0,255,7,747795,4330
2067,743465,0,255,8,747795,4330
2067,743465,0,255,9,747795,4330
2067,743465,0,255,10,747795,4330
2067,743465,0,255,11,747795,4330
2067,743465,0,255,12,747795,4330
2067,743465,0,255,13,747795,4330
2067,743465,0,255,14,747795,4330
2067,743465,0,255,15,747795,4330
2068,743825,1,8,8,748155,4330
2069,744185,2,7,7,748515,4330
2070,744555,4,2,2,748885,4330
2083,744915,5,4,4,749245,4330
2084,745285,7,255,0,749615,4330
2084,745285,7,255,1,749615,4330
2084,745285,7,255,2,749615,4330
2084,745285,7,255,3,749615,4330
2084,745285,7,255,4,749615,4330
2084,745285,7,255,5,749615,4330
2084,745285,7,255,6,749615,4330
2084,745285,7,255,8,749615,4330
2084,745285,7,255,9,749615,4330
2084,745285,7,255,10,749615,4330
2084,745285,7,255,11,749615,4330
2084,745285,7,255,12,749615,4330
2084,745285,7,255,13,749615,4330
2084,745285,7,255,14,749615,4330
2084,745285,7,255,15,749615,4330
2086,746005,9,2,2,750335,4330
2087,746365,10,4,4,750695,4330
2088,746735,12,6,6,751065,4330
2100,751095,12,153,-1,,
2089,747095,13,7,7,751425,4330
2090,747455,14,8,8,751785,4330
2079,747825,0,11,11,752155,4330
2080,748185,1,10,10,752515,4330
2081,748545,2,0,0,752875,4330
2082,748915,4,1,1,753245,4330
2095,749275,5,15,15,753605,4330
2096,749645,7,14,14,753975,4330
2097,750005,8,9,9,754335,4330
2098,750365,9,14,14,754695,4330
2099,750725,10,9,9,755055,4330
2101,751455,13,8,8,755785,4330
2113,755815,13,140,-1,,
2102,751815,14,6,6,756145,4330
2091,752185,0,13,13,756515,4330
2103,756545,0,242,-1,,
2092,752545,1,6,6,756875,4330
2093,752905,2,15,15,757235,4330
2094,753275,4,10,10,757605,4330
2107,753635,5,2,2,757965,4330
2108,754005,7,10,10,758335,4330
2109,754365,8,255,0,758695,4330
2109,754365,8,255,1,758695,4330
2109,754365,8,255,2,758695,4330
2109,754365,8,255,3,758695,4330
2109,754365,8,255,4,758695,4330
2109,754365,8,255,5,758695,4330
2109,754365,8,255,6,758695,4330
2109,754365,8,255,7,758695,4330
2109,754365,8,255,9,758695,4330
2109,754365,8,255,10,758695,4330
2109,754365,8,255,11,758695,4330
2109,754365,8,255,12,758695,4330
2109,754365,8,255,13,758695,4330
2109,754365,8,255,14,758695,4330
2109,754365,8,255,15,758695,4330
2110,754725,9,4,4,759055,4330
2111,755085,10,5,5,759415,4330
2112,755455,12,7,7,759785,4330
2114,756175,14,7,7,760505,4330
2104,756905,1,8,8,761235,4330
2105,757265,2,7,7,761595,4330
2106,757635,4,10,10,761965,4330
2119,757995,5,10,10,762325,4330
2120,758365,7,3,3,762695,4330
2121,758725,8,255,0,763055,4330
2121,758725,8,255,1,763055,4330
2121,758725,8,255,2,763055,4330
2121,758725,8,255,3,763055,4330
2121,758725,8,255,4,763055,4330
2121,758725,8,255,5,763055,4330
2121,758725,8,255,6,763055,4330
2121,758725,8,255,7,763055,4330
2121,758725,8,255,9,763055,4330
2121,758725,8,255,10,763055,4330
2121,758725,8,255,11,763055,4330
2121,758725,8,255,12,763055,4330
2121,758725,8,255,13,763055,4330
2121,758725,8,255,14,763055,4330
2121,758725,8,255,15,763055,4330
2122,759085,9,3,3,763415,4330
2123,759445,10,7,7,763775,4330
2124,759815,12,255,0,764145,4330
2124,759815,12,255,1,764145,4330
2124,759815,12,255,2,764145,4330
2124,759815,12,255,3,764145,4330
2124,759815,12,255,4,764145,4330
2124,759815,12,255,5,764145,4330
2124,759815,12,255,6,764145,4330
2124,759815,12,255,7,764145,4330
2124,759815,12,255,8,764145,4330
2124,759815,12,255,9,764145,4330
2124,759815,12,255,10,764145,4330
2124,759815,12,255,11,764145,4330
2124,759815,12,255,13,764145,4330
2124,759815,12,255,14,764145,4330
2124,759815,12,255,15,764145,4330
2125,760175,13,12,12,764505,4330
2126,760535,14,11,11,764865,4330
2138,764895,14,22,-1,,
2115,760905,0,15,15,765235,4330
2116,761265,1,4,4,765595,4330
2117,761625,2,11,11,765955,4330
2118,761995,4,8,8,766325,4330
2131,762355,5,1,1,766685,4330
2132,762725,7,10,10,767055,4330
2133,763085,8,15,15,767415,4330
2134,763445,9,5,5,767775,4330
2135,763805,10,15,15,768135,4330
2136,764175,12,8,8,768505,4330
2137,764535,13,9,9,768865,4330
2149,768895,13,62,-1,,
2127,765265,0,9,9,769595,4330
2128,765625,1,4,4,769955,4330
2129,765985,2,10,10,770315,4330
2130,766355,4,14,14,770685,4330
2142,770715,4,180,-1,,
2143,766715,5,6,6,771045,4330
2144,767085,7,255,0,771415,4330
2144,767085,7,255,1,771415,4330
2144,767085,7,255,2,771415,4330
2144,767085,7,255,3,771415,4330
2144,767085,7,255,4,771415,4330
2144,767085,7,255,5,771415,4330
2144,767085,7,255,6,771415,4330
2144,767085,7,255,8,771415,4330
2144,767085,7,255,9,771415,4330
2144,767085,7,255,10,771415,4330
2144,767085,7,255,11,771415,4330
2144,767085,7,255,12,771415,4330
2144,767085,7,255,13,771415,4330
2144,767085,7,255,14,771415,4330
2144,767085,7,255,15,771415,4330
2145,767445,8,7,7,771775,4330
2146,767805,9,255,0,772135,4330
2146,767805,9,255,1,772135,4330
2146,767805,9,255,2,772135,4330
2146,767805,9,255,3,772135,4330
2146,767805,9,255,4,772135,4330
2146,767805,9,255,5,772135,4330
2146,767805,9,255,6,772135,4330
2146,767805,9,255,7,772135,4330
2146,767805,9,255,8,772135,4330
2146,767805,9,255,10,772135,4330
2146,767805,9,255,11,772135,4330
2146,767805,9,255,12,772135,4330
2146,767805,9,255,13,772135,4330
2146,767805,9,255,14,772135,4330
2146,767805,9,255,15,772135,4330
2147,768165,10,5,5,772495,4330
2148,768535,12,11,11,772865,4330
2150,769255,14,15,15,773585,4330
2139,769625,0,4,4,773955,4330
2140,769985,1,2,2,774315,4330
2141,770345,2,255,0,774675,4330
2141,770345,2,255,1,774675,4330
2141,770345,2,255,3,774675,4330
2141,770345,2,255,4,774675,4330
2141,770345,2,255,5,774675,4330
2141,770345,2,255,6,774675,4330
2141,770345,2,255,7,774675,4330
2141,770345,2,255,8,774675,4330
2141,770345,2,255,9,774675,4330
2141,770345,2,255,10,774675,4330
2141,770345,2,255,11,774675,4330
2141,770345,2,255,12,774675,4330
2141,770345,2,255,13,774675,4330
2141,770345,2,255,14,774675,4330
2141,770345,2,255,15,774675,4330
2155,771075,5,6,6,775405,4330
2156,771445,7,10,10,775775,4330
2157,771805,8,15,15,776135,4330
2158,772165,9,0,0,776495,4330
2159,772525,10,3,3,776855,4330
2160,772895,12,255,0,777225,4330
2160,772895,12,255,1,777225,4330
2160,772895,12,255,2,777225,4330
2160,772895,12,255,3,777225,4330
2160,772895,12,255,4,777225,4330
2160,772895,12,255,5,777225,4330
2160,772895,12,255,6,777225,4330
2160,772895,12,255,7,777225,4330
2160,772895,12,255,8,777225,4330
2160,772895,12,255,9,777225,4330
2160,772895,12,255,10,777225,4330
2160,772895,12,255,11,777225,4330
2160,772895,12,255,13,777225,4330
2160,772895,12,255,14,777225,4330
2160,772895,12,255,15,777225,4330
2161,773255,13,255,0,777585,4330
2161,773255,13,255,1,777585,4330
2161,773255,13,255,2,777585,4330
2161,773255,13,255,3,777585,4330
2161,773255,13,255,4,777585,4330
2161,773255,13,255,5,777585,4330
2161,773255,13,255,6,777585,4330
2161,773255,13,255,7,777585,4330
2161,773255,13,255,8,777585,4330
2161,773255,13,255,9,777585,4330
2161,773255,13,255,10,777585,4330
2161,773255,13,255,11,777585,4330
2161,773255,13,255,12,777585,4330
2161,773255,13,255,14,777585,4330
2161,773255,13,255,15,777585,4330
2162,773615,14,10,10,777945,4330
2151,773985,0,8,8,778315,4330
2152,774345,1,11,11,778675,4330
2153,774705,2,0,0,779035,4330
2165,779065,2,38,-1,,
2154,775075,4,255,0,779405,4330
2154,775075,4,255,1,779405,4330
2154,775075,4,255,2,779405,4330
2154,775075,4,255,3,779405,4330
2154,775075,4,255,5,779405,4330
2154,775075,4,255,6,779405,4330
2154,775075,4,255,7,779405,4330
2154,775075,4,255,8,779405,4330
2154,775075,4,255,9,779405,4330
2154,775075,4,255,10,779405,4330
2154,775075,4,255,11,779405,4330
2154,775075,4,255,12,779405,4330
2154,775075,4,255,13,779405,4330
2154,775075,4,255,14,779405,4330
2154,775075,4,255,15,779405,4330
2167,775435,5,11,11,779765,4330
2168,775805,7,11,11,780135,4330
2169,776165,8,14,14,780495,4330
2170,776525,9,5,5,780855,4330
2171,776885,10,8,8,781215,4330
2172,777255,12,0,0,781585,4330
2173,777615,13,15,15,781945,4330
2174,777975,14,3,3,782305,4330
2186,782335,14,253,-1,,
2163,778345,0,2,2,782675,4330
2164,778705,1,14,14,783035,4330
2177,783425,2,166,-1,,
2166,779435,4,5,5,783765,4330
2179,779795,5,13,13,784125,4330
2180,780165,7,14,14,784495,4330
2192,784525,7,150,-1,,
2181,780525,8,255,0,784855,4330
2181,780525,8,255,1,784855,4330
2181,780525,8,255,2,784855,4330
2181,780525,8,255,3,784855,4330
2181,780525,8,255,4,784855,4330
2181,780525,8,255,5,784855,4330
2181,780525,8,255,6,784855,4330
2181,780525,8,255,7,784855,4330
2181,780525,8,255,9,784855,4330
2181,780525,8,255,10,784855,4330
2181,780525,8,255,11,784855,4330
2181,780525,8,255,12,784855,4330
2181,780525,8,255,13,784855,4330
2181,780525,8,255,14,784855,4330
2181,780525,8,255,15,784855,4330
2182,780885,9,5,5,785215,4330
2183,781245,10,6,6,785575,4330
2184,781615,12,255,0,785945,4330
2184,781615,12,255,1,785945,4330
2184,781615,12,255,2,785945,4330
2184,781615,12,255,3,785945,4330
2184,781615,12,255,4,785945,4330
2184,781615,12,255,5,785945,4330
2184,781615,12,255,6,785945,4330
2184,781615,12,255,7,785945,4330
2184,781615,12,255,8,785945,4330
2184,781615,12,255,9,785945,4330
2184,781615,12,255,10,785945,4330
2184,781615,12,255,11,785945,4330
2184,781615,12,255,13,785945,4330
2184,781615,12,255,14,785945,4330
2184,781615,12,255,15,785945,4330
2185,781975,13,9,9,786305,4330
2175,782705,0,14,14,787035,4330
2176,783065,1,3,3,787395,4330
2188,787425,1,49,-1,,
2178,783795,4,255,0,788125,4330
2178,783795,4,255,1,788125,4330
2178,783795,4,255,2,788125,4330
2178,783795,4,255,3,788125,4330
2178,783795,4,255,5,788125,4330
2178,783795,4,255,6,788125,4330
2178,783795,4,255,7,788125,4330
2178,783795,4,255,8,788125,4330
2178,783795,4,255,9,788125,4330
2178,783795,4,255,10,788125,4330
2178,783795,4,255,11,788125,4330
2178,783795,4,255,12,788125,4330
2178,783795,4,255,13,788125,4330
2178,783795,4,255,14,788125,4330
2178,783795,4,255,15,788125,4330
2191,784155,5,255,0,788485,4330
2191,784155,5,255,1,788485,4330
2191,784155,5,255,2,788485,4330
2191,784155,5,255,3,788485,4330
2191,784155,5,255,4,788485,4330
2191,784155,5,255,6,788485,4330
2191,784155,5,255,7,788485,4330
2191,784155,5,255,8,788485,4330
2191,784155,5,255,9,788485,4330
2191,784155,5,255,10,788485,4330
2191,784155,5,255,11,788485,4330
2191,784155,5,255,12,788485,4330
2191,784155,5,255,13,788485,4330
2191,784155,5,255,14,788485,4330
2191,784155,5,255,15,788485,4330
2193,784885,8,2,2,789215,4330
2194,785245,9,2,2,789575,4330
2195,785605,10,15,15,789935,4330
2196,785975,12,11,11,790305,4330
2197,786335,13,14,14,790665,4330
2198,786695,14,1,1,791025,4330
2187,787065,0,2,2,791395,4330
2189,787785,2,11,11,792115,4330
2190,788155,4,15,15,792485,4330
2203,788515,5,3,3,792845,4330
2204,788885,7,5,5,793215,4330
2205,789605,9,1,1,793585,3980
2206,789965,10,5,5,793945,3980
2207,790335,12,0,0,794315,3980
2208,790695,13,8,8,794675,3980
2209,791055,14,1,1,795035,3980
2220,795065,14,82,-1,,
2199,791425,0,255,1,795405,3980
2199,791425,0,255,2,795405,3980
2199,791425,0,255,3,795405,3980
2199,791425,0,255,4,795405,3980
2199,791425,0,255,5,795405,3980
2199,791425,0,255,6,795405,3980
2199,791425,0,255,7,795405,3980
2199,791425,0,255,8,795405,3980
2199,791425,0,255,9,795405,3980
2199,791425,0,255,10,795405,3980
2199,791425,0,255,11,795405,3980
2199,791425,0,255,12,795405,3980
2199,791425,0,255,13,795405,3980
2199,791425,0,255,14,795405,3980
2199,791425,0,255,15,795405,3980
2200,791785,1,14,14,795765,3980
2201,792145,2,7,7,796125,3980
2202,792515,4,5,5,796495,3980
2213,796525,4,69,-1,,
2214,792875,5,10,10,796855,3980
2215,793245,7,1,1,797225,3980
2216,793615,9,6,6,797595,3980
2217,793975,10,255,0,797955,3980
2217,793975,10,255,1,797955,3980
2217,793975,10,255,2,797955,3980
2217,793975,10,255,3,797955,3980
2217,793975,10,255,4,797955,3980
2217,793975,10,255,5,797955,3980
2217,793975,10,255,6,797955,3980
2217,793975,10,255,7,797955,3980
2217,793975,10,255,8,797955,3980
2217,793975,10,255,9,797955,3980
2217,793975,10,255,11,797955,3980
2217,793975,10,255,12,797955,3980
2217,793975,10,255,13,797955,3980
2217,793975,10,255,14,797955,3980
2217,793975,10,255,15,797955,3980
2218,794345,12,8,8,798325,3980
2229,798355,12,109,-1,,
2219,794705,13,8,8,798685,3980
2210,795435,0,4,4,799415,3980
2221,799445,0,228,-1,,
2211,795795,1,14,14,799775,3980
2212,796155,2,11,11,800135,3980
2225,796885,5,6,6,800865,3980
2226,797255,7,2,2,801235,3980
2227,797625,9,0,0,801605,3980
2228,797985,10,4,4,801965,3980
2230,798715,13,8,8,802695,3980
2231,799075,14,6,6,803055,3980
2222,799805,1,15,15,803785,3980
2223,800165,2,3,3,804145,3980
2224,800535,4,13,13,804515,3980
2235,804545,4,210,-1,,
2236,800895,5,1,1,804875,3980
2237,801265,7,8,8,805245,3980
2238,801635,9,13,13,805615,3980
2239,801995,10,9,9,805975,3980
2240,802365,12,2,2,806345,3980
2241,802725,13,3,3,806705,3980
2242,803085,14,12,12,807065,3980
2232,803455,0,4,4,807435,3980
2233,803815,1,5,5,807795,3980
2234,804175,2,13,13,808155,3980
2247,804905,5,11,11,808885,3980
2248,805275,7,9,9,809255,3980
2249,805645,9,14,14,809625,3980
2250,806005,10,12,12,809985,3980
2251,806375,12,0,0,810355,3980
2252,806735,13,1,1,810715,3980
2253,807095,14,5,5,811075,3980
2243,807465,0,4,4,811445,3980
2244,807825,1,14,14,811805,3980
2245,808185,2,0,0,812165,3980
2246,808555,4,5,5,812535,3980
2258,808915,5,255,0,812895,3980
2258,808915,5,255,1,812895,3980
2258,808915,5,255,2,812895,3980
2258,808915,5,255,3,812895,3980
2258,808915,5,255,4,812895,3980
2258,808915,5,255,6,812895,3980
2258,808915,5,255,7,812895,3980
2258,808915,5,255,8,812895,3980
2258,808915,5,255,9,812895,3980
2258,808915,5,255,10,812895,3980
2258,808915,5,255,11,812895,3980
2258,808915,5,255,12,812895,3980
2258,808915,5,255,13,812895,3980
2258,808915,5,255,14,812895,3980
2258,808915,5,255,15,812895,3980
2259,809285,7,5,5,813265,3980
2260,809655,9,15,15,813635,3980
2261,810015,10,12,12,813995,3980
2262,810385,12,6,6,814365,3980
2273,814395,12,53,-1,,
2263,810745,13,14,14,814725,3980
2264,811105,14,11,11,815085,3980
2254,811475,0,8,8,815455,3980
2255,811835,1,15,15,815815,3980
2256,812195,2,5,5,816175,3980
2257,812565,4,8,8,816545,3980
2269,812925,5,7,7,816905,3980
2270,813295,7,6,6,817275,3980
2271,813665,9,3,3,817645,3980
2272,814025,10,8,8,818005,3980
2274,814755,13,15,15,818735,3980
2285,818765,13,93,-1,,
2275,815115,14,4,4,819095,3980
2265,815485,0,14,14,819465,3980
2266,815845,1,255,0,819825,3980
2266,815845,1,255,2,819825,3980
2266,815845,1,255,3,819825,3980
2266,815845,1,255,4,819825,3980
2266,815845,1,255,5,819825,3980
2266,815845,1,255,6,819825,3980
2266,815845,1,255,7,819825,3980
2266,815845,1,255,8,819825,3980
2266,815845,1,255,9,819825,3980
2266,815845,1,255,10,819825,3980
2266,815845,1,255,11,819825,3980
2266,815845,1,255,12,819825,3980
2266,815845,1,255,13,819825,3980
2266,815845,1,255,14,819825,3980
2266,815845,1,255,15,819825,3980
2267,816205,2,15,15,820185,3980
2268,816575,4,1,1,820555,3980
2280,816935,5,11,11,820915,3980
2281,817305,7,3,3,821285,3980
2282,817675,9,12,12,821655,3980
2283,818035,10,9,9,822015,3980
2284,818405,12,10,10,822385,3980
2286,819125,14,11,11,823105,3980
2276,819495,0,8,8,823475,3980
2277,819855,1,10,10,823835,3980
2278,820215,2,9,9,824195,3980
2279,820585,4,0,0,824565,3980
2291,820945,5,0,0,824925,3980
2292,821315,7,12,12,825295,3980
2293,821685,9,255,0,825665,3980
2293,821685,9,255,1,825665,3980
2293,821685,9,255,2,825665,3980
2293,821685,9,255,3,825665,3980
2293,821685,9,255,4,825665,3980
2293,821685,9,255,5,825665,3980
2293,821685,9,255,6,825665,3980
2293,821685,9,255,7,825665,3980
2293,821685,9,255,8,825665,3980
2293,821685,9,255,10,825665,3980
2293,821685,9,255,11,825665,3980
2293,821685,9,255,12,825665,3980
2293,821685,9,255,13,825665,3980
2293,821685,9,255,14,825665,3980
2293,821685,9,255,15,825665,3980
2294,822045,10,8,8,826025,3980
2295,822415,12,15,15,826395,3980
2296,822775,13,10,10,826755,3980
2297,823135,14,11,11,827115,3980
2287,823505,0,1,1,827485,3980
2288,823865,1,255,0,827845,3980
2288,823865,1,255,2,827845,3980
2288,823865,1,255,3,827845,3980
2288,823865,1,255,4,827845,3980
2288,823865,1,255,5,827845,3980
2288,823865,1,255,6,827845,3980
2288,823865,1,255,7,827845,3980
2288,823865,1,255,8,827845,3980
2288,823865,1,255,9,827845,3980
2288,823865,1,255,10,827845,3980
2288,823865,1,255,11,827845,3980
2288,823865,1,255,12,827845,3980
2288,823865,1,255,13,827845,3980
2288,823865,1,255,14,827845,3980
2288,823865,1,255,15,827845,3980
2289,824225,2,8,8,828205,3980
2290,824595,4,5,5,828575,3980
2302,824955,5,9,9,828935,3980
2303,825325,7,6,6,829305,3980
2304,825695,9,255,0,829675,3980
2304,825695,9,255,1,829675,3980
2304,825695,9,255,2,829675,3980
2304,825695,9,255,3,829675,3980
2304,825695,9,255,4,829675,3980
2304,825695,9,255,5,829675,3980
2304,825695,9,255,6,829675,3980
2304,825695,9,255,7,829675,3980
2304,825695,9,255,8,829675,3980
2304,825695,9,255,10,829675,3980
2304,825695,9,255,11,829675,3980
2304,825695,9,255,12,829675,3980
2304,825695,9,255,13,829675,3980
2304,825695,9,255,14,829675,3980
2304,825695,9,255,15,829675,3980
2305,826055,10,8,8,830035,3980
2306,826425,12,0,0,830405,3980
2307,826785,13,0,0,830765,3980
2308,827145,14,255,0,831125,3980
2308,827145,14,255,1,831125,3980
2308,827145,14,255,2,831125,3980
2308,827145,14,255,3,831125,3980
2308,827145,14,255,4,831125,3980
2308,827145,14,255,5,831125,3980
2308,827145,14,255,6,831125,3980
2308,827145,14,255,7,831125,3980
2308,827145,14,255,8,831125,3980
2308,827145,14,255,9,831125,3980
2308,827145,14,255,10,831125,3980
2308,827145,14,255,11,831125,3980
2308,827145,14,255,12,831125,3980
2308,827145,14,255,13,831125,3980
2308,827145,14,255,15,831125,3980
2319,831155,14,56,-1,,
2298,827515,0,12,12,831495,3980
2299,827875,1,9,9,831855,3980
2300,828235,2,4,4,832215,3980
2301,828605,4,255,0,832585,3980
2301,828605,4,255,1,832585,3980
2301,828605,4,255,2,832585,3980
2301,828605,4,255,3,832585,3980
2301,828605,4,255,5,832585,3980
2301,828605,4,255,6,832585,3980
2301,828605,4,255,7,832585,3980
2301,828605,4,255,8,832585,3980
2301,828605,4,255,9,832585,3980
2301,828605,4,255,10,832585,3980
2301,828605,4,255,11,832585,3980
2301,828605,4,255,12,832585,3980
2301,828605,4,255,13,832585,3980
2301,828605,4,255,14,832585,3980
2301,828605,4,255,15,832585,3980
2313,828965,5,7,7,832945,3980
2314,829335,7,3,3,833315,3980
2315,829705,9,255,0,833685,3980
2315,829705,9,255,1,833685,3980
2315,829705,9,255,2,833685,3980
2315,829705,9,255,3,833685,3980
2315,829705,9,255,4,833685,3980
2315,829705,9,255,5,833685,3980
2315,829705,9,255,6,833685,3980
2315,829705,9,255,7,833685,3980
2315,829705,9,255,8,833685,3980
2315,829705,9,255,10,833685,3980
2315,829705,9,255,11,833685,3980
2315,829705,9,255,12,833685,3980
2315,829705,9,255,13,833685,3980
2315,829705,9,255,14,833685,3980
2315,829705,9,255,15,833685,3980
2316,830065,10,12,12,834045,3980
2317,830435,12,9,9,834415,3980
2318,830795,13,255,0,834775,3980
2318,830795,13,255,1,834775,3980
2318,830795,13,255,2,834775,3980
2318,830795,13,255,3,834775,3980
2318,830795,13,255,4,834775,3980
2318,830795,13,255,5,834775,3980
2318,830795,13,255,6,834775,3980
2318,830795,13,255,7,834775,3980
2318,830795,13,255,8,834775,3980
2318,830795,13,255,9,834775,3980
2318,830795,13,255,10,834775,3980
2318,830795,13,255,11,834775,3980
2318,830795,13,255,12,834775,3980
2318,830795,13,255,14,834775,3980
2318,830795,13,255,15,834775,3980
2309,831525,0,5,5,835505,3980
2310,831885,1,15,15,835865,3980
2311,832245,2,10,10,836225,3980
2312,832615,4,255,0,836595,3980
2312,832615,4,255,1,836595,3980
2312,832615,4,255,2,836595,3980
2312,832615,4,255,3,836595,3980
2312,832615,4,255,5,836595,3980
2312,832615,4,255,6,836595,3980
2312,832615,4,255,7,836595,3980
2312,832615,4,255,8,836595,3980
2312,832615,4,255,9,836595,3980
2312,832615,4,255,10,836595,3980
2312,832615,4,255,11,836595,3980
2312,832615,4,255,12,836595,3980
2312,832615,4,255,13,836595,3980
2312,832615,4,255,14,836595,3980
2312,832615,4,255,15,836595,3980
2324,832975,5,1,1,836955,3980
2325,833345,7,10,10,837325,3980
2326,833715,9,7,7,837695,3980
2327,834075,10,255,0,838055,3980
2327,834075,10,255,1,838055,3980
2327,834075,10,255,2,838055,3980
2327,834075,10,255,3,838055,3980
2327,834075,10,255,4,838055,3980
2327,834075,10,255,5,838055,3980
2327,834075,10,255,6,838055,3980
2327,834075,10,255,7,838055,3980
2327,834075,10,255,8,838055,3980
2327,834075,10,255,9,838055,3980
2327,834075,10,255,11,838055,3980
2327,834075,10,255,12,838055,3980
2327,834075,10,255,13,838055,3980
2327,834075,10,255,14,838055,3980
2327,834075,10,255,15,838055,3980
2338,838085,10,164,-1,,
2328,834445,12,4,4,838425,3980
2339,838455,12,190,-1,,
2329,834805,13,1,1,838785,3980
2330,835165,14,7,7,839145,3980
2320,835535,0,13,13,839515,3980
2321,835895,1,255,0,839875,3980
2321,835895,1,255,2,839875,3980
2321,835895,1,255,3,839875,3980
2321,835895,1,255,4,839875,3980
2321,835895,1,255,5,839875,3980
2321,835895,1,255,6,839875,3980
2321,835895,1,255,7,839875,3980
2321,835895,1,255,8,839875,3980
2321,835895,1,255,9,839875,3980
2321,835895,1,255,10,839875,3980
2321,835895,1,255,11,839875,3980
2321,835895,1,255,12,839875,3980
2321,835895,1,255,13,839875,3980
2321,835895,1,255,14,839875,3980
2321,835895,1,255,15,839875,3980
2322,836255,2,0,0,840235,3980
2323,836625,4,255,0,840605,3980
2323,836625,4,255,1,840605,3980
2323,836625,4,255,2,840605,3980
2323,836625,4,255,3,840605,3980
2323,836625,4,255,5,840605,3980
2323,836625,4,255,6,840605,3980
2323,836625,4,255,7,840605,3980
2323,836625,4,255,8,840605,3980
2323,836625,4,255,9,840605,3980
2323,836625,4,255,10,840605,3980
2323,836625,4,255,11,840605,3980
2323,836625,4,255,12,840605,3980
2323,836625,4,255,13,840605,3980
2323,836625,4,255,14,840605,3980
2323,836625,4,255,15,840605,3980
2335,836985,5,13,13,840965,3980
2336,837355,7,5,5,841335,3980
2337,837725,9,255,0,841705,3980
2337,837725,9,255,1,841705,3980
2337,837725,9,255,2,841705,3980
2337,837725,9,255,3,841705,3980
2337,837725,9,255,4,841705,3980
2337,837725,9,255,5,841705,3980
2337,837725,9,255,6,841705,3980
2337,837725,9,255,7,841705,3980
2337,837725,9,255,8,841705,3980
2337,837725,9,255,10,841705,3980
2337,837725,9,255,11,841705,3980
2337,837725,9,255,12,841705,3980
2337,837725,9,255,13,841705,3980
2337,837725,9,255,14,841705,3980
2337,837725,9,255,15,841705,3980
2340,838815,13,12,12,842795,3980
2341,839175,14,12,12,843155,3980
2331,839545,0,10,10,843525,3980
2342,843555,0,127,-1,,
2332,839905,1,4,4,843885,3980
2333,840265,2,3,3,844245,3980
2334,840635,4,3,3,844615,3980
2346,840995,5,6,6,844975,3980
2347,841365,7,11,11,845345,3980
2348,841735,9,0,0,845715,3980
2349,842095,10,15,15,846075,3980
2350,842465,12,8,8,846445,3980
2351,842825,13,12,12,846805,3980
2352,843185,14,11,11,847165,3980
2343,843915,1,8,8,847895,3980
2344,844275,2,8,8,848255,3980
2345,844645,4,255,0,848625,3980
2345,844645,4,255,1,848625,3980
2345,844645,4,255,2,848625,3980
2345,844645,4,255,3,848625,3980
2345,844645,4,255,5,848625,3980
2345,844645,4,255,6,848625,3980
2345,844645,4,255,7,848625,3980
2345,844645,4,255,8,848625,3980
2345,844645,4,255,9,848625,3980
2345,844645,4,255,10,848625,3980
2345,844645,4,255,11,848625,3980
2345,844645,4,255,12,848625,3980
2345,844645,4,255,13,848625,3980
2345,844645,4,255,14,848625,3980
2345,844645,4,255,15,848625,3980
2357,845005,5,13,13,848985,3980
2358,845375,7,255,0,849355,3980
2358,845375,7,255,1,849355,3980
2358,845375,7,255,2,849355,3980
2358,845375,7,255,3,849355,3980
2358,845375,7,255,4,849355,3980
2358,845375,7,255,5,849355,3980
2358,845375,7,255,6,849355,3980
2358,845375,7,255,8,849355,3980
2358,845375,7,255,9,849355,3980
2358,845375,7,255,10,849355,3980
2358,845375,7,255,11,849355,3980
2358,845375,7,255,12,849355,3980
2358,845375,7,255,13,849355,3980
2358,845375,7,255,14,849355,3980
2358,845375,7,255,15,849355,3980
2359,845745,9,5,5,849725,3980
2360,846105,10,1,1,850085,3980
2361,846475,12,5,5,850455,3980
2362,846835,13,0,0,850815,3980
2372,850845,13,212,-1,,
2363,847195,14,7,7,851175,3980
2353,847565,0,14,14,851545,3980
2364,851575,0,118,-1,,
2354,847925,1,13,13,851905,3980
2365,851935,1,134,-1,,
2355,848285,2,3,3,852265,3980
2356,848655,4,255,0,852635,3980
2356,848655,4,255,1,852635,3980
2356,848655,4,255,2,852635,3980
2356,848655,4,255,3,852635,3980
2356,848655,4,255,5,852635,3980
2356,848655,4,255,6,852635,3980
2356,848655,4,255,7,852635,3980
2356,848655,4,255,8,852635,3980
2356,848655,4,255,9,852635,3980
2356,848655,4,255,10,852635,3980
2356,848655,4,255,11,852635,3980
2356,848655,4,255,12,852635,3980
2356,848655,4,255,13,852635,3980
2356,848655,4,255,14,852635,3980
2356,848655,4,255,15,852635,3980
2368,849015,5,7,7,852995,3980
2369,849385,7,6,6,853365,3980
2370,849755,9,2,2,853735,3980
2380,853765,9,70,-1,,
2371,850115,10,14,14,854095,3980
2373,851205,14,7,7,854845,3640
2366,852295,2,12,12,855935,3640
2367,852665,4,6,6,856305,3640
2378,853025,5,7,7,856665,3640
2379,853395,7,11,11,857035,3640
2381,854125,10,1,1,857765,3640
2382,854515,13,7,7,858155,3640
2383,854875,14,1,1,858515,3640
2374,855245,0,2,2,858885,3640
2375,855605,1,7,7,859245,3640
2376,855965,2,5,5,859605,3640
2377,856335,4,7,7,859975,3640
2388,856695,5,12,12,860335,3640
2389,857065,7,1,1,860705,3640
2399,860735,7,174,-1,,
2390,857435,9,5,5,861075,3640
2391,857795,10,5,5,861435,3640
2392,858185,13,10,10,861825,3640
2402,861855,13,161,-1,,
2393,858545,14,1,1,862185,3640
2384,858915,0,255,1,862555,3640
2384,858915,0,255,2,862555,3640
2384,858915,0,255,3,862555,3640
2384,858915,0,255,4,862555,3640
2384,858915,0,255,5,862555,3640
2384,858915,0,255,6,862555,3640
2384,858915,0,255,7,862555,3640
2384,858915,0,255,8,862555,3640
2384,858915,0,255,9,862555,3640
2384,858915,0,255,10,862555,3640
2384,858915,0,255,11,862555,3640
2384,858915,0,255,12,862555,3640
2384,858915,0,255,13,862555,3640
2384,858915,0,255,14,862555,3640
2384,858915,0,255,15,862555,3640
2385,859275,1,2,2,862915,3640
2395,862945,1,171,-1,,
2386,859635,2,11,11,863275,3640
2387,860005,4,3,3,863645,3640
2398,860365,5,13,13,864005,3640
2400,861105,9,15,15,864745,3640
2401,861465,10,0,0,865105,3640
2403,862215,14,255,0,865855,3640
2403,862215,14,255,1,865855,3640
2403,862215,14,255,2,865855,3640
2403,862215,14,255,3,865855,3640
2403,862215,14,255,4,865855,3640
2403,862215,14,255,5,865855,3640
2403,862215,14,255,6,865855,3640
2403,862215,14,255,7,865855,3640
2403,862215,14,255,8,865855,3640
2403,862215,14,255,9,865855,3640
2403,862215,14,255,10,865855,3640
2403,862215,14,255,11,865855,3640
2403,862215,14,255,12,865855,3640
2403,862215,14,255,13,865855,3640
2403,862215,14,255,15,865855,3640
2394,862585,0,12,12,866225,3640
2396,863305,2,15,15,866945,3640
2406,866975,2,108,-1,,
2397,863675,4,9,9,867315,3640
2408,864035,5,1,1,867675,3640
2409,864405,7,10,10,868045,3640
2410,864775,9,13,13,868415,3640
2411,865135,10,1,1,868775,3640
2412,865525,13,5,5,869165,3640
2413,865885,14,255,0,869525,3640
2413,865885,14,255,1,869525,3640
2413,865885,14,255,2,869525,3640
2413,865885,14,255,3,869525,3640
2413,865885,14,255,4,869525,3640
2413,865885,14,255,5,869525,3640
2413,865885,14,255,6,869525,3640
2413,865885,14,255,7,869525,3640
2413,865885,14,255,8,869525,3640
2413,865885,14,255,9,869525,3640
2413,865885,14,255,10,869525,3640
2413,865885,14,255,11,869525,3640
2413,865885,14,255,12,869525,3640
2413,865885,14,255,13,869525,3640
2413,865885,14,255,15,869525,3640
2404,866255,0,12,12,869895,3640
2405,866615,1,2,2,870255,3640
2415,870285,1,116,-1,,
2407,867345,4,15,15,870985,3640
2418,867705,5,11,11,871345,3640
2419,868075,7,6,6,871715,3640
2420,868445,9,11,11,872085,3640
2421,868805,10,3,3,872445,3640
2422,869195,13,255,0,872835,3640
2422,869195,13,255,1,872835,3640
2422,869195,13,255,2,872835,3640
2422,869195,13,255,3,872835,3640
2422,869195,13,255,4,872835,3640
2422,869195,13,255,5,872835,3640
2422,869195,13,255,6,872835,3640
2422,869195,13,255,7,872835,3640
2422,869195,13,255,8,872835,3640
2422,869195,13,255,9,872835,3640
2422,869195,13,255,10,872835,3640
2422,869195,13,255,11,872835,3640
2422,869195,13,255,12,872835,3640
2422,869195,13,255,14,872835,3640
2422,869195,13,255,15,872835,3640
2423,869555,14,8,8,873195,3640
2414,869925,0,15,15,873565,3640
2424,873595,0,242,-1,,
2416,870645,2,8,8,874285,3640
2417,871015,4,7,7,874655,3640
2428,871375,5,0,0,875015,3640
2429,871745,7,10,10,875385,3640
2430,872115,9,255,0,875755,3640
2430,872115,9,255,1,875755,3640
2430,872115,9,255,2,875755,3640
2430,872115,9,255,3,875755,3640
2430,872115,9,255,4,875755,3640
2430,872115,9,255,5,875755,3640
2430,872115,9,255,6,875755,3640
2430,872115,9,255,7,875755,3640
2430,872115,9,255,8,875755,3640
2430,872115,9,255,10,875755,3640
2430,872115,9,255,11,875755,3640
2430,872115,9,255,12,875755,3640
2430,872115,9,255,13,875755,3640
2430,872115,9,255,14,875755,3640
2430,872115,9,255,15,875755,3640
2431,872475,10,11,11,876115,3640
2432,872865,13,0,0,876505,3640
2442,876535,13,81,-1,,
2433,873225,14,11,11,876865,3640
2434,877265,0,150,-1,,
2425,873955,1,3,3,877595,3640
2426,874315,2,12,12,877955,3640
2427,874685,4,12,12,878325,3640
2438,875045,5,13,13,878685,3640
2439,875415,7,15,15,879055,3640
2440,875785,9,11,11,879425,3640
2441,876145,10,255,0,879785,3640
2441,876145,10,255,1,879785,3640
2441,876145,10,255,2,879785,3640
2441,876145,10,255,3,879785,3640
2441,876145,10,255,4,879785,3640
2441,876145,10,255,5,879785,3640
2441,876145,10,255,6,879785,3640
2441,876145,10,255,7,879785,3640
2441,876145,10,255,8,879785,3640
2441,876145,10,255,9,879785,3640
2441,876145,10,255,11,879785,3640
2441,876145,10,255,12,879785,3640
2441,876145,10,255,13,879785,3640
2441,876145,10,255,14,879785,3640
2441,876145,10,255,15,879785,3640
2443,876895,14,10,10,880535,3640
2435,877625,1,4,4,881265,3640
2436,877985,2,255,0,881625,3640
2436,877985,2,255,1,881625,3640
2436,877985,2,255,3,881625,3640
2436,877985,2,255,4,881625,3640
2436,877985,2,255,5,881625,3640
2436,877985,2,255,6,881625,3640
2436,877985,2,255,7,881625,3640
2436,877985,2,255,8,881625,3640
2436,877985,2,255,9,881625,3640
2436,877985,2,255,10,881625,3640
2436,877985,2,255,11,881625,3640
2436,877985,2,255,12,881625,3640
2436,877985,2,255,13,881625,3640
2436,877985,2,255,14,881625,3640
2436,877985,2,255,15,881625,3640
2437,878355,4,255,0,881995,3640
2437,878355,4,255,1,881995,3640
2437,878355,4,255,2,881995,3640
2437,878355,4,255,3,881995,3640
2437,878355,4,255,5,881995,3640
2437,878355,4,255,6,881995,3640
2437,878355,4,255,7,881995,3640
2437,878355,4,255,8,881995,3640
2437,878355,4,255,9,881995,3640
2437,878355,4,255,10,881995,3640
2437,878355,4,255,11,881995,3640
2437,878355,4,255,12,881995,3640
2437,878355,4,255,13,881995,3640
2437,878355,4,255,14,881995,3640
2437,878355,4,255,15,881995,3640
2448,878715,5,7,7,882355,3640
2449,879085,7,8,8,882725,3640
2450,879815,10,15,15,883115,3300
2451,880205,13,14,14,883505,3300
2452,880565,14,5,5,883865,3300
2444,880935,0,9,9,884235,3300
2445,881295,1,255,0,884595,3300
2445,881295,1,255,2,884595,3300
2445,881295,1,255,3,884595,3300
2445,881295,1,255,4,884595,3300
2445,881295,1,255,5,884595,3300
2445,881295,1,255,6,884595,3300
2445,881295,1,255,7,884595,3300
2445,881295,1,255,8,884595,3300
2445,881295,1,255,9,884595,3300
2445,881295,1,255,10,884595,3300
2445,881295,1,255,11,884595,3300
2445,881295,1,255,12,884595,3300
2445,881295,1,255,13,884595,3300
2445,881295,1,255,14,884595,3300
2445,881295,1,255,15,884595,3300
2446,881655,2,4,4,884955,3300
2447,882025,4,3,3,885325,3300
2457,882385,5,6,6,885685,3300
2458,882755,7,0,0,886055,3300
2459,883145,10,2,2,886445,3300
2460,883535,13,11,11,886835,3300
2461,883895,14,7,7,887195,3300
2453,884265,0,255,1,887565,3300
2453,884265,0,255,2,887565,3300
2453,884265,0,255,3,887565,3300
2453,884265,0,255,4,887565,3300
2453,884265,0,255,5,887565,3300
2453,884265,0,255,6,887565,3300
2453,884265,0,255,7,887565,3300
2453,884265,0,255,8,887565,3300
2453,884265,0,255,9,887565,3300
2453,884265,0,255,10,887565,3300
2453,884265,0,255,11,887565,3300
2453,884265,0,255,12,887565,3300
2453,884265,0,255,13,887565,3300
2453,884265,0,255,14,887565,3300
2453,884265,0,255,15,887565,3300
2454,884625,1,9,9,887925,3300
2463,887955,1,210,-1,,
2455,884985,2,7,7,888285,3300
2456,885355,4,9,9,888655,3300
2466,885715,5,3,3,889015,3300
2467,886085,7,15,15,889385,3300
2468,886475,10,3,3,889775,3300
2469,886865,13,8,8,890165,3300
2470,887225,14,6,6,890525,3300
2462,887595,0,5,5,890895,3300
2472,891285,1,194,-1,,
2464,888315,2,13,13,891615,3300
2465,888685,4,6,6,891985,3300
2475,889045,5,4,4,892345,3300
2476,889415,7,6,6,892715,3300
2477,889805,10,255,0,893105,3300
2477,889805,10,255,1,893105,3300
2477,889805,10,255,2,893105,3300
2477,889805,10,255,3,893105,3300
2477,889805,10,255,4,893105,3300
2477,889805,10,255,5,893105,3300
2477,889805,10,255,6,893105,3300
2477,889805,10,255,7,893105,3300
2477,889805,10,255,8,893105,3300
2477,889805,10,255,9,893105,3300
2477,889805,10,255,11,893105,3300
2477,889805,10,255,12,893105,3300
2477,889805,10,255,13,893105,3300
2477,889805,10,255,14,893105,3300
2477,889805,10,255,15,893105,3300
2485,893135,10,226,-1,,
2478,890195,13,10,10,893495,3300
2479,890555,14,1,1,893855,3300
2487,893885,14,35,-1,,
2471,890925,0,11,11,894225,3300
2473,891645,2,12,12,894945,3300
2474,892015,4,12,12,895315,3300
2483,892375,5,255,0,895675,3300
2483,892375,5,255,1,895675,3300
2483,892375,5,255,2,895675,3300
2483,892375,5,255,3,895675,3300
2483,892375,5,255,4,895675,3300
2483,892375,5,255,6,895675,3300
2483,892375,5,255,7,895675,3300
2483,892375,5,255,8,895675,3300
2483,892375,5,255,9,895675,3300
2483,892375,5,255,10,895675,3300
2483,892375,5,255,11,895675,3300
2483,892375,5,255,12,895675,3300
2483,892375,5,255,13,895675,3300
2483,892375,5,255,14,895675,3300
2483,892375,5,255,15,895675,3300
2491,895705,5,89,-1,,
2484,892745,7,255,0,896045,3300
2484,892745,7,255,1,896045,3300
2484,892745,7,255,2,896045,3300
2484,892745,7,255,3,896045,3300
2484,892745,7,255,4,896045,3300
2484,892745,7,255,5,896045,3300
2484,892745,7,255,6,896045,3300
2484,892745,7,255,8,896045,3300
2484,892745,7,255,9,896045,3300
2484,892745,7,255,10,896045,3300
2484,892745,7,255,11,896045,3300
2484,892745,7,255,12,896045,3300
2484,892745,7,255,13,896045,3300
2484,892745,7,255,14,896045,3300
2484,892745,7,255,15,896045,3300
2492,896075,7,102,-1,,
2486,893525,13,15,15,896825,3300
2480,894615,1,11,11,897575,2960
2481,894975,2,3,3,897935,2960
2482,895345,4,2,2,898305,2960
2493,896465,10,4,4,899425,2960
2501,899455,10,75,-1,,
2494,896855,13,6,6,899815,2960
2495,897215,14,3,3,900175,2960
2488,897605,1,6,6,900565,2960
2489,897965,2,14,14,900925,2960
2490,898335,4,7,7,901295,2960
2499,898695,5,0,0,901655,2960
2500,899065,7,4,4,902025,2960
2502,899845,13,255,0,902805,2960
2502,899845,13,255,1,902805,2960
2502,899845,13,255,2,902805,2960
2502,899845,13,255,3,902805,2960
2502,899845,13,255,4,902805,2960
2502,899845,13,255,5,902805,2960
2502,899845,13,255,6,902805,2960
2502,899845,13,255,7,902805,2960
2502,899845,13,255,8,902805,2960
2502,899845,13,255,9,902805,2960
2502,899845,13,255,10,902805,2960
2502,899845,13,255,11,902805,2960
2502,899845,13,255,12,902805,2960
2502,899845,13,255,14,902805,2960
2502,899845,13,255,15,902805,2960
2503,900205,14,0,0,903165,2960
2496,900595,1,7,7,903555,2960
2504,903585,1,208,-1,,
2497,900955,2,5,5,903915,2960
2498,901325,4,0,0,904285,2960
2507,901685,5,255,0,904645,2960
2507,901685,5,255,1,904645,2960
2507,901685,5,255,2,904645,2960
2507,901685,5,255,3,904645,2960
2507,901685,5,255,4,904645,2960
2507,901685,5,255,6,904645,2960
2507,901685,5,255,7,904645,2960
2507,901685,5,255,8,904645,2960
2507,901685,5,255,9,904645,2960
2507,901685,5,255,10,904645,2960
2507,901685,5,255,11,904645,2960
2507,901685,5,255,12,904645,2960
2507,901685,5,255,13,904645,2960
2507,901685,5,255,14,904645,2960
2507,901685,5,255,15,904645,2960
2515,904675,5,142,-1,,
2508,902055,7,13,13,905015,2960
2509,902445,10,15,15,905405,2960
2510,902835,13,15,15,905795,2960
2511,903195,14,11,11,906155,2960
2505,903945,2,11,11,906905,2960
2506,904315,4,255,0,907275,2960
2506,904315,4,255,1,907275,2960
2506,904315,4,255,2,907275,2960
2506,904315,4,255,3,907275,2960
2506,904315,4,255,5,907275,2960
2506,904315,4,255,6,907275,2960
2506,904315,4,255,7,907275,2960
2506,904315,4,255,8,907275,2960
2506,904315,4,255,9,907275,2960
2506,904315,4,255,10,907275,2960
2506,904315,4,255,11,907275,2960
2506,904315,4,255,12,907275,2960
2506,904315,4,255,13,907275,2960
2506,904315,4,255,14,907275,2960
2506,904315,4,255,15,907275,2960
2516,905045,7,14,14,908005,2960
2517,905435,10,255,0,908395,2960
2517,905435,10,255,1,908395,2960
2517,905435,10,255,2,908395,2960
2517,905435,10,255,3,908395,2960
2517,905435,10,255,4,908395,2960
2517,905435,10,255,5,908395,2960
2517,905435,10,255,6,908395,2960
2517,905435,10,255,7,908395,2960
2517,905435,10,255,8,908395,2960
2517,905435,10,255,9,908395,2960
2517,905435,10,255,11,908395,2960
2517,905435,10,255,12,908395,2960
2517,905435,10,255,13,908395,2960
2517,905435,10,255,14,908395,2960
2517,905435,10,255,15,908395,2960
2525,908425,10,205,-1,,
2518,905825,13,10,10,908785,2960
2519,906185,14,13,13,909145,2960
2512,906575,1,15,15,909535,2960
2513,906935,2,14,14,909895,2960
2514,907305,4,2,2,910265,2960
2523,907665,5,11,11,910625,2960
2524,908035,7,5,5,910995,2960
2526,908815,13,3,3,911775,2960
2527,909175,14,2,2,912135,2960
2520,909565,1,14,14,912525,2960
2521,909925,2,11,11,912885,2960
2522,910295,4,12,12,913255,2960
2531,910655,5,1,1,913615,2960
2532,911415,10,13,13,914045,2630
2533,911805,13,10,10,914435,2630
2540,914465,13,123,-1,,
2534,912165,14,10,10,914795,2630
2528,912555,1,3,3,915185,2630
2529,912915,2,15,15,915545,2630
2530,913285,4,5,5,915915,2630
2538,913645,5,255,0,916275,2630
2538,913645,5,255,1,916275,2630
2538,913645,5,255,2,916275,2630
2538,913645,5,255,3,916275,2630
2538,913645,5,255,4,916275,2630
2538,913645,5,255,6,916275,2630
2538,913645,5,255,7,916275,2630
2538,913645,5,255,8,916275,2630
2538,913645,5,255,9,916275,2630
2538,913645,5,255,10,916275,2630
2538,913645,5,255,11,916275,2630
2538,913645,5,255,12,916275,2630
2538,913645,5,255,13,916275,2630
2538,913645,5,255,14,916275,2630
2538,913645,5,255,15,916275,2630
2545,916305,5,226,-1,,
2539,914075,10,12,12,916705,2630
2541,914825,14,9,9,917455,2630
2535,915215,1,15,15,917845,2630
2536,915575,2,8,8,918205,2630
2537,915945,4,8,8,918575,2630
2546,916735,10,1,1,919365,2630
2547,917125,13,255,0,919755,2630
2547,917125,13,255,1,919755,2630
2547,917125,13,255,2,919755,2630
2547,917125,13,255,3,919755,2630
2547,917125,13,255,4,919755,2630
2547,917125,13,255,5,919755,2630
2547,917125,13,255,6,919755,2630
2547,917125,13,255,7,919755,2630
2547,917125,13,255,8,919755,2630
2547,917125,13,255,9,919755,2630
2547,917125,13,255,10,919755,2630
2547,917125,13,255,11,919755,2630
2547,917125,13,255,12,919755,2630
2547,917125,13,255,14,919755,2630
2547,917125,13,255,15,919755,2630
2548,917485,14,13,13,920115,2630
2542,917875,1,2,2,920505,2630
2543,918235,2,0,0,920865,2630
2544,918605,4,0,0,921235,2630
2551,918965,5,14,14,921595,2630
2552,919395,10,11,11,922025,2630
2553,919785,13,11,11,922415,2630
2554,920145,14,13,13,922775,2630
2560,922805,14,235,-1,,
2549,920535,1,2,2,923165,2630
2550,920895,2,10,10,923525,2630
2557,921625,5,13,13,923915,2290
2558,922055,10,1,1,924345,2290
2559,922445,13,2,2,924735,2290
2555,923195,1,8,8,925485,2290
2556,923555,2,255,0,925845,2290
2556,923555,2,255,1,925845,2290
2556,923555,2,255,3,925845,2290
2556,923555,2,255,4,925845,2290
2556,923555,2,255,5,925845,2290
2556,923555,2,255,6,925845,2290
2556,923555,2,255,7,925845,2290
2556,923555,2,255,8,925845,2290
2556,923555,2,255,9,925845,2290
2556,923555,2,255,10,925845,2290
2556,923555,2,255,11,925845,2290
2556,923555,2,255,12,925845,2290
2556,923555,2,255,13,925845,2290
2556,923555,2,255,14,925845,2290
2556,923555,2,255,15,925845,2290
2562,925875,2,194,-1,,
2563,923945,5,14,14,926235,2290
2569,926265,5,169,-1,,
2564,924375,10,13,13,926665,2290
2565,924765,13,14,14,927055,2290
2566,925125,14,15,15,927415,2290
2561,925515,1,11,11,927805,2290
2570,927085,13,9,9,929045,1960
2575,929075,13,161,-1,,
2571,927445,14,12,12,929405,1960
2567,927835,1,4,4,929795,1960
2568,928195,2,8,8,930155,1960
2574,928585,5,1,1,930545,1960
2578,930575,5,38,-1,,
2576,929435,14,5,5,931395,1960
2572,929825,1,255,0,931785,1960
2572,929825,1,255,2,931785,1960
2572,929825,1,255,3,931785,1960
2572,929825,1,255,4,931785,1960
2572,929825,1,255,5,931785,1960
2572,929825,1,255,6,931785,1960
2572,929825,1,255,7,931785,1960
2572,929825,1,255,8,931785,1960
2572,929825,1,255,9,931785,1960
2572,929825,1,255,10,931785,1960
2572,929825,1,255,11,931785,1960
2572,929825,1,255,12,931785,1960
2572,929825,1,255,13,931785,1960
2572,929825,1,255,14,931785,1960
2572,929825,1,255,15,931785,1960
2573,930185,2,13,13,932145,1960
2579,931065,13,11,11,933025,1960
2580,931425,14,11,11,933385,1960
2577,932175,2,0,0,933795,1620
2582,932565,5,4,4,934185,1620
2583,933055,13,6,6,934675,1620
2584,933415,14,0,0,935035,1620
2581,933825,2,11,11,935445,1620
2586,934215,5,4,4,935835,1620
2587,934705,13,0,0,936325,1620
2588,935065,14,0,0,936685,1620
2585,935475,2,8,8,937095,1620
2590,935865,5,6,6,937485,1620
2591,936355,13,8,8,937975,1620
2592,936715,14,7,7,938335,1620
2596,938365,14,181,-1,,
2589,937125,2,0,0,938745,1620
2594,937515,5,15,15,939135,1620
2595,938005,13,14,14,939625,1620
2593,938775,2,9,9,940395,1620
2598,939165,5,8,8,940785,1620
2597,940425,2,0,0,941375,950
2600,940815,5,2,2,941765,950
2599,941405,2,4,4,942355,950
2602,941795,5,15,15,942745,950
2601,942385,2,8,8,943335,950
2604,942775,5,6,6,943725,950
2606,943755,5,97,-1,,
2603,943365,2,10,10,944315,950
2605,944345,2,4,4,945295,950
2608,944735,5,3,3,945685,950
2607,945325,2,0,0,946275,950
2610,945715,5,10,10,946665,950
2609,946305,2,0,0,947255,950
2612,946695,5,9,9,947645,950
2611,947285,2,13,13,948235,950
2614,947675,5,6,6,948625,950
2613,948265,2,11,11,949215,950
2615,948655,5,7,7,949605,950
