id_transaccion,t_envio,d_origen,d_destino,terminal,t_recibido,retraso
8,175,7,226,-1,,
6,155,5,7,7,345,190
7,155,6,12,12,545,390
9,115,8,3,3,945,830
10,165,9,255,0,1145,980
10,165,9,255,1,1145,980
10,165,9,255,2,1145,980
10,165,9,255,3,1145,980
10,165,9,255,4,1145,980
10,165,9,255,5,1145,980
10,165,9,255,6,1145,980
10,165,9,255,7,1145,980
10,165,9,255,8,1145,980
10,165,9,255,10,1145,980
10,165,9,255,11,1145,980
10,165,9,255,12,1145,980
10,165,9,255,13,1145,980
10,165,9,255,14,1145,980
10,165,9,255,15,1145,980
11,155,10,4,4,1345,1190
12,105,11,255,0,1545,1440
12,105,11,255,1,1545,1440
12,105,11,255,2,1545,1440
12,105,11,255,3,1545,1440
12,105,11,255,4,1545,1440
12,105,11,255,5,1545,1440
12,105,11,255,6,1545,1440
12,105,11,255,7,1545,1440
12,105,11,255,8,1545,1440
12,105,11,255,9,1545,1440
12,105,11,255,10,1545,1440
12,105,11,255,12,1545,1440
12,105,11,255,13,1545,1440
12,105,11,255,14,1545,1440
12,105,11,255,15,1545,1440
28,1575,11,84,-1,,
13,105,12,7,7,1745,1640
14,145,13,0,0,1945,1800
15,135,14,1,1,2145,2010
16,115,15,8,8,2345,2230
32,2375,15,115,-1,,
1,135,0,5,5,2545,2410
17,2575,0,145,-1,,
2,115,1,11,11,2745,2630
3,135,2,15,15,2945,2810
4,175,3,5,5,3145,2970
5,145,4,15,15,3345,3200
22,375,5,9,9,3545,3170
23,575,6,255,0,3745,3170
23,575,6,255,1,3745,3170
23,575,6,255,2,3745,3170
23,575,6,255,3,3745,3170
23,575,6,255,4,3745,3170
23,575,6,255,5,3745,3170
23,575,6,255,7,3745,3170
23,575,6,255,8,3745,3170
23,575,6,255,9,3745,3170
23,575,6,255,10,3745,3170
23,575,6,255,11,3745,3170
23,575,6,255,12,3745,3170
23,575,6,255,13,3745,3170
23,575,6,255,14,3745,3170
23,575,6,255,15,3745,3170
24,775,7,11,11,3945,3170
25,975,8,9,9,4145,3170
26,1175,9,15,15,4345,3170
27,1375,10,255,0,4545,3170
27,1375,10,255,1,4545,3170
27,1375,10,255,2,4545,3170
27,1375,10,255,3,4545,3170
27,1375,10,255,4,4545,3170
27,1375,10,255,5,4545,3170
27,1375,10,255,6,4545,3170
27,1375,10,255,7,4545,3170
27,1375,10,255,8,4545,3170
27,1375,10,255,9,4545,3170
27,1375,10,255,11,4545,3170
27,1375,10,255,12,4545,3170
27,1375,10,255,13,4545,3170
27,1375,10,255,14,4545,3170
27,1375,10,255,15,4545,3170
29,1775,12,2,2,4945,3170
30,1975,13,255,0,5145,3170
30,1975,13,255,1,5145,3170
30,1975,13,255,2,5145,3170
30,1975,13,255,3,5145,3170
30,1975,13,255,4,5145,3170
30,1975,13,255,5,5145,3170
30,1975,13,255,6,5145,3170
30,1975,13,255,7,5145,3170
30,1975,13,255,8,5145,3170
30,1975,13,255,9,5145,3170
30,1975,13,255,10,5145,3170
30,1975,13,255,11,5145,3170
30,1975,13,255,12,5145,3170
30,1975,13,255,14,5145,3170
30,1975,13,255,15,5145,3170
31,2175,14,10,10,5345,3170
18,2775,1,11,11,5945,3170
19,2975,2,5,5,6145,3170
20,3175,3,14,14,6345,3170
21,3375,4,11,11,6545,3170
38,3575,5,8,8,6745,3170
39,3775,6,8,8,6945,3170
40,3975,7,9,9,7145,3170
41,4175,8,11,11,7345,3170
42,4375,9,255,0,7545,3170
42,4375,9,255,1,7545,3170
42,4375,9,255,2,7545,3170
42,4375,9,255,3,7545,3170
42,4375,9,255,4,7545,3170
42,4375,9,255,5,7545,3170
42,4375,9,255,6,7545,3170
42,4375,9,255,7,7545,3170
42,4375,9,255,8,7545,3170
42,4375,9,255,10,7545,3170
42,4375,9,255,11,7545,3170
42,4375,9,255,12,7545,3170
42,4375,9,255,13,7545,3170
42,4375,9,255,14,7545,3170
42,4375,9,255,15,7545,3170
43,4575,10,15,15,7745,3170
44,4775,11,255,0,7945,3170
44,4775,11,255,1,7945,3170
44,4775,11,255,2,7945,3170
44,4775,11,255,3,7945,3170
44,4775,11,255,4,7945,3170
44,4775,11,255,5,7945,3170
44,4775,11,255,6,7945,3170
44,4775,11,255,7,7945,3170
44,4775,11,255,8,7945,3170
44,4775,11,255,9,7945,3170
44,4775,11,255,10,7945,3170
44,4775,11,255,12,7945,3170
44,4775,11,255,13,7945,3170
44,4775,11,255,14,7945,3170
44,4775,11,255,15,7945,3170
45,4975,12,3,3,8145,3170
46,5175,13,2,2,8345,3170
47,5375,14,9,9,8545,3170
48,5575,15,2,2,8745,3170
33,5775,0,15,15,8945,3170
34,5975,1,255,0,9145,3170
34,5975,1,255,2,9145,3170
34,5975,1,255,3,9145,3170
34,5975,1,255,4,9145,3170
34,5975,1,255,5,9145,3170
34,5975,1,255,6,9145,3170
34,5975,1,255,7,9145,3170
34,5975,1,255,8,9145,3170
34,5975,1,255,9,9145,3170
34,5975,1,255,10,9145,3170
34,5975,1,255,11,9145,3170
34,5975,1,255,12,9145,3170
34,5975,1,255,13,9145,3170
34,5975,1,255,14,9145,3170
34,5975,1,255,15,9145,3170
35,6175,2,255,0,9345,3170
35,6175,2,255,1,9345,3170
35,6175,2,255,3,9345,3170
35,6175,2,255,4,9345,3170
35,6175,2,255,5,9345,3170
35,6175,2,255,6,9345,3170
35,6175,2,255,7,9345,3170
35,6175,2,255,8,9345,3170
35,6175,2,255,9,9345,3170
35,6175,2,255,10,9345,3170
35,6175,2,255,11,9345,3170
35,6175,2,255,12,9345,3170
35,6175,2,255,13,9345,3170
35,6175,2,255,14,9345,3170
35,6175,2,255,15,9345,3170
36,6375,3,255,0,9545,3170
36,6375,3,255,1,9545,3170
36,6375,3,255,2,9545,3170
36,6375,3,255,4,9545,3170
36,6375,3,255,5,9545,3170
36,6375,3,255,6,9545,3170
36,6375,3,255,7,9545,3170
36,6375,3,255,8,9545,3170
36,6375,3,255,9,9545,3170
36,6375,3,255,10,9545,3170
36,6375,3,255,11,9545,3170
36,6375,3,255,12,9545,3170
36,6375,3,255,13,9545,3170
36,6375,3,255,14,9545,3170
36,6375,3,255,15,9545,3170
37,6575,4,15,15,9745,3170
54,6775,5,0,0,9945,3170
55,6975,6,12,12,10145,3170
56,7175,7,11,11,10345,3170
57,7375,8,15,15,10545,3170
58,7575,9,15,15,10745,3170
59,7775,10,4,4,10945,3170
60,7975,11,13,13,11145,3170
61,8175,12,10,10,11345,3170
62,8375,13,8,8,11545,3170
63,8575,14,12,12,11745,3170
64,8775,15,10,10,11945,3170
49,8975,0,255,1,12145,3170
49,8975,0,255,2,12145,3170
49,8975,0,255,3,12145,3170
49,8975,0,255,4,12145,3170
49,8975,0,255,5,12145,3170
49,8975,0,255,6,12145,3170
49,8975,0,255,7,12145,3170
49,8975,0,255,8,12145,3170
49,8975,0,255,9,12145,3170
49,8975,0,255,10,12145,3170
49,8975,0,255,11,12145,3170
49,8975,0,255,12,12145,3170
49,8975,0,255,13,12145,3170
49,8975,0,255,14,12145,3170
49,8975,0,255,15,12145,3170
50,9175,1,13,13,12345,3170
51,9375,2,7,7,12545,3170
52,9575,3,255,0,12745,3170
52,9575,3,255,1,12745,3170
52,9575,3,255,2,12745,3170
52,9575,3,255,4,12745,3170
52,9575,3,255,5,12745,3170
52,9575,3,255,6,12745,3170
52,9575,3,255,7,12745,3170
52,9575,3,255,8,12745,3170
52,9575,3,255,9,12745,3170
52,9575,3,255,10,12745,3170
52,9575,3,255,11,12745,3170
52,9575,3,255,12,12745,3170
52,9575,3,255,13,12745,3170
52,9575,3,255,14,12745,3170
52,9575,3,255,15,12745,3170
53,9775,4,7,7,12945,3170
70,9975,5,1,1,13145,3170
86,13175,5,22,-1,,
71,10175,6,7,7,13345,3170
72,10375,7,5,5,13545,3170
73,10575,8,15,15,13745,3170
74,10775,9,14,14,13945,3170
75,10975,10,4,4,14145,3170
76,11175,11,2,2,14345,3170
77,11375,12,2,2,14545,3170
78,11575,13,6,6,14745,3170
79,11775,14,3,3,14945,3170
80,11975,15,6,6,15145,3170
65,12175,0,7,7,15345,3170
66,12375,1,6,6,15545,3170
82,15575,1,21,-1,,
67,12575,2,14,14,15745,3170
68,12775,3,11,11,15945,3170
69,12975,4,6,6,16145,3170
87,13375,6,255,0,16545,3170
87,13375,6,255,1,16545,3170
87,13375,6,255,2,16545,3170
87,13375,6,255,3,16545,3170
87,13375,6,255,4,16545,3170
87,13375,6,255,5,16545,3170
87,13375,6,255,7,16545,3170
87,13375,6,255,8,16545,3170
87,13375,6,255,9,16545,3170
87,13375,6,255,10,16545,3170
87,13375,6,255,11,16545,3170
87,13375,6,255,12,16545,3170
87,13375,6,255,13,16545,3170
87,13375,6,255,14,16545,3170
87,13375,6,255,15,16545,3170
88,13575,7,6,6,16745,3170
89,13775,8,12,12,16945,3170
105,16975,8,200,-1,,
90,13975,9,11,11,17145,3170
91,14175,10,6,6,17345,3170
107,17375,10,27,-1,,
92,14375,11,255,0,17545,3170
92,14375,11,255,1,17545,3170
92,14375,11,255,2,17545,3170
92,14375,11,255,3,17545,3170
92,14375,11,255,4,17545,3170
92,14375,11,255,5,17545,3170
92,14375,11,255,6,17545,3170
92,14375,11,255,7,17545,3170
92,14375,11,255,8,17545,3170
92,14375,11,255,9,17545,3170
92,14375,11,255,10,17545,3170
92,14375,11,255,12,17545,3170
92,14375,11,255,13,17545,3170
92,14375,11,255,14,17545,3170
92,14375,11,255,15,17545,3170
93,14575,12,2,2,17745,3170
109,17775,12,112,-1,,
94,14775,13,11,11,17945,3170
95,14975,14,6,6,18145,3170
96,15175,15,11,11,18345,3170
112,18375,15,190,-1,,
81,15375,0,12,12,18545,3170
83,15775,2,14,14,18945,3170
84,15975,3,15,15,19145,3170
85,16175,4,255,0,19345,3170
85,16175,4,255,1,19345,3170
85,16175,4,255,2,19345,3170
85,16175,4,255,3,19345,3170
85,16175,4,255,5,19345,3170
85,16175,4,255,6,19345,3170
85,16175,4,255,7,19345,3170
85,16175,4,255,8,19345,3170
85,16175,4,255,9,19345,3170
85,16175,4,255,10,19345,3170
85,16175,4,255,11,19345,3170
85,16175,4,255,12,19345,3170
85,16175,4,255,13,19345,3170
85,16175,4,255,14,19345,3170
85,16175,4,255,15,19345,3170
102,16375,5,9,9,19545,3170
103,16575,6,0,0,19745,3170
104,16775,7,13,13,19945,3170
106,17175,9,7,7,20345,3170
122,20375,9,164,-1,,
108,17575,11,13,13,20745,3170
110,17975,13,4,4,21145,3170
111,18175,14,8,8,21345,3170
97,18575,0,13,13,21745,3170
98,18775,1,13,13,21945,3170
114,21975,1,120,-1,,
99,18975,2,3,3,22145,3170
115,22175,2,203,-1,,
100,19175,3,14,14,22345,3170
101,19375,4,0,0,22545,3170
118,19575,5,15,15,22745,3170
119,19775,6,255,0,22945,3170
119,19775,6,255,1,22945,3170
119,19775,6,255,2,22945,3170
119,19775,6,255,3,22945,3170
119,19775,6,255,4,22945,3170
119,19775,6,255,5,22945,3170
119,19775,6,255,7,22945,3170
119,19775,6,255,8,22945,3170
119,19775,6,255,9,22945,3170
119,19775,6,255,10,22945,3170
119,19775,6,255,11,22945,3170
119,19775,6,255,12,22945,3170
119,19775,6,255,13,22945,3170
119,19775,6,255,14,22945,3170
119,19775,6,255,15,22945,3170
120,19975,7,13,13,23145,3170
121,20175,8,7,7,23345,3170
123,20575,10,12,12,23745,3170
124,20775,11,1,1,23945,3170
125,20975,12,14,14,24145,3170
126,21175,13,12,12,24345,3170
142,24375,13,132,-1,,
127,21375,14,15,15,24545,3170
128,21575,15,10,10,24745,3170
113,21775,0,12,12,24945,3170
116,22375,3,8,8,25545,3170
117,22575,4,9,9,25745,3170
134,22775,5,14,14,25945,3170
135,22975,6,2,2,26145,3170
136,23175,7,11,11,26345,3170
137,23375,8,11,11,26545,3170
138,23575,9,7,7,26745,3170
154,26775,9,181,-1,,
139,23775,10,255,0,26945,3170
139,23775,10,255,1,26945,3170
139,23775,10,255,2,26945,3170
139,23775,10,255,3,26945,3170
139,23775,10,255,4,26945,3170
139,23775,10,255,5,26945,3170
139,23775,10,255,6,26945,3170
139,23775,10,255,7,26945,3170
139,23775,10,255,8,26945,3170
139,23775,10,255,9,26945,3170
139,23775,10,255,11,26945,3170
139,23775,10,255,12,26945,3170
139,23775,10,255,13,26945,3170
139,23775,10,255,14,26945,3170
139,23775,10,255,15,26945,3170
140,23975,11,6,6,27145,3170
141,24175,12,6,6,27345,3170
158,27575,13,175,-1,,
143,24575,14,3,3,27745,3170
144,24775,15,2,2,27945,3170
129,24975,0,255,1,28145,3170
129,24975,0,255,2,28145,3170
129,24975,0,255,3,28145,3170
129,24975,0,255,4,28145,3170
129,24975,0,255,5,28145,3170
129,24975,0,255,6,28145,3170
129,24975,0,255,7,28145,3170
129,24975,0,255,8,28145,3170
129,24975,0,255,9,28145,3170
129,24975,0,255,10,28145,3170
129,24975,0,255,11,28145,3170
129,24975,0,255,12,28145,3170
129,24975,0,255,13,28145,3170
129,24975,0,255,14,28145,3170
129,24975,0,255,15,28145,3170
130,25175,1,0,0,28345,3170
131,25375,2,9,9,28545,3170
147,28575,2,179,-1,,
132,25575,3,255,0,28745,3170
132,25575,3,255,1,28745,3170
132,25575,3,255,2,28745,3170
132,25575,3,255,4,28745,3170
132,25575,3,255,5,28745,3170
132,25575,3,255,6,28745,3170
132,25575,3,255,7,28745,3170
132,25575,3,255,8,28745,3170
132,25575,3,255,9,28745,3170
132,25575,3,255,10,28745,3170
132,25575,3,255,11,28745,3170
132,25575,3,255,12,28745,3170
132,25575,3,255,13,28745,3170
132,25575,3,255,14,28745,3170
132,25575,3,255,15,28745,3170
133,25775,4,10,10,28945,3170
150,25975,5,255,0,29145,3170
150,25975,5,255,1,29145,3170
150,25975,5,255,2,29145,3170
150,25975,5,255,3,29145,3170
150,25975,5,255,4,29145,3170
150,25975,5,255,6,29145,3170
150,25975,5,255,7,29145,3170
150,25975,5,255,8,29145,3170
150,25975,5,255,9,29145,3170
150,25975,5,255,10,29145,3170
150,25975,5,255,11,29145,3170
150,25975,5,255,12,29145,3170
150,25975,5,255,13,29145,3170
150,25975,5,255,14,29145,3170
150,25975,5,255,15,29145,3170
151,26175,6,14,14,29345,3170
152,26375,7,4,4,29545,3170
153,26575,8,11,11,29745,3170
155,26975,10,255,0,30145,3170
155,26975,10,255,1,30145,3170
155,26975,10,255,2,30145,3170
155,26975,10,255,3,30145,3170
155,26975,10,255,4,30145,3170
155,26975,10,255,5,30145,3170
155,26975,10,255,6,30145,3170
155,26975,10,255,7,30145,3170
155,26975,10,255,8,30145,3170
155,26975,10,255,9,30145,3170
155,26975,10,255,11,30145,3170
155,26975,10,255,12,30145,3170
155,26975,10,255,13,30145,3170
155,26975,10,255,14,30145,3170
155,26975,10,255,15,30145,3170
156,27175,11,6,6,30345,3170
172,30375,11,21,-1,,
157,27375,12,14,14,30545,3170
159,27775,14,255,0,30945,3170
159,27775,14,255,1,30945,3170
159,27775,14,255,2,30945,3170
159,27775,14,255,3,30945,3170
159,27775,14,255,4,30945,3170
159,27775,14,255,5,30945,3170
159,27775,14,255,6,30945,3170
159,27775,14,255,7,30945,3170
159,27775,14,255,8,30945,3170
159,27775,14,255,9,30945,3170
159,27775,14,255,10,30945,3170
159,27775,14,255,11,30945,3170
159,27775,14,255,12,30945,3170
159,27775,14,255,13,30945,3170
159,27775,14,255,15,30945,3170
160,27975,15,255,0,31145,3170
160,27975,15,255,1,31145,3170
160,27975,15,255,2,31145,3170
160,27975,15,255,3,31145,3170
160,27975,15,255,4,31145,3170
160,27975,15,255,5,31145,3170
160,27975,15,255,6,31145,3170
160,27975,15,255,7,31145,3170
160,27975,15,255,8,31145,3170
160,27975,15,255,9,31145,3170
160,27975,15,255,10,31145,3170
160,27975,15,255,11,31145,3170
160,27975,15,255,12,31145,3170
160,27975,15,255,13,31145,3170
160,27975,15,255,14,31145,3170
145,28175,0,1,1,31345,3170
146,28375,1,255,0,31545,3170
146,28375,1,255,2,31545,3170
146,28375,1,255,3,31545,3170
146,28375,1,255,4,31545,3170
146,28375,1,255,5,31545,3170
146,28375,1,255,6,31545,3170
146,28375,1,255,7,31545,3170
146,28375,1,255,8,31545,3170
146,28375,1,255,9,31545,3170
146,28375,1,255,10,31545,3170
146,28375,1,255,11,31545,3170
146,28375,1,255,12,31545,3170
146,28375,1,255,13,31545,3170
146,28375,1,255,14,31545,3170
146,28375,1,255,15,31545,3170
148,28775,3,255,0,31945,3170
148,28775,3,255,1,31945,3170
148,28775,3,255,2,31945,3170
148,28775,3,255,4,31945,3170
148,28775,3,255,5,31945,3170
148,28775,3,255,6,31945,3170
148,28775,3,255,7,31945,3170
148,28775,3,255,8,31945,3170
148,28775,3,255,9,31945,3170
148,28775,3,255,10,31945,3170
148,28775,3,255,11,31945,3170
148,28775,3,255,12,31945,3170
148,28775,3,255,13,31945,3170
148,28775,3,255,14,31945,3170
148,28775,3,255,15,31945,3170
149,28975,4,11,11,32145,3170
166,29175,5,2,2,32345,3170
167,29375,6,8,8,32545,3170
168,29575,7,3,3,32745,3170
169,29775,8,14,14,32945,3170
170,29975,9,8,8,33145,3170
171,30175,10,255,0,33345,3170
171,30175,10,255,1,33345,3170
171,30175,10,255,2,33345,3170
171,30175,10,255,3,33345,3170
171,30175,10,255,4,33345,3170
171,30175,10,255,5,33345,3170
171,30175,10,255,6,33345,3170
171,30175,10,255,7,33345,3170
171,30175,10,255,8,33345,3170
171,30175,10,255,9,33345,3170
171,30175,10,255,11,33345,3170
171,30175,10,255,12,33345,3170
171,30175,10,255,13,33345,3170
171,30175,10,255,14,33345,3170
171,30175,10,255,15,33345,3170
173,30575,12,2,2,33745,3170
174,30775,13,15,15,33945,3170
175,30975,14,255,0,34145,3170
175,30975,14,255,1,34145,3170
175,30975,14,255,2,34145,3170
175,30975,14,255,3,34145,3170
175,30975,14,255,4,34145,3170
175,30975,14,255,5,34145,3170
175,30975,14,255,6,34145,3170
175,30975,14,255,7,34145,3170
175,30975,14,255,8,34145,3170
175,30975,14,255,9,34145,3170
175,30975,14,255,10,34145,3170
175,30975,14,255,11,34145,3170
175,30975,14,255,12,34145,3170
175,30975,14,255,13,34145,3170
175,30975,14,255,15,34145,3170
176,31175,15,3,3,34345,3170
161,31375,0,255,1,34545,3170
161,31375,0,255,2,34545,3170
161,31375,0,255,3,34545,3170
161,31375,0,255,4,34545,3170
161,31375,0,255,5,34545,3170
161,31375,0,255,6,34545,3170
161,31375,0,255,7,34545,3170
161,31375,0,255,8,34545,3170
161,31375,0,255,9,34545,3170
161,31375,0,255,10,34545,3170
161,31375,0,255,11,34545,3170
161,31375,0,255,12,34545,3170
161,31375,0,255,13,34545,3170
161,31375,0,255,14,34545,3170
161,31375,0,255,15,34545,3170
162,31575,1,7,7,34745,3170
163,31775,2,10,10,34945,3170
164,31975,3,255,0,35145,3170
164,31975,3,255,1,35145,3170
164,31975,3,255,2,35145,3170
164,31975,3,255,4,35145,3170
164,31975,3,255,5,35145,3170
164,31975,3,255,6,35145,3170
164,31975,3,255,7,35145,3170
164,31975,3,255,8,35145,3170
164,31975,3,255,9,35145,3170
164,31975,3,255,10,35145,3170
164,31975,3,255,11,35145,3170
164,31975,3,255,12,35145,3170
164,31975,3,255,13,35145,3170
164,31975,3,255,14,35145,3170
164,31975,3,255,15,35145,3170
165,32175,4,12,12,35345,3170
182,32375,5,14,14,35545,3170
183,32575,6,3,3,35745,3170
184,32775,7,255,0,35945,3170
184,32775,7,255,1,35945,3170
184,32775,7,255,2,35945,3170
184,32775,7,255,3,35945,3170
184,32775,7,255,4,35945,3170
184,32775,7,255,5,35945,3170
184,32775,7,255,6,35945,3170
184,32775,7,255,8,35945,3170
184,32775,7,255,9,35945,3170
184,32775,7,255,10,35945,3170
184,32775,7,255,11,35945,3170
184,32775,7,255,12,35945,3170
184,32775,7,255,13,35945,3170
184,32775,7,255,14,35945,3170
184,32775,7,255,15,35945,3170
185,32975,8,5,5,36145,3170
186,33175,9,12,12,36345,3170
187,33375,10,7,7,36545,3170
188,33575,11,0,0,36745,3170
189,33775,12,6,6,36945,3170
190,33975,13,4,4,37145,3170
191,34175,14,4,4,37345,3170
192,34375,15,10,10,37545,3170
177,34575,0,5,5,37745,3170
178,34775,1,12,12,37945,3170
194,37975,1,194,-1,,
179,34975,2,7,7,38145,3170
180,35175,3,1,1,38345,3170
181,35375,4,6,6,38545,3170
198,35575,5,13,13,38745,3170
199,35775,6,4,4,38945,3170
200,35975,7,3,3,39145,3170
201,36175,8,15,15,39345,3170
202,36375,9,12,12,39545,3170
203,36575,10,5,5,39745,3170
204,36775,11,1,1,39945,3170
205,36975,12,9,9,40145,3170
206,37175,13,3,3,40345,3170
207,37375,14,8,8,40545,3170
208,37575,15,1,1,40745,3170
193,37775,0,14,14,40945,3170
209,40975,0,67,-1,,
195,38175,2,12,12,41345,3170
196,38375,3,255,0,41545,3170
196,38375,3,255,1,41545,3170
196,38375,3,255,2,41545,3170
196,38375,3,255,4,41545,3170
196,38375,3,255,5,41545,3170
196,38375,3,255,6,41545,3170
196,38375,3,255,7,41545,3170
196,38375,3,255,8,41545,3170
196,38375,3,255,9,41545,3170
196,38375,3,255,10,41545,3170
196,38375,3,255,11,41545,3170
196,38375,3,255,12,41545,3170
196,38375,3,255,13,41545,3170
196,38375,3,255,14,41545,3170
196,38375,3,255,15,41545,3170
197,38575,4,2,2,41745,3170
213,41775,4,201,-1,,
214,38775,5,13,13,41945,3170
215,38975,6,255,0,42145,3170
215,38975,6,255,1,42145,3170
215,38975,6,255,2,42145,3170
215,38975,6,255,3,42145,3170
215,38975,6,255,4,42145,3170
215,38975,6,255,5,42145,3170
215,38975,6,255,7,42145,3170
215,38975,6,255,8,42145,3170
215,38975,6,255,9,42145,3170
215,38975,6,255,10,42145,3170
215,38975,6,255,11,42145,3170
215,38975,6,255,12,42145,3170
215,38975,6,255,13,42145,3170
215,38975,6,255,14,42145,3170
215,38975,6,255,15,42145,3170
231,42175,6,149,-1,,
216,39175,7,4,4,42345,3170
217,39375,8,0,0,42545,3170
218,39575,9,15,15,42745,3170
219,39775,10,8,8,42945,3170
220,39975,11,1,1,43145,3170
221,40175,12,255,0,43345,3170
221,40175,12,255,1,43345,3170
221,40175,12,255,2,43345,3170
221,40175,12,255,3,43345,3170
221,40175,12,255,4,43345,3170
221,40175,12,255,5,43345,3170
221,40175,12,255,6,43345,3170
221,40175,12,255,7,43345,3170
221,40175,12,255,8,43345,3170
221,40175,12,255,9,43345,3170
221,40175,12,255,10,43345,3170
221,40175,12,255,11,43345,3170
221,40175,12,255,13,43345,3170
221,40175,12,255,14,43345,3170
221,40175,12,255,15,43345,3170
222,40375,13,8,8,43545,3170
223,40575,14,5,5,43745,3170
224,40775,15,12,12,43945,3170
210,41175,1,13,13,44345,3170
211,41375,2,10,10,44545,3170
212,41575,3,15,15,44745,3170
230,41975,5,1,1,45145,3170
246,45175,5,176,-1,,
232,42375,7,14,14,45545,3170
233,42575,8,0,0,45745,3170
249,45775,8,233,-1,,
234,42775,9,3,3,45945,3170
235,42975,10,255,0,46145,3170
235,42975,10,255,1,46145,3170
235,42975,10,255,2,46145,3170
235,42975,10,255,3,46145,3170
235,42975,10,255,4,46145,3170
235,42975,10,255,5,46145,3170
235,42975,10,255,6,46145,3170
235,42975,10,255,7,46145,3170
235,42975,10,255,8,46145,3170
235,42975,10,255,9,46145,3170
235,42975,10,255,11,46145,3170
235,42975,10,255,12,46145,3170
235,42975,10,255,13,46145,3170
235,42975,10,255,14,46145,3170
235,42975,10,255,15,46145,3170
236,43175,11,15,15,46345,3170
237,43375,12,10,10,46545,3170
238,43575,13,6,6,46745,3170
239,43775,14,3,3,46945,3170
240,43975,15,8,8,47145,3170
225,44175,0,9,9,47345,3170
226,44375,1,8,8,47545,3170
227,44575,2,7,7,47745,3170
228,44775,3,11,11,47945,3170
229,44975,4,11,11,48145,3170
247,45375,6,13,13,48545,3170
248,45575,7,6,6,48745,3170
250,45975,9,7,7,49145,3170
251,46175,10,1,1,49345,3170
252,46375,11,15,15,49545,3170
253,46575,12,4,4,49745,3170
254,46775,13,7,7,49945,3170
255,46975,14,11,11,50145,3170
256,47175,15,1,1,50345,3170
241,47375,0,8,8,50545,3170
242,47575,1,11,11,50745,3170
243,47775,2,7,7,50945,3170
244,47975,3,9,9,51145,3170
245,48175,4,15,15,51345,3170
262,48375,5,12,12,51545,3170
263,48575,6,4,4,51745,3170
264,48775,7,10,10,51945,3170
265,48975,8,1,1,52145,3170
266,49175,9,0,0,52345,3170
267,49375,10,11,11,52545,3170
268,49575,11,7,7,52745,3170
269,49775,12,15,15,52945,3170
270,49975,13,15,15,53145,3170
271,50175,14,15,15,53345,3170
272,50375,15,2,2,53545,3170
257,50575,0,1,1,53745,3170
258,50775,1,5,5,53945,3170
259,50975,2,9,9,54145,3170
260,51175,3,0,0,54345,3170
276,54375,3,32,-1,,
261,51375,4,1,1,54545,3170
278,51575,5,4,4,54745,3170
294,54775,5,145,-1,,
279,51775,6,255,0,54945,3170
279,51775,6,255,1,54945,3170
279,51775,6,255,2,54945,3170
279,51775,6,255,3,54945,3170
279,51775,6,255,4,54945,3170
279,51775,6,255,5,54945,3170
279,51775,6,255,7,54945,3170
279,51775,6,255,8,54945,3170
279,51775,6,255,9,54945,3170
279,51775,6,255,10,54945,3170
279,51775,6,255,11,54945,3170
279,51775,6,255,12,54945,3170
279,51775,6,255,13,54945,3170
279,51775,6,255,14,54945,3170
279,51775,6,255,15,54945,3170
280,51975,7,2,2,55145,3170
296,55175,7,131,-1,,
281,52175,8,0,0,55345,3170
297,55375,8,97,-1,,
282,52375,9,7,7,55545,3170
283,52575,10,2,2,55745,3170
284,52775,11,3,3,55945,3170
285,52975,12,7,7,56145,3170
286,53175,13,3,3,56345,3170
287,53375,14,9,9,56545,3170
288,53575,15,7,7,56745,3170
273,53775,0,8,8,56945,3170
274,53975,1,5,5,57145,3170
275,54175,2,5,5,57345,3170
277,54575,4,14,14,57745,3170
295,54975,6,2,2,58145,3170
298,55575,9,1,1,58745,3170
299,55775,10,12,12,58945,3170
300,55975,11,7,7,59145,3170
301,56175,12,6,6,59345,3170
317,59375,12,92,-1,,
302,56375,13,6,6,59545,3170
303,56575,14,0,0,59745,3170
304,56775,15,3,3,59945,3170
289,56975,0,14,14,60145,3170
290,57175,1,14,14,60345,3170
291,57375,2,13,13,60545,3170
292,57575,3,1,1,60745,3170
293,57775,4,3,3,60945,3170
309,60975,4,109,-1,,
310,57975,5,11,11,61145,3170
311,58175,6,13,13,61345,3170
312,58375,7,14,14,61545,3170
313,58575,8,10,10,61745,3170
314,58775,9,8,8,61945,3170
315,58975,10,0,0,62145,3170
316,59175,11,2,2,62345,3170
318,59575,13,7,7,62745,3170
319,59775,14,10,10,62945,3170
335,62975,14,186,-1,,
320,59975,15,6,6,63145,3170
305,60175,0,255,1,63345,3170
305,60175,0,255,2,63345,3170
305,60175,0,255,3,63345,3170
305,60175,0,255,4,63345,3170
305,60175,0,255,5,63345,3170
305,60175,0,255,6,63345,3170
305,60175,0,255,7,63345,3170
305,60175,0,255,8,63345,3170
305,60175,0,255,9,63345,3170
305,60175,0,255,10,63345,3170
305,60175,0,255,11,63345,3170
305,60175,0,255,12,63345,3170
305,60175,0,255,13,63345,3170
305,60175,0,255,14,63345,3170
305,60175,0,255,15,63345,3170
306,60375,1,14,14,63545,3170
307,60575,2,7,7,63745,3170
308,60775,3,1,1,63945,3170
326,61175,5,0,0,64345,3170
327,61375,6,10,10,64545,3170
328,61575,7,6,6,64745,3170
329,61775,8,4,4,64945,3170
330,61975,9,15,15,65145,3170
331,62175,10,13,13,65345,3170
332,62375,11,13,13,65545,3170
333,62575,12,0,0,65745,3170
334,62775,13,7,7,65945,3170
336,63175,15,4,4,66345,3170
321,63375,0,255,1,66545,3170
321,63375,0,255,2,66545,3170
321,63375,0,255,3,66545,3170
321,63375,0,255,4,66545,3170
321,63375,0,255,5,66545,3170
321,63375,0,255,6,66545,3170
321,63375,0,255,7,66545,3170
321,63375,0,255,8,66545,3170
321,63375,0,255,9,66545,3170
321,63375,0,255,10,66545,3170
321,63375,0,255,11,66545,3170
321,63375,0,255,12,66545,3170
321,63375,0,255,13,66545,3170
321,63375,0,255,14,66545,3170
321,63375,0,255,15,66545,3170
322,63575,1,10,10,66745,3170
323,63775,2,7,7,66945,3170
324,63975,3,12,12,67145,3170
325,64175,4,5,5,67345,3170
342,64375,5,6,6,67545,3170
343,64575,6,11,11,67745,3170
344,64775,7,1,1,67945,3170
345,64975,8,1,1,68145,3170
346,65175,9,2,2,68345,3170
347,65375,10,1,1,68545,3170
363,68575,10,112,-1,,
348,65575,11,3,3,68745,3170
349,65775,12,14,14,68945,3170
350,65975,13,4,4,69145,3170
351,66175,14,6,6,69345,3170
352,66375,15,12,12,69545,3170
337,66575,0,255,1,69745,3170
337,66575,0,255,2,69745,3170
337,66575,0,255,3,69745,3170
337,66575,0,255,4,69745,3170
337,66575,0,255,5,69745,3170
337,66575,0,255,6,69745,3170
337,66575,0,255,7,69745,3170
337,66575,0,255,8,69745,3170
337,66575,0,255,9,69745,3170
337,66575,0,255,10,69745,3170
337,66575,0,255,11,69745,3170
337,66575,0,255,12,69745,3170
337,66575,0,255,13,69745,3170
337,66575,0,255,14,69745,3170
337,66575,0,255,15,69745,3170
338,66775,1,11,11,69945,3170
354,69975,1,143,-1,,
339,66975,2,5,5,70145,3170
355,70175,2,156,-1,,
340,67175,3,13,13,70345,3170
341,67375,4,11,11,70545,3170
358,67575,5,255,0,70745,3170
358,67575,5,255,1,70745,3170
358,67575,5,255,2,70745,3170
358,67575,5,255,3,70745,3170
358,67575,5,255,4,70745,3170
358,67575,5,255,6,70745,3170
358,67575,5,255,7,70745,3170
358,67575,5,255,8,70745,3170
358,67575,5,255,9,70745,3170
358,67575,5,255,10,70745,3170
358,67575,5,255,11,70745,3170
358,67575,5,255,12,70745,3170
358,67575,5,255,13,70745,3170
358,67575,5,255,14,70745,3170
358,67575,5,255,15,70745,3170
359,67775,6,4,4,70945,3170
375,70975,6,106,-1,,
360,67975,7,8,8,71145,3170
361,68175,8,11,11,71345,3170
377,71375,8,71,-1,,
362,68375,9,7,7,71545,3170
364,68775,11,14,14,71945,3170
365,68975,12,3,3,72145,3170
366,69175,13,8,8,72345,3170
367,69375,14,10,10,72545,3170
368,69575,15,1,1,72745,3170
353,69775,0,14,14,72945,3170
356,70375,3,2,2,73545,3170
357,70575,4,255,0,73745,3170
357,70575,4,255,1,73745,3170
357,70575,4,255,2,73745,3170
357,70575,4,255,3,73745,3170
357,70575,4,255,5,73745,3170
357,70575,4,255,6,73745,3170
357,70575,4,255,7,73745,3170
357,70575,4,255,8,73745,3170
357,70575,4,255,9,73745,3170
357,70575,4,255,10,73745,3170
357,70575,4,255,11,73745,3170
357,70575,4,255,12,73745,3170
357,70575,4,255,13,73745,3170
357,70575,4,255,14,73745,3170
357,70575,4,255,15,73745,3170
374,70775,5,11,11,73945,3170
376,71175,7,15,15,74345,3170
378,71575,9,14,14,74745,3170
379,71775,10,5,5,74945,3170
380,71975,11,15,15,75145,3170
381,72175,12,7,7,75345,3170
382,72375,13,7,7,75545,3170
383,72575,14,4,4,75745,3170
384,72775,15,13,13,75945,3170
369,72975,0,12,12,76145,3170
370,73175,1,9,9,76345,3170
371,73375,2,8,8,76545,3170
372,73575,3,255,0,76745,3170
372,73575,3,255,1,76745,3170
372,73575,3,255,2,76745,3170
372,73575,3,255,4,76745,3170
372,73575,3,255,5,76745,3170
372,73575,3,255,6,76745,3170
372,73575,3,255,7,76745,3170
372,73575,3,255,8,76745,3170
372,73575,3,255,9,76745,3170
372,73575,3,255,10,76745,3170
372,73575,3,255,11,76745,3170
372,73575,3,255,12,76745,3170
372,73575,3,255,13,76745,3170
372,73575,3,255,14,76745,3170
372,73575,3,255,15,76745,3170
388,76775,3,71,-1,,
373,73775,4,255,0,76945,3170
373,73775,4,255,1,76945,3170
373,73775,4,255,2,76945,3170
373,73775,4,255,3,76945,3170
373,73775,4,255,5,76945,3170
373,73775,4,255,6,76945,3170
373,73775,4,255,7,76945,3170
373,73775,4,255,8,76945,3170
373,73775,4,255,9,76945,3170
373,73775,4,255,10,76945,3170
373,73775,4,255,11,76945,3170
373,73775,4,255,12,76945,3170
373,73775,4,255,13,76945,3170
373,73775,4,255,14,76945,3170
373,73775,4,255,15,76945,3170
390,73975,5,3,3,77145,3170
391,74175,6,0,0,77345,3170
407,77375,6,74,-1,,
392,74375,7,4,4,77545,3170
393,74575,8,10,10,77745,3170
394,74775,9,0,0,77945,3170
395,74975,10,12,12,78145,3170
396,75175,11,7,7,78345,3170
397,75375,12,15,15,78545,3170
398,75575,13,7,7,78745,3170
399,75775,14,6,6,78945,3170
415,78975,14,196,-1,,
400,75975,15,10,10,79145,3170
385,76175,0,5,5,79345,3170
386,76375,1,12,12,79545,3170
387,76575,2,13,13,79745,3170
389,76975,4,6,6,80145,3170
406,77175,5,255,0,80345,3170
406,77175,5,255,1,80345,3170
406,77175,5,255,2,80345,3170
406,77175,5,255,3,80345,3170
406,77175,5,255,4,80345,3170
406,77175,5,255,6,80345,3170
406,77175,5,255,7,80345,3170
406,77175,5,255,8,80345,3170
406,77175,5,255,9,80345,3170
406,77175,5,255,10,80345,3170
406,77175,5,255,11,80345,3170
406,77175,5,255,12,80345,3170
406,77175,5,255,13,80345,3170
406,77175,5,255,14,80345,3170
406,77175,5,255,15,80345,3170
408,77575,7,0,0,80745,3170
409,77775,8,1,1,80945,3170
410,77975,9,4,4,81145,3170
411,78175,10,4,4,81345,3170
412,78375,11,14,14,81545,3170
413,78575,12,11,11,81745,3170
414,78775,13,9,9,81945,3170
416,79175,15,2,2,82345,3170
401,79375,0,2,2,82545,3170
402,79575,1,255,0,82745,3170
402,79575,1,255,2,82745,3170
402,79575,1,255,3,82745,3170
402,79575,1,255,4,82745,3170
402,79575,1,255,5,82745,3170
402,79575,1,255,6,82745,3170
402,79575,1,255,7,82745,3170
402,79575,1,255,8,82745,3170
402,79575,1,255,9,82745,3170
402,79575,1,255,10,82745,3170
402,79575,1,255,11,82745,3170
402,79575,1,255,12,82745,3170
402,79575,1,255,13,82745,3170
402,79575,1,255,14,82745,3170
402,79575,1,255,15,82745,3170
403,79775,2,0,0,82945,3170
404,79975,3,8,8,83145,3170
405,80175,4,6,6,83345,3170
422,80375,5,255,0,83545,3170
422,80375,5,255,1,83545,3170
422,80375,5,255,2,83545,3170
422,80375,5,255,3,83545,3170
422,80375,5,255,4,83545,3170
422,80375,5,255,6,83545,3170
422,80375,5,255,7,83545,3170
422,80375,5,255,8,83545,3170
422,80375,5,255,9,83545,3170
422,80375,5,255,10,83545,3170
422,80375,5,255,11,83545,3170
422,80375,5,255,12,83545,3170
422,80375,5,255,13,83545,3170
422,80375,5,255,14,83545,3170
422,80375,5,255,15,83545,3170
438,83575,5,139,-1,,
423,80575,6,4,4,83745,3170
424,80775,7,1,1,83945,3170
425,80975,8,15,15,84145,3170
426,81175,9,1,1,84345,3170
427,81375,10,3,3,84545,3170
428,81575,11,2,2,84745,3170
429,81775,12,255,0,84945,3170
429,81775,12,255,1,84945,3170
429,81775,12,255,2,84945,3170
429,81775,12,255,3,84945,3170
429,81775,12,255,4,84945,3170
429,81775,12,255,5,84945,3170
429,81775,12,255,6,84945,3170
429,81775,12,255,7,84945,3170
429,81775,12,255,8,84945,3170
429,81775,12,255,9,84945,3170
429,81775,12,255,10,84945,3170
429,81775,12,255,11,84945,3170
429,81775,12,255,13,84945,3170
429,81775,12,255,14,84945,3170
429,81775,12,255,15,84945,3170
430,81975,13,3,3,85145,3170
431,82175,14,2,2,85345,3170
447,85375,14,173,-1,,
432,82375,15,0,0,85545,3170
417,82575,0,11,11,85745,3170
433,85775,0,188,-1,,
418,82775,1,14,14,85945,3170
419,82975,2,255,0,86145,3170
419,82975,2,255,1,86145,3170
419,82975,2,255,3,86145,3170
419,82975,2,255,4,86145,3170
419,82975,2,255,5,86145,3170
419,82975,2,255,6,86145,3170
419,82975,2,255,7,86145,3170
419,82975,2,255,8,86145,3170
419,82975,2,255,9,86145,3170
419,82975,2,255,10,86145,3170
419,82975,2,255,11,86145,3170
419,82975,2,255,12,86145,3170
419,82975,2,255,13,86145,3170
419,82975,2,255,14,86145,3170
419,82975,2,255,15,86145,3170
420,83175,3,2,2,86345,3170
421,83375,4,3,3,86545,3170
439,83775,6,14,14,86945,3170
440,83975,7,3,3,87145,3170
441,84175,8,255,0,87345,3170
441,84175,8,255,1,87345,3170
441,84175,8,255,2,87345,3170
441,84175,8,255,3,87345,3170
441,84175,8,255,4,87345,3170
441,84175,8,255,5,87345,3170
441,84175,8,255,6,87345,3170
441,84175,8,255,7,87345,3170
441,84175,8,255,9,87345,3170
441,84175,8,255,10,87345,3170
441,84175,8,255,11,87345,3170
441,84175,8,255,12,87345,3170
441,84175,8,255,13,87345,3170
441,84175,8,255,14,87345,3170
441,84175,8,255,15,87345,3170
442,84375,9,7,7,87545,3170
458,87575,9,61,-1,,
443,84575,10,1,1,87745,3170
444,84775,11,4,4,87945,3170
445,84975,12,8,8,88145,3170
446,85175,13,15,15,88345,3170
448,85575,15,5,5,88745,3170
434,85975,1,5,5,89145,3170
435,86175,2,3,3,89345,3170
451,89375,2,209,-1,,
436,86375,3,15,15,89545,3170
437,86575,4,6,6,89745,3170
454,86775,5,255,0,89945,3170
454,86775,5,255,1,89945,3170
454,86775,5,255,2,89945,3170
454,86775,5,255,3,89945,3170
454,86775,5,255,4,89945,3170
454,86775,5,255,6,89945,3170
454,86775,5,255,7,89945,3170
454,86775,5,255,8,89945,3170
454,86775,5,255,9,89945,3170
454,86775,5,255,10,89945,3170
454,86775,5,255,11,89945,3170
454,86775,5,255,12,89945,3170
454,86775,5,255,13,89945,3170
454,86775,5,255,14,89945,3170
454,86775,5,255,15,89945,3170
455,86975,6,13,13,90145,3170
471,90175,6,207,-1,,
456,87175,7,14,14,90345,3170
457,87375,8,255,0,90545,3170
457,87375,8,255,1,90545,3170
457,87375,8,255,2,90545,3170
457,87375,8,255,3,90545,3170
457,87375,8,255,4,90545,3170
457,87375,8,255,5,90545,3170
457,87375,8,255,6,90545,3170
457,87375,8,255,7,90545,3170
457,87375,8,255,9,90545,3170
457,87375,8,255,10,90545,3170
457,87375,8,255,11,90545,3170
457,87375,8,255,12,90545,3170
457,87375,8,255,13,90545,3170
457,87375,8,255,14,90545,3170
457,87375,8,255,15,90545,3170
459,87775,10,3,3,90945,3170
460,87975,11,0,0,91145,3170
461,88175,12,6,6,91345,3170
462,88375,13,5,5,91545,3170
463,88575,14,1,1,91745,3170
464,88775,15,0,0,91945,3170
449,88975,0,9,9,92145,3170
450,89175,1,9,9,92345,3170
452,89575,3,4,4,92745,3170
453,89775,4,1,1,92945,3170
470,89975,5,10,10,93145,3170
472,90375,7,2,2,93545,3170
473,90575,8,0,0,93745,3170
474,90775,9,13,13,93945,3170
475,90975,10,6,6,94145,3170
476,91175,11,12,12,94345,3170
477,91375,12,10,10,94545,3170
478,91575,13,4,4,94745,3170
479,91775,14,12,12,94945,3170
480,91975,15,5,5,95145,3170
465,92175,0,1,1,95345,3170
466,92375,1,14,14,95545,3170
467,92575,2,10,10,95745,3170
483,95775,2,136,-1,,
468,92775,3,255,0,95945,3170
468,92775,3,255,1,95945,3170
468,92775,3,255,2,95945,3170
468,92775,3,255,4,95945,3170
468,92775,3,255,5,95945,3170
468,92775,3,255,6,95945,3170
468,92775,3,255,7,95945,3170
468,92775,3,255,8,95945,3170
468,92775,3,255,9,95945,3170
468,92775,3,255,10,95945,3170
468,92775,3,255,11,95945,3170
468,92775,3,255,12,95945,3170
468,92775,3,255,13,95945,3170
468,92775,3,255,14,95945,3170
468,92775,3,255,15,95945,3170
469,92975,4,15,15,96145,3170
486,93175,5,4,4,96345,3170
502,96375,5,203,-1,,
487,93375,6,4,4,96545,3170
488,93575,7,5,5,96745,3170
489,93775,8,5,5,96945,3170
490,93975,9,2,2,97145,3170
491,94175,10,255,0,97345,3170
491,94175,10,255,1,97345,3170
491,94175,10,255,2,97345,3170
491,94175,10,255,3,97345,3170
491,94175,10,255,4,97345,3170
491,94175,10,255,5,97345,3170
491,94175,10,255,6,97345,3170
491,94175,10,255,7,97345,3170
491,94175,10,255,8,97345,3170
491,94175,10,255,9,97345,3170
491,94175,10,255,11,97345,3170
491,94175,10,255,12,97345,3170
491,94175,10,255,13,97345,3170
491,94175,10,255,14,97345,3170
491,94175,10,255,15,97345,3170
492,94375,11,1,1,97545,3170
493,94575,12,11,11,97745,3170
494,94775,13,9,9,97945,3170
495,94975,14,5,5,98145,3170
496,95175,15,14,14,98345,3170
481,95375,0,10,10,98545,3170
482,95575,1,5,5,98745,3170
499,98975,2,118,-1,,
484,95975,3,10,10,99145,3170
485,96175,4,6,6,99345,3170
503,96575,6,13,13,99745,3170
504,96775,7,6,6,99945,3170
505,96975,8,5,5,100145,3170
506,97175,9,13,13,100345,3170
507,97375,10,11,11,100545,3170
508,97575,11,12,12,100745,3170
509,97775,12,10,10,100945,3170
510,97975,13,14,14,101145,3170
511,98175,14,7,7,101345,3170
512,98375,15,3,3,101545,3170
497,98575,0,9,9,101745,3170
498,98775,1,5,5,101945,3170
500,99175,3,6,6,102345,3170
501,99375,4,14,14,102545,3170
518,99575,5,9,9,102745,3170
519,99775,6,15,15,102945,3170
520,99975,7,4,4,103145,3170
521,100175,8,255,0,103345,3170
521,100175,8,255,1,103345,3170
521,100175,8,255,2,103345,3170
521,100175,8,255,3,103345,3170
521,100175,8,255,4,103345,3170
521,100175,8,255,5,103345,3170
521,100175,8,255,6,103345,3170
521,100175,8,255,7,103345,3170
521,100175,8,255,9,103345,3170
521,100175,8,255,10,103345,3170
521,100175,8,255,11,103345,3170
521,100175,8,255,12,103345,3170
521,100175,8,255,13,103345,3170
521,100175,8,255,14,103345,3170
521,100175,8,255,15,103345,3170
522,100375,9,4,4,103545,3170
523,100575,10,255,0,103745,3170
523,100575,10,255,1,103745,3170
523,100575,10,255,2,103745,3170
523,100575,10,255,3,103745,3170
523,100575,10,255,4,103745,3170
523,100575,10,255,5,103745,3170
523,100575,10,255,6,103745,3170
523,100575,10,255,7,103745,3170
523,100575,10,255,8,103745,3170
523,100575,10,255,9,103745,3170
523,100575,10,255,11,103745,3170
523,100575,10,255,12,103745,3170
523,100575,10,255,13,103745,3170
523,100575,10,255,14,103745,3170
523,100575,10,255,15,103745,3170
524,100775,11,0,0,103945,3170
525,100975,12,6,6,104145,3170
526,101175,13,8,8,104345,3170
527,101375,14,7,7,104545,3170
528,101575,15,8,8,104745,3170
513,101775,0,14,14,104945,3170
529,104975,0,164,-1,,
514,101975,1,11,11,105145,3170
515,102175,2,1,1,105345,3170
516,102375,3,7,7,105545,3170
517,102575,4,7,7,105745,3170
534,102775,5,6,6,105945,3170
535,102975,6,8,8,106145,3170
536,103175,7,15,15,106345,3170
537,103375,8,13,13,106545,3170
538,103575,9,1,1,106745,3170
539,103775,10,8,8,106945,3170
555,106975,10,83,-1,,
540,103975,11,5,5,107145,3170
541,104175,12,6,6,107345,3170
542,104375,13,255,0,107545,3170
542,104375,13,255,1,107545,3170
542,104375,13,255,2,107545,3170
542,104375,13,255,3,107545,3170
542,104375,13,255,4,107545,3170
542,104375,13,255,5,107545,3170
542,104375,13,255,6,107545,3170
542,104375,13,255,7,107545,3170
542,104375,13,255,8,107545,3170
542,104375,13,255,9,107545,3170
542,104375,13,255,10,107545,3170
542,104375,13,255,11,107545,3170
542,104375,13,255,12,107545,3170
542,104375,13,255,14,107545,3170
542,104375,13,255,15,107545,3170
543,104575,14,255,0,107745,3170
543,104575,14,255,1,107745,3170
543,104575,14,255,2,107745,3170
543,104575,14,255,3,107745,3170
543,104575,14,255,4,107745,3170
543,104575,14,255,5,107745,3170
543,104575,14,255,6,107745,3170
543,104575,14,255,7,107745,3170
543,104575,14,255,8,107745,3170
543,104575,14,255,9,107745,3170
543,104575,14,255,10,107745,3170
543,104575,14,255,11,107745,3170
543,104575,14,255,12,107745,3170
543,104575,14,255,13,107745,3170
543,104575,14,255,15,107745,3170
544,104775,15,7,7,107945,3170
545,108175,0,31,-1,,
530,105175,1,2,2,108345,3170
531,105375,2,8,8,108545,3170
532,105575,3,12,12,108745,3170
533,105775,4,14,14,108945,3170
550,105975,5,3,3,109145,3170
551,106175,6,1,1,109345,3170
552,106375,7,8,8,109545,3170
553,106575,8,0,0,109745,3170
554,106775,9,255,0,109945,3170
554,106775,9,255,1,109945,3170
554,106775,9,255,2,109945,3170
554,106775,9,255,3,109945,3170
554,106775,9,255,4,109945,3170
554,106775,9,255,5,109945,3170
554,106775,9,255,6,109945,3170
554,106775,9,255,7,109945,3170
554,106775,9,255,8,109945,3170
554,106775,9,255,10,109945,3170
554,106775,9,255,11,109945,3170
554,106775,9,255,12,109945,3170
554,106775,9,255,13,109945,3170
554,106775,9,255,14,109945,3170
554,106775,9,255,15,109945,3170
556,107175,11,12,12,110345,3170
557,107375,12,6,6,110545,3170
558,107575,13,14,14,110745,3170
559,107775,14,4,4,110945,3170
575,110975,14,136,-1,,
560,107975,15,3,3,111145,3170
546,108375,1,8,8,111545,3170
547,108575,2,6,6,111745,3170
548,108775,3,7,7,111945,3170
549,108975,4,9,9,112145,3170
566,109175,5,13,13,112345,3170
567,109375,6,11,11,112545,3170
568,109575,7,12,12,112745,3170
569,109775,8,7,7,112945,3170
570,109975,9,14,14,113145,3170
571,110175,10,8,8,113345,3170
572,110375,11,5,5,113545,3170
573,110575,12,7,7,113745,3170
574,110775,13,5,5,113945,3170
576,111175,15,14,14,114345,3170
561,111375,0,255,1,114545,3170
561,111375,0,255,2,114545,3170
561,111375,0,255,3,114545,3170
561,111375,0,255,4,114545,3170
561,111375,0,255,5,114545,3170
561,111375,0,255,6,114545,3170
561,111375,0,255,7,114545,3170
561,111375,0,255,8,114545,3170
561,111375,0,255,9,114545,3170
561,111375,0,255,10,114545,3170
561,111375,0,255,11,114545,3170
561,111375,0,255,12,114545,3170
561,111375,0,255,13,114545,3170
561,111375,0,255,14,114545,3170
561,111375,0,255,15,114545,3170
577,114575,0,233,-1,,
562,111575,1,7,7,114745,3170
563,111775,2,13,13,114945,3170
564,111975,3,7,7,115145,3170
565,112175,4,1,1,115345,3170
582,112375,5,6,6,115545,3170
598,115575,5,141,-1,,
583,112575,6,4,4,115745,3170
584,112775,7,6,6,115945,3170
585,112975,8,10,10,116145,3170
601,116175,8,188,-1,,
586,113175,9,3,3,116345,3170
587,113375,10,15,15,116545,3170
588,113575,11,12,12,116745,3170
589,113775,12,5,5,116945,3170
590,113975,13,5,5,117145,3170
591,114175,14,7,7,117345,3170
592,114375,15,4,4,117545,3170
578,114775,1,255,0,117945,3170
578,114775,1,255,2,117945,3170
578,114775,1,255,3,117945,3170
578,114775,1,255,4,117945,3170
578,114775,1,255,5,117945,3170
578,114775,1,255,6,117945,3170
578,114775,1,255,7,117945,3170
578,114775,1,255,8,117945,3170
578,114775,1,255,9,117945,3170
578,114775,1,255,10,117945,3170
578,114775,1,255,11,117945,3170
578,114775,1,255,12,117945,3170
578,114775,1,255,13,117945,3170
578,114775,1,255,14,117945,3170
578,114775,1,255,15,117945,3170
579,114975,2,3,3,118145,3170
580,115175,3,8,8,118345,3170
581,115375,4,14,14,118545,3170
614,118775,5,203,-1,,
599,115775,6,2,2,118945,3170
600,115975,7,13,13,119145,3170
602,116375,9,10,10,119545,3170
603,116575,10,11,11,119745,3170
604,116775,11,5,5,119945,3170
605,116975,12,13,13,120145,3170
606,117175,13,14,14,120345,3170
607,117375,14,9,9,120545,3170
608,117575,15,9,9,120745,3170
593,117775,0,9,9,120945,3170
594,117975,1,0,0,121145,3170
595,118175,2,15,15,121345,3170
596,118375,3,255,0,121545,3170
596,118375,3,255,1,121545,3170
596,118375,3,255,2,121545,3170
596,118375,3,255,4,121545,3170
596,118375,3,255,5,121545,3170
596,118375,3,255,6,121545,3170
596,118375,3,255,7,121545,3170
596,118375,3,255,8,121545,3170
596,118375,3,255,9,121545,3170
596,118375,3,255,10,121545,3170
596,118375,3,255,11,121545,3170
596,118375,3,255,12,121545,3170
596,118375,3,255,13,121545,3170
596,118375,3,255,14,121545,3170
596,118375,3,255,15,121545,3170
597,118575,4,8,8,121745,3170
615,118975,6,1,1,122145,3170
616,119175,7,3,3,122345,3170
617,119375,8,255,0,122545,3170
617,119375,8,255,1,122545,3170
617,119375,8,255,2,122545,3170
617,119375,8,255,3,122545,3170
617,119375,8,255,4,122545,3170
617,119375,8,255,5,122545,3170
617,119375,8,255,6,122545,3170
617,119375,8,255,7,122545,3170
617,119375,8,255,9,122545,3170
617,119375,8,255,10,122545,3170
617,119375,8,255,11,122545,3170
617,119375,8,255,12,122545,3170
617,119375,8,255,13,122545,3170
617,119375,8,255,14,122545,3170
617,119375,8,255,15,122545,3170
618,119575,9,11,11,122745,3170
619,119775,10,8,8,122945,3170
620,119975,11,0,0,123145,3170
621,120175,12,0,0,123345,3170
622,120375,13,7,7,123545,3170
623,120575,14,12,12,123745,3170
624,120775,15,3,3,123945,3170
609,120975,0,2,2,124145,3170
610,121175,1,8,8,124345,3170
611,121375,2,255,0,124545,3170
611,121375,2,255,1,124545,3170
611,121375,2,255,3,124545,3170
611,121375,2,255,4,124545,3170
611,121375,2,255,5,124545,3170
611,121375,2,255,6,124545,3170
611,121375,2,255,7,124545,3170
611,121375,2,255,8,124545,3170
611,121375,2,255,9,124545,3170
611,121375,2,255,10,124545,3170
611,121375,2,255,11,124545,3170
611,121375,2,255,12,124545,3170
611,121375,2,255,13,124545,3170
611,121375,2,255,14,124545,3170
611,121375,2,255,15,124545,3170
612,121575,3,14,14,124745,3170
613,121775,4,5,5,124945,3170
630,121975,5,6,6,125145,3170
631,122175,6,7,7,125345,3170
632,122375,7,11,11,125545,3170
633,122575,8,3,3,125745,3170
634,122775,9,10,10,125945,3170
635,122975,10,2,2,126145,3170
636,123175,11,2,2,126345,3170
637,123375,12,2,2,126545,3170
638,123575,13,15,15,126745,3170
639,123775,14,10,10,126945,3170
640,123975,15,11,11,127145,3170
625,124175,0,6,6,127345,3170
626,124375,1,11,11,127545,3170
627,124575,2,0,0,127745,3170
628,124775,3,255,0,127945,3170
628,124775,3,255,1,127945,3170
628,124775,3,255,2,127945,3170
628,124775,3,255,4,127945,3170
628,124775,3,255,5,127945,3170
628,124775,3,255,6,127945,3170
628,124775,3,255,7,127945,3170
628,124775,3,255,8,127945,3170
628,124775,3,255,9,127945,3170
628,124775,3,255,10,127945,3170
628,124775,3,255,11,127945,3170
628,124775,3,255,12,127945,3170
628,124775,3,255,13,127945,3170
628,124775,3,255,14,127945,3170
628,124775,3,255,15,127945,3170
629,124975,4,11,11,128145,3170
646,125175,5,7,7,128345,3170
647,125375,6,255,0,128545,3170
647,125375,6,255,1,128545,3170
647,125375,6,255,2,128545,3170
647,125375,6,255,3,128545,3170
647,125375,6,255,4,128545,3170
647,125375,6,255,5,128545,3170
647,125375,6,255,7,128545,3170
647,125375,6,255,8,128545,3170
647,125375,6,255,9,128545,3170
647,125375,6,255,10,128545,3170
647,125375,6,255,11,128545,3170
647,125375,6,255,12,128545,3170
647,125375,6,255,13,128545,3170
647,125375,6,255,14,128545,3170
647,125375,6,255,15,128545,3170
648,125575,7,9,9,128745,3170
649,125775,8,7,7,128945,3170
650,125975,9,14,14,129145,3170
651,126175,10,13,13,129345,3170
652,126375,11,255,0,129545,3170
652,126375,11,255,1,129545,3170
652,126375,11,255,2,129545,3170
652,126375,11,255,3,129545,3170
652,126375,11,255,4,129545,3170
652,126375,11,255,5,129545,3170
652,126375,11,255,6,129545,3170
652,126375,11,255,7,129545,3170
652,126375,11,255,8,129545,3170
652,126375,11,255,9,129545,3170
652,126375,11,255,10,129545,3170
652,126375,11,255,12,129545,3170
652,126375,11,255,13,129545,3170
652,126375,11,255,14,129545,3170
652,126375,11,255,15,129545,3170
653,126575,12,255,0,129745,3170
653,126575,12,255,1,129745,3170
653,126575,12,255,2,129745,3170
653,126575,12,255,3,129745,3170
653,126575,12,255,4,129745,3170
653,126575,12,255,5,129745,3170
653,126575,12,255,6,129745,3170
653,126575,12,255,7,129745,3170
653,126575,12,255,8,129745,3170
653,126575,12,255,9,129745,3170
653,126575,12,255,10,129745,3170
653,126575,12,255,11,129745,3170
653,126575,12,255,13,129745,3170
653,126575,12,255,14,129745,3170
653,126575,12,255,15,129745,3170
654,126775,13,5,5,129945,3170
655,126975,14,3,3,130145,3170
656,127175,15,0,0,130345,3170
641,127375,0,14,14,130545,3170
642,127575,1,9,9,130745,3170
643,127775,2,10,10,130945,3170
644,127975,3,13,13,131145,3170
645,128175,4,14,14,131345,3170
662,128375,5,255,0,131545,3170
662,128375,5,255,1,131545,3170
662,128375,5,255,2,131545,3170
662,128375,5,255,3,131545,3170
662,128375,5,255,4,131545,3170
662,128375,5,255,6,131545,3170
662,128375,5,255,7,131545,3170
662,128375,5,255,8,131545,3170
662,128375,5,255,9,131545,3170
662,128375,5,255,10,131545,3170
662,128375,5,255,11,131545,3170
662,128375,5,255,12,131545,3170
662,128375,5,255,13,131545,3170
662,128375,5,255,14,131545,3170
662,128375,5,255,15,131545,3170
663,128575,6,15,15,131745,3170
679,131775,6,69,-1,,
664,128775,7,9,9,131945,3170
665,128975,8,11,11,132145,3170
666,129175,9,5,5,132345,3170
667,129375,10,1,1,132545,3170
668,129575,11,255,0,132745,3170
668,129575,11,255,1,132745,3170
668,129575,11,255,2,132745,3170
668,129575,11,255,3,132745,3170
668,129575,11,255,4,132745,3170
668,129575,11,255,5,132745,3170
668,129575,11,255,6,132745,3170
668,129575,11,255,7,132745,3170
668,129575,11,255,8,132745,3170
668,129575,11,255,9,132745,3170
668,129575,11,255,10,132745,3170
668,129575,11,255,12,132745,3170
668,129575,11,255,13,132745,3170
668,129575,11,255,14,132745,3170
668,129575,11,255,15,132745,3170
684,132775,11,202,-1,,
669,129775,12,11,11,132945,3170
670,129975,13,15,15,133145,3170
671,130175,14,13,13,133345,3170
687,133375,14,253,-1,,
672,130375,15,6,6,133545,3170
657,130575,0,12,12,133745,3170
658,130775,1,11,11,133945,3170
659,130975,2,3,3,134145,3170
660,131175,3,6,6,134345,3170
661,131375,4,255,0,134545,3170
661,131375,4,255,1,134545,3170
661,131375,4,255,2,134545,3170
661,131375,4,255,3,134545,3170
661,131375,4,255,5,134545,3170
661,131375,4,255,6,134545,3170
661,131375,4,255,7,134545,3170
661,131375,4,255,8,134545,3170
661,131375,4,255,9,134545,3170
661,131375,4,255,10,134545,3170
661,131375,4,255,11,134545,3170
661,131375,4,255,12,134545,3170
661,131375,4,255,13,134545,3170
661,131375,4,255,14,134545,3170
661,131375,4,255,15,134545,3170
678,131575,5,8,8,134745,3170
680,131975,7,4,4,135145,3170
681,132175,8,11,11,135345,3170
682,132375,9,8,8,135545,3170
683,132575,10,0,0,135745,3170
685,132975,12,4,4,136145,3170
701,136175,12,172,-1,,
686,133175,13,255,0,136345,3170
686,133175,13,255,1,136345,3170
686,133175,13,255,2,136345,3170
686,133175,13,255,3,136345,3170
686,133175,13,255,4,136345,3170
686,133175,13,255,5,136345,3170
686,133175,13,255,6,136345,3170
686,133175,13,255,7,136345,3170
686,133175,13,255,8,136345,3170
686,133175,13,255,9,136345,3170
686,133175,13,255,10,136345,3170
686,133175,13,255,11,136345,3170
686,133175,13,255,12,136345,3170
686,133175,13,255,14,136345,3170
686,133175,13,255,15,136345,3170
688,133575,15,5,5,136745,3170
673,133775,0,10,10,136945,3170
674,133975,1,7,7,137145,3170
675,134175,2,10,10,137345,3170
676,134375,3,255,0,137545,3170
676,134375,3,255,1,137545,3170
676,134375,3,255,2,137545,3170
676,134375,3,255,4,137545,3170
676,134375,3,255,5,137545,3170
676,134375,3,255,6,137545,3170
676,134375,3,255,7,137545,3170
676,134375,3,255,8,137545,3170
676,134375,3,255,9,137545,3170
676,134375,3,255,10,137545,3170
676,134375,3,255,11,137545,3170
676,134375,3,255,12,137545,3170
676,134375,3,255,13,137545,3170
676,134375,3,255,14,137545,3170
676,134375,3,255,15,137545,3170
677,134575,4,255,0,137745,3170
677,134575,4,255,1,137745,3170
677,134575,4,255,2,137745,3170
677,134575,4,255,3,137745,3170
677,134575,4,255,5,137745,3170
677,134575,4,255,6,137745,3170
677,134575,4,255,7,137745,3170
677,134575,4,255,8,137745,3170
677,134575,4,255,9,137745,3170
677,134575,4,255,10,137745,3170
677,134575,4,255,11,137745,3170
677,134575,4,255,12,137745,3170
677,134575,4,255,13,137745,3170
677,134575,4,255,14,137745,3170
677,134575,4,255,15,137745,3170
694,134775,5,255,0,137945,3170
694,134775,5,255,1,137945,3170
694,134775,5,255,2,137945,3170
694,134775,5,255,3,137945,3170
694,134775,5,255,4,137945,3170
694,134775,5,255,6,137945,3170
694,134775,5,255,7,137945,3170
694,134775,5,255,8,137945,3170
694,134775,5,255,9,137945,3170
694,134775,5,255,10,137945,3170
694,134775,5,255,11,137945,3170
694,134775,5,255,12,137945,3170
694,134775,5,255,13,137945,3170
694,134775,5,255,14,137945,3170
694,134775,5,255,15,137945,3170
695,134975,6,1,1,138145,3170
711,138175,6,164,-1,,
696,135175,7,5,5,138345,3170
712,138375,7,166,-1,,
697,135375,8,13,13,138545,3170
698,135575,9,4,4,138745,3170
699,135775,10,12,12,138945,3170
700,135975,11,10,10,139145,3170
702,136375,13,10,10,139545,3170
703,136575,14,5,5,139745,3170
704,136775,15,2,2,139945,3170
689,136975,0,12,12,140145,3170
690,137175,1,5,5,140345,3170
706,140375,1,129,-1,,
691,137375,2,12,12,140545,3170
692,137575,3,9,9,140745,3170
693,137775,4,1,1,140945,3170
710,137975,5,255,0,141145,3170
710,137975,5,255,1,141145,3170
710,137975,5,255,2,141145,3170
710,137975,5,255,3,141145,3170
710,137975,5,255,4,141145,3170
710,137975,5,255,6,141145,3170
710,137975,5,255,7,141145,3170
710,137975,5,255,8,141145,3170
710,137975,5,255,9,141145,3170
710,137975,5,255,10,141145,3170
710,137975,5,255,11,141145,3170
710,137975,5,255,12,141145,3170
710,137975,5,255,13,141145,3170
710,137975,5,255,14,141145,3170
710,137975,5,255,15,141145,3170
726,141175,5,91,-1,,
728,141575,7,128,-1,,
713,138575,8,9,9,141745,3170
714,138775,9,6,6,141945,3170
715,138975,10,12,12,142145,3170
716,139175,11,12,12,142345,3170
717,139375,12,2,2,142545,3170
718,139575,13,10,10,142745,3170
719,139775,14,3,3,142945,3170
720,139975,15,11,11,143145,3170
705,140175,0,9,9,143345,3170
707,140575,2,11,11,143745,3170
708,140775,3,9,9,143945,3170
709,140975,4,3,3,144145,3170
727,141375,6,11,11,144545,3170
729,141775,8,5,5,144945,3170
730,141975,9,14,14,145145,3170
731,142175,10,8,8,145345,3170
732,142375,11,5,5,145545,3170
733,142575,12,6,6,145745,3170
749,145775,12,69,-1,,
734,142775,13,6,6,145945,3170
750,145975,13,113,-1,,
735,142975,14,9,9,146145,3170
736,143175,15,8,8,146345,3170
721,143375,0,7,7,146545,3170
722,143575,1,8,8,146745,3170
723,143775,2,10,10,146945,3170
724,143975,3,13,13,147145,3170
725,144175,4,8,8,147345,3170
742,144375,5,8,8,147545,3170
743,144575,6,0,0,147745,3170
744,144775,7,3,3,147945,3170
745,144975,8,255,0,148145,3170
745,144975,8,255,1,148145,3170
745,144975,8,255,2,148145,3170
745,144975,8,255,3,148145,3170
745,144975,8,255,4,148145,3170
745,144975,8,255,5,148145,3170
745,144975,8,255,6,148145,3170
745,144975,8,255,7,148145,3170
745,144975,8,255,9,148145,3170
745,144975,8,255,10,148145,3170
745,144975,8,255,11,148145,3170
745,144975,8,255,12,148145,3170
745,144975,8,255,13,148145,3170
745,144975,8,255,14,148145,3170
745,144975,8,255,15,148145,3170
761,148175,8,185,-1,,
746,145175,9,12,12,148345,3170
747,145375,10,9,9,148545,3170
748,145575,11,1,1,148745,3170
751,146175,14,8,8,149345,3170
752,146375,15,2,2,149545,3170
737,146575,0,8,8,149745,3170
738,146775,1,3,3,149945,3170
739,146975,2,6,6,150145,3170
740,147175,3,2,2,150345,3170
741,147375,4,255,0,150545,3170
741,147375,4,255,1,150545,3170
741,147375,4,255,2,150545,3170
741,147375,4,255,3,150545,3170
741,147375,4,255,5,150545,3170
741,147375,4,255,6,150545,3170
741,147375,4,255,7,150545,3170
741,147375,4,255,8,150545,3170
741,147375,4,255,9,150545,3170
741,147375,4,255,10,150545,3170
741,147375,4,255,11,150545,3170
741,147375,4,255,12,150545,3170
741,147375,4,255,13,150545,3170
741,147375,4,255,14,150545,3170
741,147375,4,255,15,150545,3170
758,147575,5,8,8,150745,3170
759,147775,6,7,7,150945,3170
760,147975,7,6,6,151145,3170
762,148375,9,255,0,151545,3170
762,148375,9,255,1,151545,3170
762,148375,9,255,2,151545,3170
762,148375,9,255,3,151545,3170
762,148375,9,255,4,151545,3170
762,148375,9,255,5,151545,3170
762,148375,9,255,6,151545,3170
762,148375,9,255,7,151545,3170
762,148375,9,255,8,151545,3170
762,148375,9,255,10,151545,3170
762,148375,9,255,11,151545,3170
762,148375,9,255,12,151545,3170
762,148375,9,255,13,151545,3170
762,148375,9,255,14,151545,3170
762,148375,9,255,15,151545,3170
763,148575,10,3,3,151745,3170
764,148775,11,255,0,151945,3170
764,148775,11,255,1,151945,3170
764,148775,11,255,2,151945,3170
764,148775,11,255,3,151945,3170
764,148775,11,255,4,151945,3170
764,148775,11,255,5,151945,3170
764,148775,11,255,6,151945,3170
764,148775,11,255,7,151945,3170
764,148775,11,255,8,151945,3170
764,148775,11,255,9,151945,3170
764,148775,11,255,10,151945,3170
764,148775,11,255,12,151945,3170
764,148775,11,255,13,151945,3170
764,148775,11,255,14,151945,3170
764,148775,11,255,15,151945,3170
765,148975,12,14,14,152145,3170
766,149175,13,11,11,152345,3170
767,149375,14,15,15,152545,3170
768,149575,15,6,6,152745,3170
753,149775,0,1,1,152945,3170
754,149975,1,6,6,153145,3170
755,150175,2,5,5,153345,3170
756,150375,3,255,0,153545,3170
756,150375,3,255,1,153545,3170
756,150375,3,255,2,153545,3170
756,150375,3,255,4,153545,3170
756,150375,3,255,5,153545,3170
756,150375,3,255,6,153545,3170
756,150375,3,255,7,153545,3170
756,150375,3,255,8,153545,3170
756,150375,3,255,9,153545,3170
756,150375,3,255,10,153545,3170
756,150375,3,255,11,153545,3170
756,150375,3,255,12,153545,3170
756,150375,3,255,13,153545,3170
756,150375,3,255,14,153545,3170
756,150375,3,255,15,153545,3170
757,150575,4,15,15,153745,3170
774,150775,5,255,0,153945,3170
774,150775,5,255,1,153945,3170
774,150775,5,255,2,153945,3170
774,150775,5,255,3,153945,3170
774,150775,5,255,4,153945,3170
774,150775,5,255,6,153945,3170
774,150775,5,255,7,153945,3170
774,150775,5,255,8,153945,3170
774,150775,5,255,9,153945,3170
774,150775,5,255,10,153945,3170
774,150775,5,255,11,153945,3170
774,150775,5,255,12,153945,3170
774,150775,5,255,13,153945,3170
774,150775,5,255,14,153945,3170
774,150775,5,255,15,153945,3170
775,150975,6,2,2,154145,3170
776,151175,7,255,0,154345,3170
776,151175,7,255,1,154345,3170
776,151175,7,255,2,154345,3170
776,151175,7,255,3,154345,3170
776,151175,7,255,4,154345,3170
776,151175,7,255,5,154345,3170
776,151175,7,255,6,154345,3170
776,151175,7,255,8,154345,3170
776,151175,7,255,9,154345,3170
776,151175,7,255,10,154345,3170
776,151175,7,255,11,154345,3170
776,151175,7,255,12,154345,3170
776,151175,7,255,13,154345,3170
776,151175,7,255,14,154345,3170
776,151175,7,255,15,154345,3170
777,151375,8,3,3,154545,3170
778,151575,9,1,1,154745,3170
779,151775,10,11,11,154945,3170
780,151975,11,2,2,155145,3170
781,152175,12,15,15,155345,3170
782,152375,13,4,4,155545,3170
783,152575,14,3,3,155745,3170
784,152775,15,255,0,155945,3170
784,152775,15,255,1,155945,3170
784,152775,15,255,2,155945,3170
784,152775,15,255,3,155945,3170
784,152775,15,255,4,155945,3170
784,152775,15,255,5,155945,3170
784,152775,15,255,6,155945,3170
784,152775,15,255,7,155945,3170
784,152775,15,255,8,155945,3170
784,152775,15,255,9,155945,3170
784,152775,15,255,10,155945,3170
784,152775,15,255,11,155945,3170
784,152775,15,255,12,155945,3170
784,152775,15,255,13,155945,3170
784,152775,15,255,14,155945,3170
769,152975,0,255,1,156145,3170
769,152975,0,255,2,156145,3170
769,152975,0,255,3,156145,3170
769,152975,0,255,4,156145,3170
769,152975,0,255,5,156145,3170
769,152975,0,255,6,156145,3170
769,152975,0,255,7,156145,3170
769,152975,0,255,8,156145,3170
769,152975,0,255,9,156145,3170
769,152975,0,255,10,156145,3170
769,152975,0,255,11,156145,3170
769,152975,0,255,12,156145,3170
769,152975,0,255,13,156145,3170
769,152975,0,255,14,156145,3170
769,152975,0,255,15,156145,3170
770,153175,1,5,5,156345,3170
771,153375,2,6,6,156545,3170
772,153575,3,7,7,156745,3170
773,153775,4,8,8,156945,3170
790,153975,5,4,4,157145,3170
806,157175,5,97,-1,,
791,154175,6,12,12,157345,3170
792,154375,7,4,4,157545,3170
793,154575,8,6,6,157745,3170
794,154775,9,13,13,157945,3170
795,154975,10,14,14,158145,3170
796,155175,11,10,10,158345,3170
797,155375,12,255,0,158545,3170
797,155375,12,255,1,158545,3170
797,155375,12,255,2,158545,3170
797,155375,12,255,3,158545,3170
797,155375,12,255,4,158545,3170
797,155375,12,255,5,158545,3170
797,155375,12,255,6,158545,3170
797,155375,12,255,7,158545,3170
797,155375,12,255,8,158545,3170
797,155375,12,255,9,158545,3170
797,155375,12,255,10,158545,3170
797,155375,12,255,11,158545,3170
797,155375,12,255,13,158545,3170
797,155375,12,255,14,158545,3170
797,155375,12,255,15,158545,3170
798,155575,13,9,9,158745,3170
799,155775,14,15,15,158945,3170
800,155975,15,1,1,159145,3170
785,156175,0,12,12,159345,3170
786,156375,1,0,0,159545,3170
787,156575,2,5,5,159745,3170
788,156775,3,9,9,159945,3170
804,159975,3,204,-1,,
789,156975,4,255,0,160145,3170
789,156975,4,255,1,160145,3170
789,156975,4,255,2,160145,3170
789,156975,4,255,3,160145,3170
789,156975,4,255,5,160145,3170
789,156975,4,255,6,160145,3170
789,156975,4,255,7,160145,3170
789,156975,4,255,8,160145,3170
789,156975,4,255,9,160145,3170
789,156975,4,255,10,160145,3170
789,156975,4,255,11,160145,3170
789,156975,4,255,12,160145,3170
789,156975,4,255,13,160145,3170
789,156975,4,255,14,160145,3170
789,156975,4,255,15,160145,3170
807,157375,6,8,8,160545,3170
808,157575,7,8,8,160745,3170
809,157775,8,14,14,160945,3170
810,157975,9,14,14,161145,3170
811,158175,10,12,12,161345,3170
812,158375,11,12,12,161545,3170
813,158575,12,7,7,161745,3170
814,158775,13,255,0,161945,3170
814,158775,13,255,1,161945,3170
814,158775,13,255,2,161945,3170
814,158775,13,255,3,161945,3170
814,158775,13,255,4,161945,3170
814,158775,13,255,5,161945,3170
814,158775,13,255,6,161945,3170
814,158775,13,255,7,161945,3170
814,158775,13,255,8,161945,3170
814,158775,13,255,9,161945,3170
814,158775,13,255,10,161945,3170
814,158775,13,255,11,161945,3170
814,158775,13,255,12,161945,3170
814,158775,13,255,14,161945,3170
814,158775,13,255,15,161945,3170
815,158975,14,6,6,162145,3170
816,159175,15,4,4,162345,3170
801,159375,0,10,10,162545,3170
802,159575,1,13,13,162745,3170
803,159775,2,14,14,162945,3170
805,160175,4,11,11,163345,3170
822,160375,5,6,6,163545,3170
823,160575,6,255,0,163745,3170
823,160575,6,255,1,163745,3170
823,160575,6,255,2,163745,3170
823,160575,6,255,3,163745,3170
823,160575,6,255,4,163745,3170
823,160575,6,255,5,163745,3170
823,160575,6,255,7,163745,3170
823,160575,6,255,8,163745,3170
823,160575,6,255,9,163745,3170
823,160575,6,255,10,163745,3170
823,160575,6,255,11,163745,3170
823,160575,6,255,12,163745,3170
823,160575,6,255,13,163745,3170
823,160575,6,255,14,163745,3170
823,160575,6,255,15,163745,3170
824,160775,7,15,15,163945,3170
825,160975,8,12,12,164145,3170
826,161175,9,255,0,164345,3170
826,161175,9,255,1,164345,3170
826,161175,9,255,2,164345,3170
826,161175,9,255,3,164345,3170
826,161175,9,255,4,164345,3170
826,161175,9,255,5,164345,3170
826,161175,9,255,6,164345,3170
826,161175,9,255,7,164345,3170
826,161175,9,255,8,164345,3170
826,161175,9,255,10,164345,3170
826,161175,9,255,11,164345,3170
826,161175,9,255,12,164345,3170
826,161175,9,255,13,164345,3170
826,161175,9,255,14,164345,3170
826,161175,9,255,15,164345,3170
827,161375,10,12,12,164545,3170
828,161575,11,6,6,164745,3170
829,161775,12,13,13,164945,3170
830,161975,13,8,8,165145,3170
831,162175,14,12,12,165345,3170
832,162375,15,9,9,165545,3170
817,162575,0,6,6,165745,3170
818,162775,1,3,3,165945,3170
819,162975,2,0,0,166145,3170
820,163175,3,8,8,166345,3170
821,163375,4,5,5,166545,3170
838,163575,5,10,10,166745,3170
839,163775,6,3,3,166945,3170
840,163975,7,4,4,167145,3170
841,164175,8,1,1,167345,3170
857,167375,8,126,-1,,
842,164375,9,8,8,167545,3170
843,164575,10,4,4,167745,3170
844,164775,11,8,8,167945,3170
845,164975,12,7,7,168145,3170
846,165175,13,255,0,168345,3170
846,165175,13,255,1,168345,3170
846,165175,13,255,2,168345,3170
846,165175,13,255,3,168345,3170
846,165175,13,255,4,168345,3170
846,165175,13,255,5,168345,3170
846,165175,13,255,6,168345,3170
846,165175,13,255,7,168345,3170
846,165175,13,255,8,168345,3170
846,165175,13,255,9,168345,3170
846,165175,13,255,10,168345,3170
846,165175,13,255,11,168345,3170
846,165175,13,255,12,168345,3170
846,165175,13,255,14,168345,3170
846,165175,13,255,15,168345,3170
847,165375,14,5,5,168545,3170
848,165575,15,2,2,168745,3170
833,165775,0,5,5,168945,3170
834,165975,1,7,7,169145,3170
835,166175,2,8,8,169345,3170
836,166375,3,15,15,169545,3170
837,166575,4,14,14,169745,3170
854,166775,5,2,2,169945,3170
870,169975,5,172,-1,,
855,166975,6,13,13,170145,3170
856,167175,7,9,9,170345,3170
858,167575,9,11,11,170745,3170
859,167775,10,12,12,170945,3170
860,167975,11,255,0,171145,3170
860,167975,11,255,1,171145,3170
860,167975,11,255,2,171145,3170
860,167975,11,255,3,171145,3170
860,167975,11,255,4,171145,3170
860,167975,11,255,5,171145,3170
860,167975,11,255,6,171145,3170
860,167975,11,255,7,171145,3170
860,167975,11,255,8,171145,3170
860,167975,11,255,9,171145,3170
860,167975,11,255,10,171145,3170
860,167975,11,255,12,171145,3170
860,167975,11,255,13,171145,3170
860,167975,11,255,14,171145,3170
860,167975,11,255,15,171145,3170
861,168175,12,1,1,171345,3170
862,168375,13,3,3,171545,3170
863,168575,14,0,0,171745,3170
879,171775,14,145,-1,,
864,168775,15,14,14,171945,3170
880,171975,15,252,-1,,
849,168975,0,2,2,172145,3170
850,169175,1,5,5,172345,3170
851,169375,2,255,0,172545,3170
851,169375,2,255,1,172545,3170
851,169375,2,255,3,172545,3170
851,169375,2,255,4,172545,3170
851,169375,2,255,5,172545,3170
851,169375,2,255,6,172545,3170
851,169375,2,255,7,172545,3170
851,169375,2,255,8,172545,3170
851,169375,2,255,9,172545,3170
851,169375,2,255,10,172545,3170
851,169375,2,255,11,172545,3170
851,169375,2,255,12,172545,3170
851,169375,2,255,13,172545,3170
851,169375,2,255,14,172545,3170
851,169375,2,255,15,172545,3170
852,169575,3,4,4,172745,3170
853,169775,4,13,13,172945,3170
869,172975,4,173,-1,,
871,170175,6,255,0,173345,3170
871,170175,6,255,1,173345,3170
871,170175,6,255,2,173345,3170
871,170175,6,255,3,173345,3170
871,170175,6,255,4,173345,3170
871,170175,6,255,5,173345,3170
871,170175,6,255,7,173345,3170
871,170175,6,255,8,173345,3170
871,170175,6,255,9,173345,3170
871,170175,6,255,10,173345,3170
871,170175,6,255,11,173345,3170
871,170175,6,255,12,173345,3170
871,170175,6,255,13,173345,3170
871,170175,6,255,14,173345,3170
871,170175,6,255,15,173345,3170
872,170375,7,6,6,173545,3170
873,170575,8,10,10,173745,3170
889,173775,8,107,-1,,
874,170775,9,3,3,173945,3170
875,170975,10,7,7,174145,3170
876,171175,11,4,4,174345,3170
877,171375,12,1,1,174545,3170
878,171575,13,8,8,174745,3170
896,175175,15,137,-1,,
865,172175,0,15,15,175345,3170
866,172375,1,11,11,175545,3170
867,172575,2,8,8,175745,3170
868,172775,3,8,8,175945,3170
886,173175,5,9,9,176345,3170
887,173375,6,11,11,176545,3170
903,176575,6,85,-1,,
888,173575,7,9,9,176745,3170
890,173975,9,1,1,177145,3170
891,174175,10,6,6,177345,3170
892,174375,11,12,12,177545,3170
893,174575,12,2,2,177745,3170
909,177775,12,177,-1,,
894,174775,13,7,7,177945,3170
895,174975,14,255,0,178145,3170
895,174975,14,255,1,178145,3170
895,174975,14,255,2,178145,3170
895,174975,14,255,3,178145,3170
895,174975,14,255,4,178145,3170
895,174975,14,255,5,178145,3170
895,174975,14,255,6,178145,3170
895,174975,14,255,7,178145,3170
895,174975,14,255,8,178145,3170
895,174975,14,255,9,178145,3170
895,174975,14,255,10,178145,3170
895,174975,14,255,11,178145,3170
895,174975,14,255,12,178145,3170
895,174975,14,255,13,178145,3170
895,174975,14,255,15,178145,3170
912,178375,15,248,-1,,
881,175375,0,4,4,178545,3170
882,175575,1,0,0,178745,3170
883,175775,2,1,1,178945,3170
899,178975,2,103,-1,,
884,175975,3,7,7,179145,3170
885,176175,4,5,5,179345,3170
902,176375,5,255,0,179545,3170
902,176375,5,255,1,179545,3170
902,176375,5,255,2,179545,3170
902,176375,5,255,3,179545,3170
902,176375,5,255,4,179545,3170
902,176375,5,255,6,179545,3170
902,176375,5,255,7,179545,3170
902,176375,5,255,8,179545,3170
902,176375,5,255,9,179545,3170
902,176375,5,255,10,179545,3170
902,176375,5,255,11,179545,3170
902,176375,5,255,12,179545,3170
902,176375,5,255,13,179545,3170
902,176375,5,255,14,179545,3170
902,176375,5,255,15,179545,3170
904,176775,7,255,0,179945,3170
904,176775,7,255,1,179945,3170
904,176775,7,255,2,179945,3170
904,176775,7,255,3,179945,3170
904,176775,7,255,4,179945,3170
904,176775,7,255,5,179945,3170
904,176775,7,255,6,179945,3170
904,176775,7,255,8,179945,3170
904,176775,7,255,9,179945,3170
904,176775,7,255,10,179945,3170
904,176775,7,255,11,179945,3170
904,176775,7,255,12,179945,3170
904,176775,7,255,13,179945,3170
904,176775,7,255,14,179945,3170
904,176775,7,255,15,179945,3170
905,176975,8,5,5,180145,3170
906,177175,9,13,13,180345,3170
922,180375,9,227,-1,,
907,177375,10,5,5,180545,3170
908,177575,11,15,15,180745,3170
910,177975,13,8,8,181145,3170
911,178175,14,255,0,181345,3170
911,178175,14,255,1,181345,3170
911,178175,14,255,2,181345,3170
911,178175,14,255,3,181345,3170
911,178175,14,255,4,181345,3170
911,178175,14,255,5,181345,3170
911,178175,14,255,6,181345,3170
911,178175,14,255,7,181345,3170
911,178175,14,255,8,181345,3170
911,178175,14,255,9,181345,3170
911,178175,14,255,10,181345,3170
911,178175,14,255,11,181345,3170
911,178175,14,255,12,181345,3170
911,178175,14,255,13,181345,3170
911,178175,14,255,15,181345,3170
927,181375,14,142,-1,,
897,178575,0,8,8,181745,3170
898,178775,1,0,0,181945,3170
915,182175,2,186,-1,,
900,179175,3,1,1,182345,3170
901,179375,4,0,0,182545,3170
917,182575,4,62,-1,,
918,179575,5,15,15,182745,3170
919,179775,6,12,12,182945,3170
920,179975,7,6,6,183145,3170
921,180175,8,5,5,183345,3170
938,183575,9,97,-1,,
923,180575,10,0,0,183745,3170
924,180775,11,4,4,183945,3170
925,180975,12,11,11,184145,3170
926,181175,13,6,6,184345,3170
943,184575,14,34,-1,,
928,181575,15,7,7,184745,3170
913,181775,0,255,1,184945,3170
913,181775,0,255,2,184945,3170
913,181775,0,255,3,184945,3170
913,181775,0,255,4,184945,3170
913,181775,0,255,5,184945,3170
913,181775,0,255,6,184945,3170
913,181775,0,255,7,184945,3170
913,181775,0,255,8,184945,3170
913,181775,0,255,9,184945,3170
913,181775,0,255,10,184945,3170
913,181775,0,255,11,184945,3170
913,181775,0,255,12,184945,3170
913,181775,0,255,13,184945,3170
913,181775,0,255,14,184945,3170
913,181775,0,255,15,184945,3170
914,181975,1,15,15,185145,3170
916,182375,3,7,7,185545,3170
934,182775,5,8,8,185945,3170
935,182975,6,255,0,186145,3170
935,182975,6,255,1,186145,3170
935,182975,6,255,2,186145,3170
935,182975,6,255,3,186145,3170
935,182975,6,255,4,186145,3170
935,182975,6,255,5,186145,3170
935,182975,6,255,7,186145,3170
935,182975,6,255,8,186145,3170
935,182975,6,255,9,186145,3170
935,182975,6,255,10,186145,3170
935,182975,6,255,11,186145,3170
935,182975,6,255,12,186145,3170
935,182975,6,255,13,186145,3170
935,182975,6,255,14,186145,3170
935,182975,6,255,15,186145,3170
936,183175,7,5,5,186345,3170
937,183375,8,2,2,186545,3170
939,183775,10,13,13,186945,3170
940,183975,11,6,6,187145,3170
941,184175,12,4,4,187345,3170
942,184375,13,4,4,187545,3170
944,184775,15,13,13,187945,3170
929,184975,0,7,7,188145,3170
930,185175,1,15,15,188345,3170
931,185375,2,12,12,188545,3170
932,185575,3,0,0,188745,3170
933,185775,4,5,5,188945,3170
950,185975,5,14,14,189145,3170
951,186175,6,3,3,189345,3170
952,186375,7,5,5,189545,3170
953,186575,8,3,3,189745,3170
954,186775,9,7,7,189945,3170
955,186975,10,14,14,190145,3170
956,187175,11,6,6,190345,3170
957,187375,12,11,11,190545,3170
958,187575,13,7,7,190745,3170
959,187775,14,2,2,190945,3170
960,187975,15,1,1,191145,3170
945,188175,0,7,7,191345,3170
961,191375,0,226,-1,,
946,188375,1,12,12,191545,3170
947,188575,2,9,9,191745,3170
948,188775,3,255,0,191945,3170
948,188775,3,255,1,191945,3170
948,188775,3,255,2,191945,3170
948,188775,3,255,4,191945,3170
948,188775,3,255,5,191945,3170
948,188775,3,255,6,191945,3170
948,188775,3,255,7,191945,3170
948,188775,3,255,8,191945,3170
948,188775,3,255,9,191945,3170
948,188775,3,255,10,191945,3170
948,188775,3,255,11,191945,3170
948,188775,3,255,12,191945,3170
948,188775,3,255,13,191945,3170
948,188775,3,255,14,191945,3170
948,188775,3,255,15,191945,3170
949,188975,4,8,8,192145,3170
966,189175,5,2,2,192345,3170
967,189375,6,4,4,192545,3170
968,189575,7,255,0,192745,3170
968,189575,7,255,1,192745,3170
968,189575,7,255,2,192745,3170
968,189575,7,255,3,192745,3170
968,189575,7,255,4,192745,3170
968,189575,7,255,5,192745,3170
968,189575,7,255,6,192745,3170
968,189575,7,255,8,192745,3170
968,189575,7,255,9,192745,3170
968,189575,7,255,10,192745,3170
968,189575,7,255,11,192745,3170
968,189575,7,255,12,192745,3170
968,189575,7,255,13,192745,3170
968,189575,7,255,14,192745,3170
968,189575,7,255,15,192745,3170
984,192775,7,224,-1,,
969,189775,8,10,10,192945,3170
970,189975,9,255,0,193145,3170
970,189975,9,255,1,193145,3170
970,189975,9,255,2,193145,3170
970,189975,9,255,3,193145,3170
970,189975,9,255,4,193145,3170
970,189975,9,255,5,193145,3170
970,189975,9,255,6,193145,3170
970,189975,9,255,7,193145,3170
970,189975,9,255,8,193145,3170
970,189975,9,255,10,193145,3170
970,189975,9,255,11,193145,3170
970,189975,9,255,12,193145,3170
970,189975,9,255,13,193145,3170
970,189975,9,255,14,193145,3170
970,189975,9,255,15,193145,3170
971,190175,10,4,4,193345,3170
972,190375,11,1,1,193545,3170
973,190575,12,10,10,193745,3170
974,190775,13,6,6,193945,3170
975,190975,14,2,2,194145,3170
976,191175,15,255,0,194345,3170
976,191175,15,255,1,194345,3170
976,191175,15,255,2,194345,3170
976,191175,15,255,3,194345,3170
976,191175,15,255,4,194345,3170
976,191175,15,255,5,194345,3170
976,191175,15,255,6,194345,3170
976,191175,15,255,7,194345,3170
976,191175,15,255,8,194345,3170
976,191175,15,255,9,194345,3170
976,191175,15,255,10,194345,3170
976,191175,15,255,11,194345,3170
976,191175,15,255,12,194345,3170
976,191175,15,255,13,194345,3170
976,191175,15,255,14,194345,3170
962,191575,1,15,15,194745,3170
963,191775,2,15,15,194945,3170
964,191975,3,11,11,195145,3170
965,192175,4,6,6,195345,3170
982,192375,5,14,14,195545,3170
983,192575,6,11,11,195745,3170
1000,195975,7,238,-1,,
985,192975,8,13,13,196145,3170
986,193175,9,13,13,196345,3170
987,193375,10,3,3,196545,3170
988,193575,11,14,14,196745,3170
989,193775,12,13,13,196945,3170
990,193975,13,1,1,197145,3170
991,194175,14,2,2,197345,3170
992,194375,15,3,3,197545,3170
977,194575,0,15,15,197745,3170
978,194775,1,2,2,197945,3170
979,194975,2,4,4,198145,3170
980,195175,3,6,6,198345,3170
981,195375,4,13,13,198545,3170
998,195575,5,7,7,198745,3170
999,195775,6,14,14,198945,3170
1001,196175,8,11,11,199345,3170
1002,196375,9,255,0,199545,3170
1002,196375,9,255,1,199545,3170
1002,196375,9,255,2,199545,3170
1002,196375,9,255,3,199545,3170
1002,196375,9,255,4,199545,3170
1002,196375,9,255,5,199545,3170
1002,196375,9,255,6,199545,3170
1002,196375,9,255,7,199545,3170
1002,196375,9,255,8,199545,3170
1002,196375,9,255,10,199545,3170
1002,196375,9,255,11,199545,3170
1002,196375,9,255,12,199545,3170
1002,196375,9,255,13,199545,3170
1002,196375,9,255,14,199545,3170
1002,196375,9,255,15,199545,3170
1018,199575,9,144,-1,,
1003,196575,10,255,0,199745,3170
1003,196575,10,255,1,199745,3170
1003,196575,10,255,2,199745,3170
1003,196575,10,255,3,199745,3170
1003,196575,10,255,4,199745,3170
1003,196575,10,255,5,199745,3170
1003,196575,10,255,6,199745,3170
1003,196575,10,255,7,199745,3170
1003,196575,10,255,8,199745,3170
1003,196575,10,255,9,199745,3170
1003,196575,10,255,11,199745,3170
1003,196575,10,255,12,199745,3170
1003,196575,10,255,13,199745,3170
1003,196575,10,255,14,199745,3170
1003,196575,10,255,15,199745,3170
1004,196775,11,2,2,199945,3170
1020,199975,11,172,-1,,
1005,196975,12,6,6,200145,3170
1006,197175,13,5,5,200345,3170
1007,197375,14,13,13,200545,3170
1008,197575,15,0,0,200745,3170
993,197775,0,8,8,200945,3170
994,197975,1,255,0,201145,3170
994,197975,1,255,2,201145,3170
994,197975,1,255,3,201145,3170
994,197975,1,255,4,201145,3170
994,197975,1,255,5,201145,3170
994,197975,1,255,6,201145,3170
994,197975,1,255,7,201145,3170
994,197975,1,255,8,201145,3170
994,197975,1,255,9,201145,3170
994,197975,1,255,10,201145,3170
994,197975,1,255,11,201145,3170
994,197975,1,255,12,201145,3170
994,197975,1,255,13,201145,3170
994,197975,1,255,14,201145,3170
994,197975,1,255,15,201145,3170
995,198175,2,12,12,201345,3170
1011,201375,2,211,-1,,
996,198375,3,9,9,201545,3170
997,198575,4,0,0,201745,3170
1014,198775,5,10,10,201945,3170
1015,198975,6,2,2,202145,3170
1016,199175,7,8,8,202345,3170
1017,199375,8,12,12,202545,3170
1019,199775,10,255,0,202945,3170
1019,199775,10,255,1,202945,3170
1019,199775,10,255,2,202945,3170
1019,199775,10,255,3,202945,3170
1019,199775,10,255,4,202945,3170
1019,199775,10,255,5,202945,3170
1019,199775,10,255,6,202945,3170
1019,199775,10,255,7,202945,3170
1019,199775,10,255,8,202945,3170
1019,199775,10,255,9,202945,3170
1019,199775,10,255,11,202945,3170
1019,199775,10,255,12,202945,3170
1019,199775,10,255,13,202945,3170
1019,199775,10,255,14,202945,3170
1019,199775,10,255,15,202945,3170
1035,202975,10,116,-1,,
1021,200175,12,5,5,203345,3170
1022,200375,13,15,15,203545,3170
1038,203575,13,230,-1,,
1023,200575,14,10,10,203745,3170
1024,200775,15,11,11,203945,3170
1040,203975,15,103,-1,,
1009,200975,0,6,6,204145,3170
1010,201175,1,255,0,204345,3170
1010,201175,1,255,2,204345,3170
1010,201175,1,255,3,204345,3170
1010,201175,1,255,4,204345,3170
1010,201175,1,255,5,204345,3170
1010,201175,1,255,6,204345,3170
1010,201175,1,255,7,204345,3170
1010,201175,1,255,8,204345,3170
1010,201175,1,255,9,204345,3170
1010,201175,1,255,10,204345,3170
1010,201175,1,255,11,204345,3170
1010,201175,1,255,12,204345,3170
1010,201175,1,255,13,204345,3170
1010,201175,1,255,14,204345,3170
1010,201175,1,255,15,204345,3170
1012,201575,3,12,12,204745,3170
1028,204775,3,231,-1,,
1013,201775,4,3,3,204945,3170
1030,201975,5,15,15,205145,3170
1031,202175,6,5,5,205345,3170
1047,205375,6,30,-1,,
1032,202375,7,5,5,205545,3170
1033,202575,8,13,13,205745,3170
1034,202775,9,15,15,205945,3170
1036,203175,11,10,10,206345,3170
1037,203375,12,14,14,206545,3170
1039,203775,14,4,4,206945,3170
1025,204175,0,6,6,207345,3170
1026,204375,1,15,15,207545,3170
1027,204575,2,255,0,207745,3170
1027,204575,2,255,1,207745,3170
1027,204575,2,255,3,207745,3170
1027,204575,2,255,4,207745,3170
1027,204575,2,255,5,207745,3170
1027,204575,2,255,6,207745,3170
1027,204575,2,255,7,207745,3170
1027,204575,2,255,8,207745,3170
1027,204575,2,255,9,207745,3170
1027,204575,2,255,10,207745,3170
1027,204575,2,255,11,207745,3170
1027,204575,2,255,12,207745,3170
1027,204575,2,255,13,207745,3170
1027,204575,2,255,14,207745,3170
1027,204575,2,255,15,207745,3170
1029,204975,4,9,9,208145,3170
1046,205175,5,255,0,208345,3170
1046,205175,5,255,1,208345,3170
1046,205175,5,255,2,208345,3170
1046,205175,5,255,3,208345,3170
1046,205175,5,255,4,208345,3170
1046,205175,5,255,6,208345,3170
1046,205175,5,255,7,208345,3170
1046,205175,5,255,8,208345,3170
1046,205175,5,255,9,208345,3170
1046,205175,5,255,10,208345,3170
1046,205175,5,255,11,208345,3170
1046,205175,5,255,12,208345,3170
1046,205175,5,255,13,208345,3170
1046,205175,5,255,14,208345,3170
1046,205175,5,255,15,208345,3170
1062,208375,5,145,-1,,
1048,205575,7,3,3,208745,3170
1049,205775,8,6,6,208945,3170
1050,205975,9,13,13,209145,3170
1066,209175,9,30,-1,,
1051,206175,10,3,3,209345,3170
1052,206375,11,13,13,209545,3170
1053,206575,12,2,2,209745,3170
1054,206775,13,5,5,209945,3170
1055,206975,14,6,6,210145,3170
1056,207175,15,10,10,210345,3170
1041,207375,0,14,14,210545,3170
1042,207575,1,13,13,210745,3170
1043,207775,2,3,3,210945,3170
1044,207975,3,12,12,211145,3170
1045,208175,4,255,0,211345,3170
1045,208175,4,255,1,211345,3170
1045,208175,4,255,2,211345,3170
1045,208175,4,255,3,211345,3170
1045,208175,4,255,5,211345,3170
1045,208175,4,255,6,211345,3170
1045,208175,4,255,7,211345,3170
1045,208175,4,255,8,211345,3170
1045,208175,4,255,9,211345,3170
1045,208175,4,255,10,211345,3170
1045,208175,4,255,11,211345,3170
1045,208175,4,255,12,211345,3170
1045,208175,4,255,13,211345,3170
1045,208175,4,255,14,211345,3170
1045,208175,4,255,15,211345,3170
1063,208575,6,8,8,211745,3170
1064,208775,7,13,13,211945,3170
1065,208975,8,0,0,212145,3170
1067,209375,10,3,3,212545,3170
1068,209575,11,10,10,212745,3170
1069,209775,12,255,0,212945,3170
1069,209775,12,255,1,212945,3170
1069,209775,12,255,2,212945,3170
1069,209775,12,255,3,212945,3170
1069,209775,12,255,4,212945,3170
1069,209775,12,255,5,212945,3170
1069,209775,12,255,6,212945,3170
1069,209775,12,255,7,212945,3170
1069,209775,12,255,8,212945,3170
1069,209775,12,255,9,212945,3170
1069,209775,12,255,10,212945,3170
1069,209775,12,255,11,212945,3170
1069,209775,12,255,13,212945,3170
1069,209775,12,255,14,212945,3170
1069,209775,12,255,15,212945,3170
1070,209975,13,9,9,213145,3170
1071,210175,14,255,0,213345,3170
1071,210175,14,255,1,213345,3170
1071,210175,14,255,2,213345,3170
1071,210175,14,255,3,213345,3170
1071,210175,14,255,4,213345,3170
1071,210175,14,255,5,213345,3170
1071,210175,14,255,6,213345,3170
1071,210175,14,255,7,213345,3170
1071,210175,14,255,8,213345,3170
1071,210175,14,255,9,213345,3170
1071,210175,14,255,10,213345,3170
1071,210175,14,255,11,213345,3170
1071,210175,14,255,12,213345,3170
1071,210175,14,255,13,213345,3170
1071,210175,14,255,15,213345,3170
1087,213375,14,163,-1,,
1072,210375,15,7,7,213545,3170
1088,213575,15,60,-1,,
1057,210575,0,9,9,213745,3170
1058,210775,1,14,14,213945,3170
1059,210975,2,5,5,214145,3170
1060,211175,3,12,12,214345,3170
1076,214375,3,119,-1,,
1061,211375,4,13,13,214545,3170
1077,214575,4,66,-1,,
1078,211575,5,9,9,214745,3170
1079,211775,6,2,2,214945,3170
1080,211975,7,12,12,215145,3170
1081,212175,8,255,0,215345,3170
1081,212175,8,255,1,215345,3170
1081,212175,8,255,2,215345,3170
1081,212175,8,255,3,215345,3170
1081,212175,8,255,4,215345,3170
1081,212175,8,255,5,215345,3170
1081,212175,8,255,6,215345,3170
1081,212175,8,255,7,215345,3170
1081,212175,8,255,9,215345,3170
1081,212175,8,255,10,215345,3170
1081,212175,8,255,11,215345,3170
1081,212175,8,255,12,215345,3170
1081,212175,8,255,13,215345,3170
1081,212175,8,255,14,215345,3170
1081,212175,8,255,15,215345,3170
1082,212375,9,12,12,215545,3170
1083,212575,10,255,0,215745,3170
1083,212575,10,255,1,215745,3170
1083,212575,10,255,2,215745,3170
1083,212575,10,255,3,215745,3170
1083,212575,10,255,4,215745,3170
1083,212575,10,255,5,215745,3170
1083,212575,10,255,6,215745,3170
1083,212575,10,255,7,215745,3170
1083,212575,10,255,8,215745,3170
1083,212575,10,255,9,215745,3170
1083,212575,10,255,11,215745,3170
1083,212575,10,255,12,215745,3170
1083,212575,10,255,13,215745,3170
1083,212575,10,255,14,215745,3170
1083,212575,10,255,15,215745,3170
1084,212775,11,1,1,215945,3170
1085,212975,12,2,2,216145,3170
1086,213175,13,8,8,216345,3170
1073,213775,0,9,9,216945,3170
1074,213975,1,7,7,217145,3170
1090,217175,1,37,-1,,
1075,214175,2,0,0,217345,3170
1094,214775,5,255,0,217945,3170
1094,214775,5,255,1,217945,3170
1094,214775,5,255,2,217945,3170
1094,214775,5,255,3,217945,3170
1094,214775,5,255,4,217945,3170
1094,214775,5,255,6,217945,3170
1094,214775,5,255,7,217945,3170
1094,214775,5,255,8,217945,3170
1094,214775,5,255,9,217945,3170
1094,214775,5,255,10,217945,3170
1094,214775,5,255,11,217945,3170
1094,214775,5,255,12,217945,3170
1094,214775,5,255,13,217945,3170
1094,214775,5,255,14,217945,3170
1094,214775,5,255,15,217945,3170
1095,214975,6,13,13,218145,3170
1096,215175,7,12,12,218345,3170
1097,215375,8,13,13,218545,3170
1098,215575,9,15,15,218745,3170
1099,215775,10,255,0,218945,3170
1099,215775,10,255,1,218945,3170
1099,215775,10,255,2,218945,3170
1099,215775,10,255,3,218945,3170
1099,215775,10,255,4,218945,3170
1099,215775,10,255,5,218945,3170
1099,215775,10,255,6,218945,3170
1099,215775,10,255,7,218945,3170
1099,215775,10,255,8,218945,3170
1099,215775,10,255,9,218945,3170
1099,215775,10,255,11,218945,3170
1099,215775,10,255,12,218945,3170
1099,215775,10,255,13,218945,3170
1099,215775,10,255,14,218945,3170
1099,215775,10,255,15,218945,3170
1100,215975,11,4,4,219145,3170
1101,216175,12,3,3,219345,3170
1102,216375,13,255,0,219545,3170
1102,216375,13,255,1,219545,3170
1102,216375,13,255,2,219545,3170
1102,216375,13,255,3,219545,3170
1102,216375,13,255,4,219545,3170
1102,216375,13,255,5,219545,3170
1102,216375,13,255,6,219545,3170
1102,216375,13,255,7,219545,3170
1102,216375,13,255,8,219545,3170
1102,216375,13,255,9,219545,3170
1102,216375,13,255,10,219545,3170
1102,216375,13,255,11,219545,3170
1102,216375,13,255,12,219545,3170
1102,216375,13,255,14,219545,3170
1102,216375,13,255,15,219545,3170
1103,216575,14,255,0,219745,3170
1103,216575,14,255,1,219745,3170
1103,216575,14,255,2,219745,3170
1103,216575,14,255,3,219745,3170
1103,216575,14,255,4,219745,3170
1103,216575,14,255,5,219745,3170
1103,216575,14,255,6,219745,3170
1103,216575,14,255,7,219745,3170
1103,216575,14,255,8,219745,3170
1103,216575,14,255,9,219745,3170
1103,216575,14,255,10,219745,3170
1103,216575,14,255,11,219745,3170
1103,216575,14,255,12,219745,3170
1103,216575,14,255,13,219745,3170
1103,216575,14,255,15,219745,3170
1104,216775,15,0,0,219945,3170
1089,216975,0,9,9,220145,3170
1091,217375,2,3,3,220545,3170
1092,217575,3,5,5,220745,3170
1093,217775,4,8,8,220945,3170
1110,217975,5,14,14,221145,3170
1111,218175,6,13,13,221345,3170
1112,218375,7,8,8,221545,3170
1113,218575,8,3,3,221745,3170
1114,218775,9,13,13,221945,3170
1115,218975,10,255,0,222145,3170
1115,218975,10,255,1,222145,3170
1115,218975,10,255,2,222145,3170
1115,218975,10,255,3,222145,3170
1115,218975,10,255,4,222145,3170
1115,218975,10,255,5,222145,3170
1115,218975,10,255,6,222145,3170
1115,218975,10,255,7,222145,3170
1115,218975,10,255,8,222145,3170
1115,218975,10,255,9,222145,3170
1115,218975,10,255,11,222145,3170
1115,218975,10,255,12,222145,3170
1115,218975,10,255,13,222145,3170
1115,218975,10,255,14,222145,3170
1115,218975,10,255,15,222145,3170
1116,219175,11,3,3,222345,3170
1117,219375,12,5,5,222545,3170
1118,219575,13,1,1,222745,3170
1119,219775,14,7,7,222945,3170
1120,219975,15,1,1,223145,3170
1105,220175,0,255,1,223345,3170
1105,220175,0,255,2,223345,3170
1105,220175,0,255,3,223345,3170
1105,220175,0,255,4,223345,3170
1105,220175,0,255,5,223345,3170
1105,220175,0,255,6,223345,3170
1105,220175,0,255,7,223345,3170
1105,220175,0,255,8,223345,3170
1105,220175,0,255,9,223345,3170
1105,220175,0,255,10,223345,3170
1105,220175,0,255,11,223345,3170
1105,220175,0,255,12,223345,3170
1105,220175,0,255,13,223345,3170
1105,220175,0,255,14,223345,3170
1105,220175,0,255,15,223345,3170
1121,223375,0,224,-1,,
1106,220375,1,0,0,223545,3170
1107,220575,2,11,11,223745,3170
1108,220775,3,2,2,223945,3170
1124,223975,3,29,-1,,
1109,220975,4,255,0,224145,3170
1109,220975,4,255,1,224145,3170
1109,220975,4,255,2,224145,3170
1109,220975,4,255,3,224145,3170
1109,220975,4,255,5,224145,3170
1109,220975,4,255,6,224145,3170
1109,220975,4,255,7,224145,3170
1109,220975,4,255,8,224145,3170
1109,220975,4,255,9,224145,3170
1109,220975,4,255,10,224145,3170
1109,220975,4,255,11,224145,3170
1109,220975,4,255,12,224145,3170
1109,220975,4,255,13,224145,3170
1109,220975,4,255,14,224145,3170
1109,220975,4,255,15,224145,3170
1126,221175,5,15,15,224345,3170
1127,221375,6,7,7,224545,3170
1128,221575,7,13,13,224745,3170
1129,221775,8,2,2,224945,3170
1130,221975,9,6,6,225145,3170
1146,225175,9,72,-1,,
1131,222175,10,1,1,225345,3170
1132,222375,11,1,1,225545,3170
1133,222575,12,15,15,225745,3170
1134,222775,13,14,14,225945,3170
1150,225975,13,95,-1,,
1135,222975,14,8,8,226145,3170
1136,223175,15,6,6,226345,3170
1137,226575,0,184,-1,,
1122,223575,1,15,15,226745,3170
1123,223775,2,10,10,226945,3170
1125,224175,4,1,1,227345,3170
1142,224375,5,1,1,227545,3170
1143,224575,6,3,3,227745,3170
1144,224775,7,11,11,227945,3170
1145,224975,8,11,11,228145,3170
1147,225375,10,4,4,228545,3170
1148,225575,11,9,9,228745,3170
1164,228775,11,132,-1,,
1149,225775,12,1,1,228945,3170
1151,226175,14,12,12,229345,3170
1152,226375,15,4,4,229545,3170
1138,226775,1,8,8,229945,3170
1139,226975,2,11,11,230145,3170
1140,227175,3,15,15,230345,3170
1141,227375,4,6,6,230545,3170
1158,227575,5,0,0,230745,3170
1159,227775,6,14,14,230945,3170
1160,227975,7,5,5,231145,3170
1161,228175,8,6,6,231345,3170
1162,228375,9,14,14,231545,3170
1163,228575,10,11,11,231745,3170
1180,231975,11,175,-1,,
1165,228975,12,15,15,232145,3170
1166,229175,13,2,2,232345,3170
1167,229375,14,9,9,232545,3170
1168,229575,15,5,5,232745,3170
1153,229775,0,15,15,232945,3170
1154,229975,1,0,0,233145,3170
1155,230175,2,7,7,233345,3170
1171,233375,2,165,-1,,
1156,230375,3,9,9,233545,3170
1157,230575,4,14,14,233745,3170
1174,230775,5,11,11,233945,3170
1175,230975,6,3,3,234145,3170
1176,231175,7,255,0,234345,3170
1176,231175,7,255,1,234345,3170
1176,231175,7,255,2,234345,3170
1176,231175,7,255,3,234345,3170
1176,231175,7,255,4,234345,3170
1176,231175,7,255,5,234345,3170
1176,231175,7,255,6,234345,3170
1176,231175,7,255,8,234345,3170
1176,231175,7,255,9,234345,3170
1176,231175,7,255,10,234345,3170
1176,231175,7,255,11,234345,3170
1176,231175,7,255,12,234345,3170
1176,231175,7,255,13,234345,3170
1176,231175,7,255,14,234345,3170
1176,231175,7,255,15,234345,3170
1177,231375,8,12,12,234545,3170
1178,231575,9,12,12,234745,3170
1179,231775,10,5,5,234945,3170
1196,235175,11,144,-1,,
1181,232175,12,13,13,235345,3170
1197,235375,12,172,-1,,
1182,232375,13,0,0,235545,3170
1183,232575,14,15,15,235745,3170
1184,232775,15,10,10,235945,3170
1169,232975,0,8,8,236145,3170
1170,233175,1,6,6,236345,3170
1172,233575,3,6,6,236745,3170
1173,233775,4,2,2,236945,3170
1190,233975,5,6,6,237145,3170
1191,234175,6,5,5,237345,3170
1192,234375,7,13,13,237545,3170
1193,234575,8,3,3,237745,3170
1194,234775,9,11,11,237945,3170
1195,234975,10,2,2,238145,3170
1198,235575,13,8,8,238745,3170
1199,235775,14,0,0,238945,3170
1200,235975,15,2,2,239145,3170
1185,236175,0,10,10,239345,3170
1186,236375,1,4,4,239545,3170
1187,236575,2,10,10,239745,3170
1188,236775,3,6,6,239945,3170
1189,236975,4,8,8,240145,3170
1206,237175,5,11,11,240345,3170
1207,237375,6,13,13,240545,3170
1208,237575,7,5,5,240745,3170
1209,237775,8,255,0,240945,3170
1209,237775,8,255,1,240945,3170
1209,237775,8,255,2,240945,3170
1209,237775,8,255,3,240945,3170
1209,237775,8,255,4,240945,3170
1209,237775,8,255,5,240945,3170
1209,237775,8,255,6,240945,3170
1209,237775,8,255,7,240945,3170
1209,237775,8,255,9,240945,3170
1209,237775,8,255,10,240945,3170
1209,237775,8,255,11,240945,3170
1209,237775,8,255,12,240945,3170
1209,237775,8,255,13,240945,3170
1209,237775,8,255,14,240945,3170
1209,237775,8,255,15,240945,3170
1210,237975,9,10,10,241145,3170
1211,238175,10,15,15,241345,3170
1212,238375,11,255,0,241545,3170
1212,238375,11,255,1,241545,3170
1212,238375,11,255,2,241545,3170
1212,238375,11,255,3,241545,3170
1212,238375,11,255,4,241545,3170
1212,238375,11,255,5,241545,3170
1212,238375,11,255,6,241545,3170
1212,238375,11,255,7,241545,3170
1212,238375,11,255,8,241545,3170
1212,238375,11,255,9,241545,3170
1212,238375,11,255,10,241545,3170
1212,238375,11,255,12,241545,3170
1212,238375,11,255,13,241545,3170
1212,238375,11,255,14,241545,3170
1212,238375,11,255,15,241545,3170
1213,238575,12,0,0,241745,3170
1214,238775,13,10,10,241945,3170
1215,238975,14,1,1,242145,3170
1216,239175,15,4,4,242345,3170
1201,239375,0,11,11,242545,3170
1202,239575,1,0,0,242745,3170
1203,239775,2,12,12,242945,3170
1204,239975,3,6,6,243145,3170
1205,240175,4,12,12,243345,3170
1222,240375,5,7,7,243545,3170
1223,240575,6,8,8,243745,3170
1239,243775,6,208,-1,,
1224,240775,7,8,8,243945,3170
1225,240975,8,5,5,244145,3170
1241,244175,8,192,-1,,
1226,241175,9,4,4,244345,3170
1227,241375,10,14,14,244545,3170
1228,241575,11,9,9,244745,3170
1229,241775,12,255,0,244945,3170
1229,241775,12,255,1,244945,3170
1229,241775,12,255,2,244945,3170
1229,241775,12,255,3,244945,3170
1229,241775,12,255,4,244945,3170
1229,241775,12,255,5,244945,3170
1229,241775,12,255,6,244945,3170
1229,241775,12,255,7,244945,3170
1229,241775,12,255,8,244945,3170
1229,241775,12,255,9,244945,3170
1229,241775,12,255,10,244945,3170
1229,241775,12,255,11,244945,3170
1229,241775,12,255,13,244945,3170
1229,241775,12,255,14,244945,3170
1229,241775,12,255,15,244945,3170
1245,244975,12,97,-1,,
1230,241975,13,255,0,245145,3170
1230,241975,13,255,1,245145,3170
1230,241975,13,255,2,245145,3170
1230,241975,13,255,3,245145,3170
1230,241975,13,255,4,245145,3170
1230,241975,13,255,5,245145,3170
1230,241975,13,255,6,245145,3170
1230,241975,13,255,7,245145,3170
1230,241975,13,255,8,245145,3170
1230,241975,13,255,9,245145,3170
1230,241975,13,255,10,245145,3170
1230,241975,13,255,11,245145,3170
1230,241975,13,255,12,245145,3170
1230,241975,13,255,14,245145,3170
1230,241975,13,255,15,245145,3170
1231,242175,14,13,13,245345,3170
1232,242375,15,1,1,245545,3170
1217,242575,0,255,1,245745,3170
1217,242575,0,255,2,245745,3170
1217,242575,0,255,3,245745,3170
1217,242575,0,255,4,245745,3170
1217,242575,0,255,5,245745,3170
1217,242575,0,255,6,245745,3170
1217,242575,0,255,7,245745,3170
1217,242575,0,255,8,245745,3170
1217,242575,0,255,9,245745,3170
1217,242575,0,255,10,245745,3170
1217,242575,0,255,11,245745,3170
1217,242575,0,255,12,245745,3170
1217,242575,0,255,13,245745,3170
1217,242575,0,255,14,245745,3170
1217,242575,0,255,15,245745,3170
1233,245775,0,130,-1,,
1218,242775,1,3,3,245945,3170
1234,245975,1,175,-1,,
1219,242975,2,12,12,246145,3170
1220,243175,3,255,0,246345,3170
1220,243175,3,255,1,246345,3170
1220,243175,3,255,2,246345,3170
1220,243175,3,255,4,246345,3170
1220,243175,3,255,5,246345,3170
1220,243175,3,255,6,246345,3170
1220,243175,3,255,7,246345,3170
1220,243175,3,255,8,246345,3170
1220,243175,3,255,9,246345,3170
1220,243175,3,255,10,246345,3170
1220,243175,3,255,11,246345,3170
1220,243175,3,255,12,246345,3170
1220,243175,3,255,13,246345,3170
1220,243175,3,255,14,246345,3170
1220,243175,3,255,15,246345,3170
1221,243375,4,6,6,246545,3170
1238,243575,5,1,1,246745,3170
1240,243975,7,3,3,247145,3170
1242,244375,9,13,13,247545,3170
1243,244575,10,11,11,247745,3170
1244,244775,11,0,0,247945,3170
1246,245175,13,10,10,248345,3170
1247,245375,14,2,2,248545,3170
1248,245575,15,10,10,248745,3170
1235,246175,2,0,0,249345,3170
1236,246375,3,15,15,249545,3170
1237,246575,4,7,7,249745,3170
1254,246775,5,255,0,249945,3170
1254,246775,5,255,1,249945,3170
1254,246775,5,255,2,249945,3170
1254,246775,5,255,3,249945,3170
1254,246775,5,255,4,249945,3170
1254,246775,5,255,6,249945,3170
1254,246775,5,255,7,249945,3170
1254,246775,5,255,8,249945,3170
1254,246775,5,255,9,249945,3170
1254,246775,5,255,10,249945,3170
1254,246775,5,255,11,249945,3170
1254,246775,5,255,12,249945,3170
1254,246775,5,255,13,249945,3170
1254,246775,5,255,14,249945,3170
1254,246775,5,255,15,249945,3170
1255,246975,6,5,5,250145,3170
1256,247175,7,255,0,250345,3170
1256,247175,7,255,1,250345,3170
1256,247175,7,255,2,250345,3170
1256,247175,7,255,3,250345,3170
1256,247175,7,255,4,250345,3170
1256,247175,7,255,5,250345,3170
1256,247175,7,255,6,250345,3170
1256,247175,7,255,8,250345,3170
1256,247175,7,255,9,250345,3170
1256,247175,7,255,10,250345,3170
1256,247175,7,255,11,250345,3170
1256,247175,7,255,12,250345,3170
1256,247175,7,255,13,250345,3170
1256,247175,7,255,14,250345,3170
1256,247175,7,255,15,250345,3170
1257,247375,8,7,7,250545,3170
1258,247575,9,12,12,250745,3170
1259,247775,10,5,5,250945,3170
1260,247975,11,8,8,251145,3170
1276,251175,11,39,-1,,
1261,248175,12,255,0,251345,3170
1261,248175,12,255,1,251345,3170
1261,248175,12,255,2,251345,3170
1261,248175,12,255,3,251345,3170
1261,248175,12,255,4,251345,3170
1261,248175,12,255,5,251345,3170
1261,248175,12,255,6,251345,3170
1261,248175,12,255,7,251345,3170
1261,248175,12,255,8,251345,3170
1261,248175,12,255,9,251345,3170
1261,248175,12,255,10,251345,3170
1261,248175,12,255,11,251345,3170
1261,248175,12,255,13,251345,3170
1261,248175,12,255,14,251345,3170
1261,248175,12,255,15,251345,3170
1262,248375,13,1,1,251545,3170
1263,248575,14,255,0,251745,3170
1263,248575,14,255,1,251745,3170
1263,248575,14,255,2,251745,3170
1263,248575,14,255,3,251745,3170
1263,248575,14,255,4,251745,3170
1263,248575,14,255,5,251745,3170
1263,248575,14,255,6,251745,3170
1263,248575,14,255,7,251745,3170
1263,248575,14,255,8,251745,3170
1263,248575,14,255,9,251745,3170
1263,248575,14,255,10,251745,3170
1263,248575,14,255,11,251745,3170
1263,248575,14,255,12,251745,3170
1263,248575,14,255,13,251745,3170
1263,248575,14,255,15,251745,3170
1264,248775,15,1,1,251945,3170
1249,248975,0,11,11,252145,3170
1250,249175,1,7,7,252345,3170
1251,249375,2,11,11,252545,3170
1252,249575,3,7,7,252745,3170
1253,249775,4,9,9,252945,3170
1269,252975,4,231,-1,,
1270,249975,5,2,2,253145,3170
1271,250175,6,4,4,253345,3170
1272,250375,7,12,12,253545,3170
1273,250575,8,1,1,253745,3170
1274,250775,9,1,1,253945,3170
1275,250975,10,3,3,254145,3170
1291,254175,10,46,-1,,
1277,251375,12,9,9,254545,3170
1278,251575,13,7,7,254745,3170
1279,251775,14,15,15,254945,3170
1280,251975,15,1,1,255145,3170
1265,252175,0,5,5,255345,3170
1266,252375,1,3,3,255545,3170
1267,252575,2,12,12,255745,3170
1268,252775,3,9,9,255945,3170
1286,253175,5,11,11,256345,3170
1287,253375,6,8,8,256545,3170
1288,253575,7,9,9,256745,3170
1289,253775,8,255,0,256945,3170
1289,253775,8,255,1,256945,3170
1289,253775,8,255,2,256945,3170
1289,253775,8,255,3,256945,3170
1289,253775,8,255,4,256945,3170
1289,253775,8,255,5,256945,3170
1289,253775,8,255,6,256945,3170
1289,253775,8,255,7,256945,3170
1289,253775,8,255,9,256945,3170
1289,253775,8,255,10,256945,3170
1289,253775,8,255,11,256945,3170
1289,253775,8,255,12,256945,3170
1289,253775,8,255,13,256945,3170
1289,253775,8,255,14,256945,3170
1289,253775,8,255,15,256945,3170
1290,253975,9,1,1,257145,3170
1306,257175,9,132,-1,,
1292,254375,11,5,5,257545,3170
1293,254575,12,0,0,257745,3170
1294,254775,13,7,7,257945,3170
1295,254975,14,4,4,258145,3170
1296,255175,15,14,14,258345,3170
1281,255375,0,11,11,258545,3170
1297,258575,0,178,-1,,
1282,255575,1,6,6,258745,3170
1283,255775,2,0,0,258945,3170
1284,255975,3,8,8,259145,3170
1285,256175,4,8,8,259345,3170
1302,256375,5,4,4,259545,3170
1303,256575,6,14,14,259745,3170
1304,256775,7,255,0,259945,3170
1304,256775,7,255,1,259945,3170
1304,256775,7,255,2,259945,3170
1304,256775,7,255,3,259945,3170
1304,256775,7,255,4,259945,3170
1304,256775,7,255,5,259945,3170
1304,256775,7,255,6,259945,3170
1304,256775,7,255,8,259945,3170
1304,256775,7,255,9,259945,3170
1304,256775,7,255,10,259945,3170
1304,256775,7,255,11,259945,3170
1304,256775,7,255,12,259945,3170
1304,256775,7,255,13,259945,3170
1304,256775,7,255,14,259945,3170
1304,256775,7,255,15,259945,3170
1305,256975,8,11,11,260145,3170
1307,257375,10,255,0,260545,3170
1307,257375,10,255,1,260545,3170
1307,257375,10,255,2,260545,3170
1307,257375,10,255,3,260545,3170
1307,257375,10,255,4,260545,3170
1307,257375,10,255,5,260545,3170
1307,257375,10,255,6,260545,3170
1307,257375,10,255,7,260545,3170
1307,257375,10,255,8,260545,3170
1307,257375,10,255,9,260545,3170
1307,257375,10,255,11,260545,3170
1307,257375,10,255,12,260545,3170
1307,257375,10,255,13,260545,3170
1307,257375,10,255,14,260545,3170
1307,257375,10,255,15,260545,3170
1308,257575,11,2,2,260745,3170
1309,257775,12,4,4,260945,3170
1325,260975,12,150,-1,,
1310,257975,13,255,0,261145,3170
1310,257975,13,255,1,261145,3170
1310,257975,13,255,2,261145,3170
1310,257975,13,255,3,261145,3170
1310,257975,13,255,4,261145,3170
1310,257975,13,255,5,261145,3170
1310,257975,13,255,6,261145,3170
1310,257975,13,255,7,261145,3170
1310,257975,13,255,8,261145,3170
1310,257975,13,255,9,261145,3170
1310,257975,13,255,10,261145,3170
1310,257975,13,255,11,261145,3170
1310,257975,13,255,12,261145,3170
1310,257975,13,255,14,261145,3170
1310,257975,13,255,15,261145,3170
1311,258175,14,11,11,261345,3170
1312,258375,15,14,14,261545,3170
1298,258775,1,0,0,261945,3170
1299,258975,2,8,8,262145,3170
1300,259175,3,255,0,262345,3170
1300,259175,3,255,1,262345,3170
1300,259175,3,255,2,262345,3170
1300,259175,3,255,4,262345,3170
1300,259175,3,255,5,262345,3170
1300,259175,3,255,6,262345,3170
1300,259175,3,255,7,262345,3170
1300,259175,3,255,8,262345,3170
1300,259175,3,255,9,262345,3170
1300,259175,3,255,10,262345,3170
1300,259175,3,255,11,262345,3170
1300,259175,3,255,12,262345,3170
1300,259175,3,255,13,262345,3170
1300,259175,3,255,14,262345,3170
1300,259175,3,255,15,262345,3170
1301,259375,4,12,12,262545,3170
1318,259575,5,2,2,262745,3170
1319,259775,6,7,7,262945,3170
1320,259975,7,255,0,263145,3170
1320,259975,7,255,1,263145,3170
1320,259975,7,255,2,263145,3170
1320,259975,7,255,3,263145,3170
1320,259975,7,255,4,263145,3170
1320,259975,7,255,5,263145,3170
1320,259975,7,255,6,263145,3170
1320,259975,7,255,8,263145,3170
1320,259975,7,255,9,263145,3170
1320,259975,7,255,10,263145,3170
1320,259975,7,255,11,263145,3170
1320,259975,7,255,12,263145,3170
1320,259975,7,255,13,263145,3170
1320,259975,7,255,14,263145,3170
1320,259975,7,255,15,263145,3170
1321,260175,8,11,11,263345,3170
1322,260375,9,15,15,263545,3170
1323,260575,10,5,5,263745,3170
1324,260775,11,8,8,263945,3170
1340,263975,11,99,-1,,
1326,261175,13,255,0,264345,3170
1326,261175,13,255,1,264345,3170
1326,261175,13,255,2,264345,3170
1326,261175,13,255,3,264345,3170
1326,261175,13,255,4,264345,3170
1326,261175,13,255,5,264345,3170
1326,261175,13,255,6,264345,3170
1326,261175,13,255,7,264345,3170
1326,261175,13,255,8,264345,3170
1326,261175,13,255,9,264345,3170
1326,261175,13,255,10,264345,3170
1326,261175,13,255,11,264345,3170
1326,261175,13,255,12,264345,3170
1326,261175,13,255,14,264345,3170
1326,261175,13,255,15,264345,3170
1327,261375,14,0,0,264545,3170
1328,261575,15,7,7,264745,3170
1313,261775,0,14,14,264945,3170
1314,261975,1,6,6,265145,3170
1315,262175,2,0,0,265345,3170
1316,262375,3,6,6,265545,3170
1317,262575,4,8,8,265745,3170
1334,262775,5,0,0,265945,3170
1335,262975,6,9,9,266145,3170
1351,266175,6,230,-1,,
1336,263175,7,8,8,266345,3170
1337,263375,8,11,11,266545,3170
1338,263575,9,7,7,266745,3170
1339,263775,10,4,4,266945,3170
1341,264175,12,13,13,267345,3170
1342,264375,13,3,3,267545,3170
1343,264575,14,7,7,267745,3170
1344,264775,15,8,8,267945,3170
1329,264975,0,4,4,268145,3170
1330,265175,1,10,10,268345,3170
1346,268375,1,146,-1,,
1331,265375,2,3,3,268545,3170
1332,265575,3,6,6,268745,3170
1333,265775,4,255,0,268945,3170
1333,265775,4,255,1,268945,3170
1333,265775,4,255,2,268945,3170
1333,265775,4,255,3,268945,3170
1333,265775,4,255,5,268945,3170
1333,265775,4,255,6,268945,3170
1333,265775,4,255,7,268945,3170
1333,265775,4,255,8,268945,3170
1333,265775,4,255,9,268945,3170
1333,265775,4,255,10,268945,3170
1333,265775,4,255,11,268945,3170
1333,265775,4,255,12,268945,3170
1333,265775,4,255,13,268945,3170
1333,265775,4,255,14,268945,3170
1333,265775,4,255,15,268945,3170
1350,265975,5,255,0,269145,3170
1350,265975,5,255,1,269145,3170
1350,265975,5,255,2,269145,3170
1350,265975,5,255,3,269145,3170
1350,265975,5,255,4,269145,3170
1350,265975,5,255,6,269145,3170
1350,265975,5,255,7,269145,3170
1350,265975,5,255,8,269145,3170
1350,265975,5,255,9,269145,3170
1350,265975,5,255,10,269145,3170
1350,265975,5,255,11,269145,3170
1350,265975,5,255,12,269145,3170
1350,265975,5,255,13,269145,3170
1350,265975,5,255,14,269145,3170
1350,265975,5,255,15,269145,3170
1367,269375,6,126,-1,,
1352,266375,7,8,8,269545,3170
1353,266575,8,4,4,269745,3170
1354,266775,9,10,10,269945,3170
1355,266975,10,1,1,270145,3170
1356,267175,11,255,0,270345,3170
1356,267175,11,255,1,270345,3170
1356,267175,11,255,2,270345,3170
1356,267175,11,255,3,270345,3170
1356,267175,11,255,4,270345,3170
1356,267175,11,255,5,270345,3170
1356,267175,11,255,6,270345,3170
1356,267175,11,255,7,270345,3170
1356,267175,11,255,8,270345,3170
1356,267175,11,255,9,270345,3170
1356,267175,11,255,10,270345,3170
1356,267175,11,255,12,270345,3170
1356,267175,11,255,13,270345,3170
1356,267175,11,255,14,270345,3170
1356,267175,11,255,15,270345,3170
1372,270375,11,212,-1,,
1357,267375,12,10,10,270545,3170
1358,267575,13,5,5,270745,3170
1359,267775,14,0,0,270945,3170
1360,267975,15,4,4,271145,3170
1345,268175,0,9,9,271345,3170
1347,268575,2,8,8,271745,3170
1348,268775,3,0,0,271945,3170
1349,268975,4,3,3,272145,3170
1366,269175,5,13,13,272345,3170
1368,269575,7,15,15,272745,3170
1369,269775,8,255,0,272945,3170
1369,269775,8,255,1,272945,3170
1369,269775,8,255,2,272945,3170
1369,269775,8,255,3,272945,3170
1369,269775,8,255,4,272945,3170
1369,269775,8,255,5,272945,3170
1369,269775,8,255,6,272945,3170
1369,269775,8,255,7,272945,3170
1369,269775,8,255,9,272945,3170
1369,269775,8,255,10,272945,3170
1369,269775,8,255,11,272945,3170
1369,269775,8,255,12,272945,3170
1369,269775,8,255,13,272945,3170
1369,269775,8,255,14,272945,3170
1369,269775,8,255,15,272945,3170
1370,269975,9,4,4,273145,3170
1371,270175,10,0,0,273345,3170
1373,270575,12,11,11,273745,3170
1374,270775,13,12,12,273945,3170
1390,273975,13,113,-1,,
1375,270975,14,3,3,274145,3170
1376,271175,15,4,4,274345,3170
1361,271375,0,11,11,274545,3170
1362,271575,1,5,5,274745,3170
1363,271775,2,0,0,274945,3170
1364,271975,3,0,0,275145,3170
1380,275175,3,234,-1,,
1365,272175,4,255,0,275345,3170
1365,272175,4,255,1,275345,3170
1365,272175,4,255,2,275345,3170
1365,272175,4,255,3,275345,3170
1365,272175,4,255,5,275345,3170
1365,272175,4,255,6,275345,3170
1365,272175,4,255,7,275345,3170
1365,272175,4,255,8,275345,3170
1365,272175,4,255,9,275345,3170
1365,272175,4,255,10,275345,3170
1365,272175,4,255,11,275345,3170
1365,272175,4,255,12,275345,3170
1365,272175,4,255,13,275345,3170
1365,272175,4,255,14,275345,3170
1365,272175,4,255,15,275345,3170
1382,272375,5,7,7,275545,3170
1383,272575,6,12,12,275745,3170
1384,272775,7,2,2,275945,3170
1385,272975,8,13,13,276145,3170
1386,273175,9,7,7,276345,3170
1387,273375,10,13,13,276545,3170
1388,273575,11,8,8,276745,3170
1389,273775,12,13,13,276945,3170
1391,274175,14,12,12,277345,3170
1392,274375,15,12,12,277545,3170
1377,274575,0,1,1,277745,3170
1378,274775,1,5,5,277945,3170
1379,274975,2,9,9,278145,3170
1396,278375,3,253,-1,,
1381,275375,4,5,5,278545,3170
1398,275575,5,6,6,278745,3170
1399,275775,6,3,3,278945,3170
1400,275975,7,8,8,279145,3170
1401,276175,8,0,0,279345,3170
1402,276375,9,15,15,279545,3170
1403,276575,10,13,13,279745,3170
1419,279775,10,253,-1,,
1404,276775,11,9,9,279945,3170
1405,276975,12,255,0,280145,3170
1405,276975,12,255,1,280145,3170
1405,276975,12,255,2,280145,3170
1405,276975,12,255,3,280145,3170
1405,276975,12,255,4,280145,3170
1405,276975,12,255,5,280145,3170
1405,276975,12,255,6,280145,3170
1405,276975,12,255,7,280145,3170
1405,276975,12,255,8,280145,3170
1405,276975,12,255,9,280145,3170
1405,276975,12,255,10,280145,3170
1405,276975,12,255,11,280145,3170
1405,276975,12,255,13,280145,3170
1405,276975,12,255,14,280145,3170
1405,276975,12,255,15,280145,3170
1406,277175,13,8,8,280345,3170
1422,280375,13,80,-1,,
1407,277375,14,11,11,280545,3170
1408,277575,15,14,14,280745,3170
1393,277775,0,12,12,280945,3170
1394,277975,1,12,12,281145,3170
1395,278175,2,15,15,281345,3170
1397,278575,4,15,15,281745,3170
1414,278775,5,14,14,281945,3170
1415,278975,6,15,15,282145,3170
1416,279175,7,15,15,282345,3170
1417,279375,8,11,11,282545,3170
1433,282575,8,109,-1,,
1418,279575,9,255,0,282745,3170
1418,279575,9,255,1,282745,3170
1418,279575,9,255,2,282745,3170
1418,279575,9,255,3,282745,3170
1418,279575,9,255,4,282745,3170
1418,279575,9,255,5,282745,3170
1418,279575,9,255,6,282745,3170
1418,279575,9,255,7,282745,3170
1418,279575,9,255,8,282745,3170
1418,279575,9,255,10,282745,3170
1418,279575,9,255,11,282745,3170
1418,279575,9,255,12,282745,3170
1418,279575,9,255,13,282745,3170
1418,279575,9,255,14,282745,3170
1418,279575,9,255,15,282745,3170
1420,279975,11,12,12,283145,3170
1421,280175,12,14,14,283345,3170
1423,280575,14,255,0,283745,3170
1423,280575,14,255,1,283745,3170
1423,280575,14,255,2,283745,3170
1423,280575,14,255,3,283745,3170
1423,280575,14,255,4,283745,3170
1423,280575,14,255,5,283745,3170
1423,280575,14,255,6,283745,3170
1423,280575,14,255,7,283745,3170
1423,280575,14,255,8,283745,3170
1423,280575,14,255,9,283745,3170
1423,280575,14,255,10,283745,3170
1423,280575,14,255,11,283745,3170
1423,280575,14,255,12,283745,3170
1423,280575,14,255,13,283745,3170
1423,280575,14,255,15,283745,3170
1439,283775,14,254,-1,,
1424,280775,15,12,12,283945,3170
1409,280975,0,2,2,284145,3170
1410,281175,1,8,8,284345,3170
1411,281375,2,3,3,284545,3170
1412,281575,3,13,13,284745,3170
1413,281775,4,1,1,284945,3170
1430,281975,5,13,13,285145,3170
1431,282175,6,2,2,285345,3170
1432,282375,7,11,11,285545,3170
1434,282775,9,255,0,285945,3170
1434,282775,9,255,1,285945,3170
1434,282775,9,255,2,285945,3170
1434,282775,9,255,3,285945,3170
1434,282775,9,255,4,285945,3170
1434,282775,9,255,5,285945,3170
1434,282775,9,255,6,285945,3170
1434,282775,9,255,7,285945,3170
1434,282775,9,255,8,285945,3170
1434,282775,9,255,10,285945,3170
1434,282775,9,255,11,285945,3170
1434,282775,9,255,12,285945,3170
1434,282775,9,255,13,285945,3170
1434,282775,9,255,14,285945,3170
1434,282775,9,255,15,285945,3170
1450,285975,9,183,-1,,
1435,282975,10,13,13,286145,3170
1436,283175,11,13,13,286345,3170
1437,283375,12,13,13,286545,3170
1438,283575,13,4,4,286745,3170
1440,283975,15,7,7,287145,3170
1425,284175,0,5,5,287345,3170
1426,284375,1,15,15,287545,3170
1427,284575,2,255,0,287745,3170
1427,284575,2,255,1,287745,3170
1427,284575,2,255,3,287745,3170
1427,284575,2,255,4,287745,3170
1427,284575,2,255,5,287745,3170
1427,284575,2,255,6,287745,3170
1427,284575,2,255,7,287745,3170
1427,284575,2,255,8,287745,3170
1427,284575,2,255,9,287745,3170
1427,284575,2,255,10,287745,3170
1427,284575,2,255,11,287745,3170
1427,284575,2,255,12,287745,3170
1427,284575,2,255,13,287745,3170
1427,284575,2,255,14,287745,3170
1427,284575,2,255,15,287745,3170
1428,284775,3,0,0,287945,3170
1429,284975,4,12,12,288145,3170
1446,285175,5,15,15,288345,3170
1447,285375,6,15,15,288545,3170
1448,285575,7,255,0,288745,3170
1448,285575,7,255,1,288745,3170
1448,285575,7,255,2,288745,3170
1448,285575,7,255,3,288745,3170
1448,285575,7,255,4,288745,3170
1448,285575,7,255,5,288745,3170
1448,285575,7,255,6,288745,3170
1448,285575,7,255,8,288745,3170
1448,285575,7,255,9,288745,3170
1448,285575,7,255,10,288745,3170
1448,285575,7,255,11,288745,3170
1448,285575,7,255,12,288745,3170
1448,285575,7,255,13,288745,3170
1448,285575,7,255,14,288745,3170
1448,285575,7,255,15,288745,3170
1449,285775,8,255,0,288945,3170
1449,285775,8,255,1,288945,3170
1449,285775,8,255,2,288945,3170
1449,285775,8,255,3,288945,3170
1449,285775,8,255,4,288945,3170
1449,285775,8,255,5,288945,3170
1449,285775,8,255,6,288945,3170
1449,285775,8,255,7,288945,3170
1449,285775,8,255,9,288945,3170
1449,285775,8,255,10,288945,3170
1449,285775,8,255,11,288945,3170
1449,285775,8,255,12,288945,3170
1449,285775,8,255,13,288945,3170
1449,285775,8,255,14,288945,3170
1449,285775,8,255,15,288945,3170
1451,286175,10,1,1,289345,3170
1467,289375,10,100,-1,,
1452,286375,11,1,1,289545,3170
1453,286575,12,2,2,289745,3170
1454,286775,13,15,15,289945,3170
1455,286975,14,10,10,290145,3170
1471,290175,14,65,-1,,
1456,287175,15,11,11,290345,3170
1441,287375,0,255,1,290545,3170
1441,287375,0,255,2,290545,3170
1441,287375,0,255,3,290545,3170
1441,287375,0,255,4,290545,3170
1441,287375,0,255,5,290545,3170
1441,287375,0,255,6,290545,3170
1441,287375,0,255,7,290545,3170
1441,287375,0,255,8,290545,3170
1441,287375,0,255,9,290545,3170
1441,287375,0,255,10,290545,3170
1441,287375,0,255,11,290545,3170
1441,287375,0,255,12,290545,3170
1441,287375,0,255,13,290545,3170
1441,287375,0,255,14,290545,3170
1441,287375,0,255,15,290545,3170
1442,287575,1,8,8,290745,3170
1443,287775,2,11,11,290945,3170
1444,287975,3,15,15,291145,3170
1460,291175,3,92,-1,,
1445,288175,4,3,3,291345,3170
1462,288375,5,15,15,291545,3170
1463,288575,6,0,0,291745,3170
1464,288775,7,3,3,291945,3170
1465,288975,8,10,10,292145,3170
1481,292175,8,19,-1,,
1466,289175,9,6,6,292345,3170
1468,289575,11,14,14,292745,3170
1469,289775,12,14,14,292945,3170
1470,289975,13,3,3,293145,3170
1472,290375,15,2,2,293545,3170
1457,290575,0,15,15,293745,3170
1473,293775,0,219,-1,,
1458,290775,1,0,0,293945,3170
1459,290975,2,9,9,294145,3170
1461,291375,4,11,11,294545,3170
1478,291575,5,1,1,294745,3170
1494,294775,5,171,-1,,
1479,291775,6,13,13,294945,3170
1480,291975,7,2,2,295145,3170
1497,295375,8,80,-1,,
1482,292375,9,1,1,295545,3170
1483,292575,10,7,7,295745,3170
1484,292775,11,255,0,295945,3170
1484,292775,11,255,1,295945,3170
1484,292775,11,255,2,295945,3170
1484,292775,11,255,3,295945,3170
1484,292775,11,255,4,295945,3170
1484,292775,11,255,5,295945,3170
1484,292775,11,255,6,295945,3170
1484,292775,11,255,7,295945,3170
1484,292775,11,255,8,295945,3170
1484,292775,11,255,9,295945,3170
1484,292775,11,255,10,295945,3170
1484,292775,11,255,12,295945,3170
1484,292775,11,255,13,295945,3170
1484,292775,11,255,14,295945,3170
1484,292775,11,255,15,295945,3170
1485,292975,12,1,1,296145,3170
1486,293175,13,15,15,296345,3170
1487,293375,14,8,8,296545,3170
1488,293575,15,8,8,296745,3170
1474,293975,1,9,9,297145,3170
1475,294175,2,15,15,297345,3170
1476,294375,3,2,2,297545,3170
1477,294575,4,10,10,297745,3170
1495,294975,6,12,12,298145,3170
1496,295175,7,8,8,298345,3170
1513,298575,8,219,-1,,
1498,295575,9,14,14,298745,3170
1499,295775,10,15,15,298945,3170
1515,298975,10,195,-1,,
1500,295975,11,12,12,299145,3170
1501,296175,12,4,4,299345,3170
1502,296375,13,8,8,299545,3170
1503,296575,14,9,9,299745,3170
1504,296775,15,13,13,299945,3170
1489,296975,0,13,13,300145,3170
1490,297175,1,4,4,300345,3170
1506,300375,1,206,-1,,
1491,297375,2,255,0,300545,3170
1491,297375,2,255,1,300545,3170
1491,297375,2,255,3,300545,3170
1491,297375,2,255,4,300545,3170
1491,297375,2,255,5,300545,3170
1491,297375,2,255,6,300545,3170
1491,297375,2,255,7,300545,3170
1491,297375,2,255,8,300545,3170
1491,297375,2,255,9,300545,3170
1491,297375,2,255,10,300545,3170
1491,297375,2,255,11,300545,3170
1491,297375,2,255,12,300545,3170
1491,297375,2,255,13,300545,3170
1491,297375,2,255,14,300545,3170
1491,297375,2,255,15,300545,3170
1492,297575,3,5,5,300745,3170
1493,297775,4,2,2,300945,3170
1510,297975,5,10,10,301145,3170
1511,298175,6,255,0,301345,3170
1511,298175,6,255,1,301345,3170
1511,298175,6,255,2,301345,3170
1511,298175,6,255,3,301345,3170
1511,298175,6,255,4,301345,3170
1511,298175,6,255,5,301345,3170
1511,298175,6,255,7,301345,3170
1511,298175,6,255,8,301345,3170
1511,298175,6,255,9,301345,3170
1511,298175,6,255,10,301345,3170
1511,298175,6,255,11,301345,3170
1511,298175,6,255,12,301345,3170
1511,298175,6,255,13,301345,3170
1511,298175,6,255,14,301345,3170
1511,298175,6,255,15,301345,3170
1512,298375,7,15,15,301545,3170
1514,298775,9,10,10,301945,3170
1530,301975,9,236,-1,,
1516,299175,11,5,5,302345,3170
1532,302375,11,64,-1,,
1517,299375,12,255,0,302545,3170
1517,299375,12,255,1,302545,3170
1517,299375,12,255,2,302545,3170
1517,299375,12,255,3,302545,3170
1517,299375,12,255,4,302545,3170
1517,299375,12,255,5,302545,3170
1517,299375,12,255,6,302545,3170
1517,299375,12,255,7,302545,3170
1517,299375,12,255,8,302545,3170
1517,299375,12,255,9,302545,3170
1517,299375,12,255,10,302545,3170
1517,299375,12,255,11,302545,3170
1517,299375,12,255,13,302545,3170
1517,299375,12,255,14,302545,3170
1517,299375,12,255,15,302545,3170
1518,299575,13,1,1,302745,3170
1519,299775,14,15,15,302945,3170
1520,299975,15,255,0,303145,3170
1520,299975,15,255,1,303145,3170
1520,299975,15,255,2,303145,3170
1520,299975,15,255,3,303145,3170
1520,299975,15,255,4,303145,3170
1520,299975,15,255,5,303145,3170
1520,299975,15,255,6,303145,3170
1520,299975,15,255,7,303145,3170
1520,299975,15,255,8,303145,3170
1520,299975,15,255,9,303145,3170
1520,299975,15,255,10,303145,3170
1520,299975,15,255,11,303145,3170
1520,299975,15,255,12,303145,3170
1520,299975,15,255,13,303145,3170
1520,299975,15,255,14,303145,3170
1505,300175,0,6,6,303345,3170
1507,300575,2,1,1,303745,3170
1508,300775,3,9,9,303945,3170
1509,300975,4,13,13,304145,3170
1526,301175,5,255,0,304345,3170
1526,301175,5,255,1,304345,3170
1526,301175,5,255,2,304345,3170
1526,301175,5,255,3,304345,3170
1526,301175,5,255,4,304345,3170
1526,301175,5,255,6,304345,3170
1526,301175,5,255,7,304345,3170
1526,301175,5,255,8,304345,3170
1526,301175,5,255,9,304345,3170
1526,301175,5,255,10,304345,3170
1526,301175,5,255,11,304345,3170
1526,301175,5,255,12,304345,3170
1526,301175,5,255,13,304345,3170
1526,301175,5,255,14,304345,3170
1526,301175,5,255,15,304345,3170
1542,304375,5,186,-1,,
1527,301375,6,4,4,304545,3170
1528,301575,7,15,15,304745,3170
1544,304775,7,220,-1,,
1529,301775,8,14,14,304945,3170
1531,302175,10,255,0,305345,3170
1531,302175,10,255,1,305345,3170
1531,302175,10,255,2,305345,3170
1531,302175,10,255,3,305345,3170
1531,302175,10,255,4,305345,3170
1531,302175,10,255,5,305345,3170
1531,302175,10,255,6,305345,3170
1531,302175,10,255,7,305345,3170
1531,302175,10,255,8,305345,3170
1531,302175,10,255,9,305345,3170
1531,302175,10,255,11,305345,3170
1531,302175,10,255,12,305345,3170
1531,302175,10,255,13,305345,3170
1531,302175,10,255,14,305345,3170
1531,302175,10,255,15,305345,3170
1533,302575,12,9,9,305745,3170
1534,302775,13,1,1,305945,3170
1535,302975,14,8,8,306145,3170
1536,303175,15,11,11,306345,3170
1521,303375,0,2,2,306545,3170
1522,303575,1,4,4,306745,3170
1538,306775,1,115,-1,,
1523,303775,2,0,0,306945,3170
1524,303975,3,7,7,307145,3170
1525,304175,4,255,0,307345,3170
1525,304175,4,255,1,307345,3170
1525,304175,4,255,2,307345,3170
1525,304175,4,255,3,307345,3170
1525,304175,4,255,5,307345,3170
1525,304175,4,255,6,307345,3170
1525,304175,4,255,7,307345,3170
1525,304175,4,255,8,307345,3170
1525,304175,4,255,9,307345,3170
1525,304175,4,255,10,307345,3170
1525,304175,4,255,11,307345,3170
1525,304175,4,255,12,307345,3170
1525,304175,4,255,13,307345,3170
1525,304175,4,255,14,307345,3170
1525,304175,4,255,15,307345,3170
1543,304575,6,2,2,307745,3170
1545,304975,8,1,1,308145,3170
1546,305175,9,5,5,308345,3170
1547,305375,10,13,13,308545,3170
1548,305575,11,7,7,308745,3170
1549,305775,12,11,11,308945,3170
1565,308975,12,168,-1,,
1550,305975,13,15,15,309145,3170
1551,306175,14,15,15,309345,3170
1552,306375,15,14,14,309545,3170
1537,306575,0,14,14,309745,3170
1539,306975,2,11,11,310145,3170
1540,307175,3,6,6,310345,3170
1556,310375,3,121,-1,,
1541,307375,4,13,13,310545,3170
1558,307575,5,2,2,310745,3170
1559,307775,6,2,2,310945,3170
1560,307975,7,12,12,311145,3170
1561,308175,8,9,9,311345,3170
1562,308375,9,13,13,311545,3170
1563,308575,10,5,5,311745,3170
1564,308775,11,4,4,311945,3170
1566,309175,13,3,3,312345,3170
1567,309375,14,255,0,312545,3170
1567,309375,14,255,1,312545,3170
1567,309375,14,255,2,312545,3170
1567,309375,14,255,3,312545,3170
1567,309375,14,255,4,312545,3170
1567,309375,14,255,5,312545,3170
1567,309375,14,255,6,312545,3170
1567,309375,14,255,7,312545,3170
1567,309375,14,255,8,312545,3170
1567,309375,14,255,9,312545,3170
1567,309375,14,255,10,312545,3170
1567,309375,14,255,11,312545,3170
1567,309375,14,255,12,312545,3170
1567,309375,14,255,13,312545,3170
1567,309375,14,255,15,312545,3170
1568,309575,15,12,12,312745,3170
1553,309775,0,9,9,312945,3170
1554,309975,1,15,15,313145,3170
1555,310175,2,4,4,313345,3170
1572,313575,3,21,-1,,
1557,310575,4,9,9,313745,3170
1574,310775,5,9,9,313945,3170
1575,310975,6,5,5,314145,3170
1576,311175,7,9,9,314345,3170
1577,311375,8,1,1,314545,3170
1593,314575,8,247,-1,,
1578,311575,9,15,15,314745,3170
1579,311775,10,255,0,314945,3170
1579,311775,10,255,1,314945,3170
1579,311775,10,255,2,314945,3170
1579,311775,10,255,3,314945,3170
1579,311775,10,255,4,314945,3170
1579,311775,10,255,5,314945,3170
1579,311775,10,255,6,314945,3170
1579,311775,10,255,7,314945,3170
1579,311775,10,255,8,314945,3170
1579,311775,10,255,9,314945,3170
1579,311775,10,255,11,314945,3170
1579,311775,10,255,12,314945,3170
1579,311775,10,255,13,314945,3170
1579,311775,10,255,14,314945,3170
1579,311775,10,255,15,314945,3170
1580,311975,11,14,14,315145,3170
1581,312175,12,5,5,315345,3170
1582,312375,13,1,1,315545,3170
1583,312575,14,2,2,315745,3170
1584,312775,15,4,4,315945,3170
1569,312975,0,8,8,316145,3170
1570,313175,1,3,3,316345,3170
1571,313375,2,6,6,316545,3170
1573,313775,4,13,13,316945,3170
1590,313975,5,6,6,317145,3170
1591,314175,6,2,2,317345,3170
1592,314375,7,11,11,317545,3170
1594,314775,9,3,3,317945,3170
1610,317975,9,145,-1,,
1595,314975,10,14,14,318145,3170
1596,315175,11,9,9,318345,3170
1597,315375,12,4,4,318545,3170
1598,315575,13,0,0,318745,3170
1599,315775,14,7,7,318945,3170
1615,318975,14,18,-1,,
1600,315975,15,13,13,319145,3170
1585,316175,0,11,11,319345,3170
1601,319375,0,185,-1,,
1586,316375,1,14,14,319545,3170
1587,316575,2,15,15,319745,3170
1588,316775,3,14,14,319945,3170
1589,316975,4,11,11,320145,3170
1606,317175,5,0,0,320345,3170
1607,317375,6,4,4,320545,3170
1608,317575,7,6,6,320745,3170
1609,317775,8,12,12,320945,3170
1611,318175,10,9,9,321345,3170
1612,318375,11,12,12,321545,3170
1613,318575,12,8,8,321745,3170
1614,318775,13,6,6,321945,3170
1616,319175,15,13,13,322345,3170
1632,322375,15,211,-1,,
1602,319575,1,11,11,322745,3170
1603,319775,2,15,15,322945,3170
1604,319975,3,15,15,323145,3170
1605,320175,4,0,0,323345,3170
1622,320375,5,0,0,323545,3170
1623,320575,6,255,0,323745,3170
1623,320575,6,255,1,323745,3170
1623,320575,6,255,2,323745,3170
1623,320575,6,255,3,323745,3170
1623,320575,6,255,4,323745,3170
1623,320575,6,255,5,323745,3170
1623,320575,6,255,7,323745,3170
1623,320575,6,255,8,323745,3170
1623,320575,6,255,9,323745,3170
1623,320575,6,255,10,323745,3170
1623,320575,6,255,11,323745,3170
1623,320575,6,255,12,323745,3170
1623,320575,6,255,13,323745,3170
1623,320575,6,255,14,323745,3170
1623,320575,6,255,15,323745,3170
1624,320775,7,4,4,323945,3170
1625,320975,8,14,14,324145,3170
1626,321175,9,5,5,324345,3170
1627,321375,10,0,0,324545,3170
1628,321575,11,255,0,324745,3170
1628,321575,11,255,1,324745,3170
1628,321575,11,255,2,324745,3170
1628,321575,11,255,3,324745,3170
1628,321575,11,255,4,324745,3170
1628,321575,11,255,5,324745,3170
1628,321575,11,255,6,324745,3170
1628,321575,11,255,7,324745,3170
1628,321575,11,255,8,324745,3170
1628,321575,11,255,9,324745,3170
1628,321575,11,255,10,324745,3170
1628,321575,11,255,12,324745,3170
1628,321575,11,255,13,324745,3170
1628,321575,11,255,14,324745,3170
1628,321575,11,255,15,324745,3170
1629,321775,12,11,11,324945,3170
1630,321975,13,0,0,325145,3170
1631,322175,14,9,9,325345,3170
1617,322575,0,14,14,325745,3170
1618,322775,1,9,9,325945,3170
1619,322975,2,14,14,326145,3170
1635,326175,2,199,-1,,
1620,323175,3,5,5,326345,3170
1636,326375,3,29,-1,,
1621,323375,4,255,0,326545,3170
1621,323375,4,255,1,326545,3170
1621,323375,4,255,2,326545,3170
1621,323375,4,255,3,326545,3170
1621,323375,4,255,5,326545,3170
1621,323375,4,255,6,326545,3170
1621,323375,4,255,7,326545,3170
1621,323375,4,255,8,326545,3170
1621,323375,4,255,9,326545,3170
1621,323375,4,255,10,326545,3170
1621,323375,4,255,11,326545,3170
1621,323375,4,255,12,326545,3170
1621,323375,4,255,13,326545,3170
1621,323375,4,255,14,326545,3170
1621,323375,4,255,15,326545,3170
1637,326575,4,102,-1,,
1638,323575,5,4,4,326745,3170
1639,323775,6,255,0,326945,3170
1639,323775,6,255,1,326945,3170
1639,323775,6,255,2,326945,3170
1639,323775,6,255,3,326945,3170
1639,323775,6,255,4,326945,3170
1639,323775,6,255,5,326945,3170
1639,323775,6,255,7,326945,3170
1639,323775,6,255,8,326945,3170
1639,323775,6,255,9,326945,3170
1639,323775,6,255,10,326945,3170
1639,323775,6,255,11,326945,3170
1639,323775,6,255,12,326945,3170
1639,323775,6,255,13,326945,3170
1639,323775,6,255,14,326945,3170
1639,323775,6,255,15,326945,3170
1640,323975,7,1,1,327145,3170
1641,324175,8,11,11,327345,3170
1642,324375,9,12,12,327545,3170
1643,324575,10,4,4,327745,3170
1644,324775,11,7,7,327945,3170
1645,324975,12,1,1,328145,3170
1646,325175,13,7,7,328345,3170
1662,328375,13,46,-1,,
1647,325375,14,6,6,328545,3170
1648,325575,15,8,8,328745,3170
1633,325775,0,12,12,328945,3170
1634,325975,1,255,0,329145,3170
1634,325975,1,255,2,329145,3170
1634,325975,1,255,3,329145,3170
1634,325975,1,255,4,329145,3170
1634,325975,1,255,5,329145,3170
1634,325975,1,255,6,329145,3170
1634,325975,1,255,7,329145,3170
1634,325975,1,255,8,329145,3170
1634,325975,1,255,9,329145,3170
1634,325975,1,255,10,329145,3170
1634,325975,1,255,11,329145,3170
1634,325975,1,255,12,329145,3170
1634,325975,1,255,13,329145,3170
1634,325975,1,255,14,329145,3170
1634,325975,1,255,15,329145,3170
1654,326775,5,14,14,329945,3170
1670,329975,5,219,-1,,
1655,326975,6,12,12,330145,3170
1656,327175,7,5,5,330345,3170
1672,330375,7,46,-1,,
1657,327375,8,5,5,330545,3170
1658,327575,9,13,13,330745,3170
1659,327775,10,255,0,330945,3170
1659,327775,10,255,1,330945,3170
1659,327775,10,255,2,330945,3170
1659,327775,10,255,3,330945,3170
1659,327775,10,255,4,330945,3170
1659,327775,10,255,5,330945,3170
1659,327775,10,255,6,330945,3170
1659,327775,10,255,7,330945,3170
1659,327775,10,255,8,330945,3170
1659,327775,10,255,9,330945,3170
1659,327775,10,255,11,330945,3170
1659,327775,10,255,12,330945,3170
1659,327775,10,255,13,330945,3170
1659,327775,10,255,14,330945,3170
1659,327775,10,255,15,330945,3170
1660,327975,11,14,14,331145,3170
1661,328175,12,1,1,331345,3170
1663,328575,14,8,8,331745,3170
1664,328775,15,13,13,331945,3170
1649,328975,0,6,6,332145,3170
1650,329175,1,13,13,332345,3170
1651,329375,2,7,7,332545,3170
1652,329575,3,0,0,332745,3170
1653,329775,4,11,11,332945,3170
1671,330175,6,11,11,333345,3170
1688,333575,7,172,-1,,
1673,330575,8,10,10,333745,3170
1674,330775,9,255,0,333945,3170
1674,330775,9,255,1,333945,3170
1674,330775,9,255,2,333945,3170
1674,330775,9,255,3,333945,3170
1674,330775,9,255,4,333945,3170
1674,330775,9,255,5,333945,3170
1674,330775,9,255,6,333945,3170
1674,330775,9,255,7,333945,3170
1674,330775,9,255,8,333945,3170
1674,330775,9,255,10,333945,3170
1674,330775,9,255,11,333945,3170
1674,330775,9,255,12,333945,3170
1674,330775,9,255,13,333945,3170
1674,330775,9,255,14,333945,3170
1674,330775,9,255,15,333945,3170
1675,330975,10,255,0,334145,3170
1675,330975,10,255,1,334145,3170
1675,330975,10,255,2,334145,3170
1675,330975,10,255,3,334145,3170
1675,330975,10,255,4,334145,3170
1675,330975,10,255,5,334145,3170
1675,330975,10,255,6,334145,3170
1675,330975,10,255,7,334145,3170
1675,330975,10,255,8,334145,3170
1675,330975,10,255,9,334145,3170
1675,330975,10,255,11,334145,3170
1675,330975,10,255,12,334145,3170
1675,330975,10,255,13,334145,3170
1675,330975,10,255,14,334145,3170
1675,330975,10,255,15,334145,3170
1676,331175,11,10,10,334345,3170
1692,334375,11,42,-1,,
1677,331375,12,15,15,334545,3170
1678,331575,13,5,5,334745,3170
1679,331775,14,10,10,334945,3170
1680,331975,15,0,0,335145,3170
1665,332175,0,12,12,335345,3170
1666,332375,1,12,12,335545,3170
1667,332575,2,7,7,335745,3170
1668,332775,3,9,9,335945,3170
1669,332975,4,8,8,336145,3170
1686,333175,5,11,11,336345,3170
1687,333375,6,3,3,336545,3170
1689,333775,8,6,6,336945,3170
1690,333975,9,12,12,337145,3170
1691,334175,10,11,11,337345,3170
1693,334575,12,2,2,337745,3170
1694,334775,13,15,15,337945,3170
1695,334975,14,4,4,338145,3170
1696,335175,15,9,9,338345,3170
1681,335375,0,8,8,338545,3170
1682,335575,1,2,2,338745,3170
1698,338775,1,45,-1,,
1683,335775,2,7,7,338945,3170
1699,338975,2,185,-1,,
1684,335975,3,255,0,339145,3170
1684,335975,3,255,1,339145,3170
1684,335975,3,255,2,339145,3170
1684,335975,3,255,4,339145,3170
1684,335975,3,255,5,339145,3170
1684,335975,3,255,6,339145,3170
1684,335975,3,255,7,339145,3170
1684,335975,3,255,8,339145,3170
1684,335975,3,255,9,339145,3170
1684,335975,3,255,10,339145,3170
1684,335975,3,255,11,339145,3170
1684,335975,3,255,12,339145,3170
1684,335975,3,255,13,339145,3170
1684,335975,3,255,14,339145,3170
1684,335975,3,255,15,339145,3170
1700,339175,3,137,-1,,
1685,336175,4,12,12,339345,3170
1701,339375,4,231,-1,,
1702,336375,5,255,0,339545,3170
1702,336375,5,255,1,339545,3170
1702,336375,5,255,2,339545,3170
1702,336375,5,255,3,339545,3170
1702,336375,5,255,4,339545,3170
1702,336375,5,255,6,339545,3170
1702,336375,5,255,7,339545,3170
1702,336375,5,255,8,339545,3170
1702,336375,5,255,9,339545,3170
1702,336375,5,255,10,339545,3170
1702,336375,5,255,11,339545,3170
1702,336375,5,255,12,339545,3170
1702,336375,5,255,13,339545,3170
1702,336375,5,255,14,339545,3170
1702,336375,5,255,15,339545,3170
1718,339575,5,177,-1,,
1703,336575,6,13,13,339745,3170
1704,336775,7,4,4,339945,3170
1705,336975,8,255,0,340145,3170
1705,336975,8,255,1,340145,3170
1705,336975,8,255,2,340145,3170
1705,336975,8,255,3,340145,3170
1705,336975,8,255,4,340145,3170
1705,336975,8,255,5,340145,3170
1705,336975,8,255,6,340145,3170
1705,336975,8,255,7,340145,3170
1705,336975,8,255,9,340145,3170
1705,336975,8,255,10,340145,3170
1705,336975,8,255,11,340145,3170
1705,336975,8,255,12,340145,3170
1705,336975,8,255,13,340145,3170
1705,336975,8,255,14,340145,3170
1705,336975,8,255,15,340145,3170
1721,340175,8,25,-1,,
1706,337175,9,15,15,340345,3170
1707,337375,10,0,0,340545,3170
1708,337575,11,5,5,340745,3170
1709,337775,12,4,4,340945,3170
1710,337975,13,9,9,341145,3170
1711,338175,14,2,2,341345,3170
1727,341375,14,97,-1,,
1712,338375,15,14,14,341545,3170
1697,338575,0,4,4,341745,3170
1713,341775,0,172,-1,,
1719,339775,6,12,12,342945,3170
1720,339975,7,1,1,343145,3170
1736,343175,7,208,-1,,
1722,340375,9,1,1,343545,3170
1723,340575,10,15,15,343745,3170
1724,340775,11,1,1,343945,3170
1725,340975,12,11,11,344145,3170
1726,341175,13,5,5,344345,3170
1728,341575,15,0,0,344745,3170
1714,341975,1,11,11,345145,3170
1715,342175,2,6,6,345345,3170
1716,342375,3,255,0,345545,3170
1716,342375,3,255,1,345545,3170
1716,342375,3,255,2,345545,3170
1716,342375,3,255,4,345545,3170
1716,342375,3,255,5,345545,3170
1716,342375,3,255,6,345545,3170
1716,342375,3,255,7,345545,3170
1716,342375,3,255,8,345545,3170
1716,342375,3,255,9,345545,3170
1716,342375,3,255,10,345545,3170
1716,342375,3,255,11,345545,3170
1716,342375,3,255,12,345545,3170
1716,342375,3,255,13,345545,3170
1716,342375,3,255,14,345545,3170
1716,342375,3,255,15,345545,3170
1717,342575,4,255,0,345745,3170
1717,342575,4,255,1,345745,3170
1717,342575,4,255,2,345745,3170
1717,342575,4,255,3,345745,3170
1717,342575,4,255,5,345745,3170
1717,342575,4,255,6,345745,3170
1717,342575,4,255,7,345745,3170
1717,342575,4,255,8,345745,3170
1717,342575,4,255,9,345745,3170
1717,342575,4,255,10,345745,3170
1717,342575,4,255,11,345745,3170
1717,342575,4,255,12,345745,3170
1717,342575,4,255,13,345745,3170
1717,342575,4,255,14,345745,3170
1717,342575,4,255,15,345745,3170
1734,342775,5,1,1,345945,3170
1735,342975,6,14,14,346145,3170
1737,343375,8,15,15,346545,3170
1738,343575,9,12,12,346745,3170
1739,343775,10,9,9,346945,3170
1740,343975,11,15,15,347145,3170
1741,344175,12,255,0,347345,3170
1741,344175,12,255,1,347345,3170
1741,344175,12,255,2,347345,3170
1741,344175,12,255,3,347345,3170
1741,344175,12,255,4,347345,3170
1741,344175,12,255,5,347345,3170
1741,344175,12,255,6,347345,3170
1741,344175,12,255,7,347345,3170
1741,344175,12,255,8,347345,3170
1741,344175,12,255,9,347345,3170
1741,344175,12,255,10,347345,3170
1741,344175,12,255,11,347345,3170
1741,344175,12,255,13,347345,3170
1741,344175,12,255,14,347345,3170
1741,344175,12,255,15,347345,3170
1742,344375,13,14,14,347545,3170
1743,344575,14,8,8,347745,3170
1744,344775,15,3,3,347945,3170
1729,344975,0,3,3,348145,3170
1730,345175,1,255,0,348345,3170
1730,345175,1,255,2,348345,3170
1730,345175,1,255,3,348345,3170
1730,345175,1,255,4,348345,3170
1730,345175,1,255,5,348345,3170
1730,345175,1,255,6,348345,3170
1730,345175,1,255,7,348345,3170
1730,345175,1,255,8,348345,3170
1730,345175,1,255,9,348345,3170
1730,345175,1,255,10,348345,3170
1730,345175,1,255,11,348345,3170
1730,345175,1,255,12,348345,3170
1730,345175,1,255,13,348345,3170
1730,345175,1,255,14,348345,3170
1730,345175,1,255,15,348345,3170
1731,345375,2,13,13,348545,3170
1732,345575,3,14,14,348745,3170
1748,348775,3,152,-1,,
1733,345775,4,14,14,348945,3170
1750,345975,5,13,13,349145,3170
1751,346175,6,5,5,349345,3170
1752,346375,7,6,6,349545,3170
1753,346575,8,255,0,349745,3170
1753,346575,8,255,1,349745,3170
1753,346575,8,255,2,349745,3170
1753,346575,8,255,3,349745,3170
1753,346575,8,255,4,349745,3170
1753,346575,8,255,5,349745,3170
1753,346575,8,255,6,349745,3170
1753,346575,8,255,7,349745,3170
1753,346575,8,255,9,349745,3170
1753,346575,8,255,10,349745,3170
1753,346575,8,255,11,349745,3170
1753,346575,8,255,12,349745,3170
1753,346575,8,255,13,349745,3170
1753,346575,8,255,14,349745,3170
1753,346575,8,255,15,349745,3170
1754,346775,9,10,10,349945,3170
1755,346975,10,7,7,350145,3170
1756,347175,11,2,2,350345,3170
1757,347375,12,4,4,350545,3170
1758,347575,13,255,0,350745,3170
1758,347575,13,255,1,350745,3170
1758,347575,13,255,2,350745,3170
1758,347575,13,255,3,350745,3170
1758,347575,13,255,4,350745,3170
1758,347575,13,255,5,350745,3170
1758,347575,13,255,6,350745,3170
1758,347575,13,255,7,350745,3170
1758,347575,13,255,8,350745,3170
1758,347575,13,255,9,350745,3170
1758,347575,13,255,10,350745,3170
1758,347575,13,255,11,350745,3170
1758,347575,13,255,12,350745,3170
1758,347575,13,255,14,350745,3170
1758,347575,13,255,15,350745,3170
1759,347775,14,255,0,350945,3170
1759,347775,14,255,1,350945,3170
1759,347775,14,255,2,350945,3170
1759,347775,14,255,3,350945,3170
1759,347775,14,255,4,350945,3170
1759,347775,14,255,5,350945,3170
1759,347775,14,255,6,350945,3170
1759,347775,14,255,7,350945,3170
1759,347775,14,255,8,350945,3170
1759,347775,14,255,9,350945,3170
1759,347775,14,255,10,350945,3170
1759,347775,14,255,11,350945,3170
1759,347775,14,255,12,350945,3170
1759,347775,14,255,13,350945,3170
1759,347775,14,255,15,350945,3170
1760,347975,15,13,13,351145,3170
1776,351175,15,153,-1,,
1745,348175,0,12,12,351345,3170
1746,348375,1,8,8,351545,3170
1747,348575,2,9,9,351745,3170
1749,348975,4,10,10,352145,3170
1766,349175,5,13,13,352345,3170
1767,349375,6,13,13,352545,3170
1768,349575,7,6,6,352745,3170
1769,349775,8,255,0,352945,3170
1769,349775,8,255,1,352945,3170
1769,349775,8,255,2,352945,3170
1769,349775,8,255,3,352945,3170
1769,349775,8,255,4,352945,3170
1769,349775,8,255,5,352945,3170
1769,349775,8,255,6,352945,3170
1769,349775,8,255,7,352945,3170
1769,349775,8,255,9,352945,3170
1769,349775,8,255,10,352945,3170
1769,349775,8,255,11,352945,3170
1769,349775,8,255,12,352945,3170
1769,349775,8,255,13,352945,3170
1769,349775,8,255,14,352945,3170
1769,349775,8,255,15,352945,3170
1770,349975,9,10,10,353145,3170
1771,350175,10,6,6,353345,3170
1772,350375,11,3,3,353545,3170
1773,350575,12,14,14,353745,3170
1788,353775,12,92,-1,,
1774,350775,13,5,5,353945,3170
1789,353975,13,183,-1,,
1775,350975,14,10,10,354145,3170
1761,351375,0,9,9,354545,3170
1762,351575,1,13,13,354745,3170
1763,351775,2,0,0,354945,3170
1764,351975,3,4,4,355145,3170
1765,352175,4,0,0,355345,3170
1782,352375,5,3,3,355545,3170
1797,355575,5,114,-1,,
1783,352775,7,5,5,355755,2980
1784,352975,8,2,2,355955,2980
1785,353175,9,5,5,356155,2980
1786,353375,10,2,2,356355,2980
1787,353575,11,14,14,356555,2980
1790,354175,14,255,0,357155,2980
1790,354175,14,255,1,357155,2980
1790,354175,14,255,2,357155,2980
1790,354175,14,255,3,357155,2980
1790,354175,14,255,4,357155,2980
1790,354175,14,255,5,357155,2980
1790,354175,14,255,6,357155,2980
1790,354175,14,255,7,357155,2980
1790,354175,14,255,8,357155,2980
1790,354175,14,255,9,357155,2980
1790,354175,14,255,10,357155,2980
1790,354175,14,255,11,357155,2980
1790,354175,14,255,12,357155,2980
1790,354175,14,255,13,357155,2980
1790,354175,14,255,15,357155,2980
1791,354375,15,5,5,357355,2980
1777,354575,0,5,5,357555,2980
1778,354775,1,2,2,357755,2980
1779,354975,2,255,0,357955,2980
1779,354975,2,255,1,357955,2980
1779,354975,2,255,3,357955,2980
1779,354975,2,255,4,357955,2980
1779,354975,2,255,5,357955,2980
1779,354975,2,255,6,357955,2980
1779,354975,2,255,7,357955,2980
1779,354975,2,255,8,357955,2980
1779,354975,2,255,9,357955,2980
1779,354975,2,255,10,357955,2980
1779,354975,2,255,11,357955,2980
1779,354975,2,255,12,357955,2980
1779,354975,2,255,13,357955,2980
1779,354975,2,255,14,357955,2980
1779,354975,2,255,15,357955,2980
1780,355175,3,255,0,358155,2980
1780,355175,3,255,1,358155,2980
1780,355175,3,255,2,358155,2980
1780,355175,3,255,4,358155,2980
1780,355175,3,255,5,358155,2980
1780,355175,3,255,6,358155,2980
1780,355175,3,255,7,358155,2980
1780,355175,3,255,8,358155,2980
1780,355175,3,255,9,358155,2980
1780,355175,3,255,10,358155,2980
1780,355175,3,255,11,358155,2980
1780,355175,3,255,12,358155,2980
1780,355175,3,255,13,358155,2980
1780,355175,3,255,14,358155,2980
1780,355175,3,255,15,358155,2980
1781,355375,4,14,14,358355,2980
1798,355785,7,3,3,358765,2980
1799,355985,8,11,11,358965,2980
1800,356185,9,255,0,359165,2980
1800,356185,9,255,1,359165,2980
1800,356185,9,255,2,359165,2980
1800,356185,9,255,3,359165,2980
1800,356185,9,255,4,359165,2980
1800,356185,9,255,5,359165,2980
1800,356185,9,255,6,359165,2980
1800,356185,9,255,7,359165,2980
1800,356185,9,255,8,359165,2980
1800,356185,9,255,10,359165,2980
1800,356185,9,255,11,359165,2980
1800,356185,9,255,12,359165,2980
1800,356185,9,255,13,359165,2980
1800,356185,9,255,14,359165,2980
1800,356185,9,255,15,359165,2980
1801,356385,10,255,0,359365,2980
1801,356385,10,255,1,359365,2980
1801,356385,10,255,2,359365,2980
1801,356385,10,255,3,359365,2980
1801,356385,10,255,4,359365,2980
1801,356385,10,255,5,359365,2980
1801,356385,10,255,6,359365,2980
1801,356385,10,255,7,359365,2980
1801,356385,10,255,8,359365,2980
1801,356385,10,255,9,359365,2980
1801,356385,10,255,11,359365,2980
1801,356385,10,255,12,359365,2980
1801,356385,10,255,13,359365,2980
1801,356385,10,255,14,359365,2980
1801,356385,10,255,15,359365,2980
1802,356785,12,13,13,359575,2790
1803,356985,13,1,1,359775,2790
1804,357185,14,6,6,359975,2790
1805,357385,15,3,3,360175,2790
1792,357585,0,14,14,360375,2790
1793,357785,1,11,11,360575,2790
1794,357985,2,1,1,360775,2790
1808,360805,2,56,-1,,
1795,358185,3,255,0,360975,2790
1795,358185,3,255,1,360975,2790
1795,358185,3,255,2,360975,2790
1795,358185,3,255,4,360975,2790
1795,358185,3,255,5,360975,2790
1795,358185,3,255,6,360975,2790
1795,358185,3,255,7,360975,2790
1795,358185,3,255,8,360975,2790
1795,358185,3,255,9,360975,2790
1795,358185,3,255,10,360975,2790
1795,358185,3,255,11,360975,2790
1795,358185,3,255,12,360975,2790
1795,358185,3,255,13,360975,2790
1795,358185,3,255,14,360975,2790
1795,358185,3,255,15,360975,2790
1796,358385,4,255,0,361175,2790
1796,358385,4,255,1,361175,2790
1796,358385,4,255,2,361175,2790
1796,358385,4,255,3,361175,2790
1796,358385,4,255,5,361175,2790
1796,358385,4,255,6,361175,2790
1796,358385,4,255,7,361175,2790
1796,358385,4,255,8,361175,2790
1796,358385,4,255,9,361175,2790
1796,358385,4,255,10,361175,2790
1796,358385,4,255,11,361175,2790
1796,358385,4,255,12,361175,2790
1796,358385,4,255,13,361175,2790
1796,358385,4,255,14,361175,2790
1796,358385,4,255,15,361175,2790
1811,358585,5,6,6,361375,2790
1812,358795,7,10,10,361585,2790
1813,358995,8,9,9,361785,2790
1814,359195,9,13,13,361985,2790
1815,359395,10,15,15,362185,2790
1816,359605,12,5,5,362395,2790
1817,359805,13,0,0,362595,2790
1818,360005,14,5,5,362795,2790
1819,360205,15,5,5,362995,2790
1806,360405,0,11,11,363195,2790
1807,360605,1,255,0,363395,2790
1807,360605,1,255,2,363395,2790
1807,360605,1,255,3,363395,2790
1807,360605,1,255,4,363395,2790
1807,360605,1,255,5,363395,2790
1807,360605,1,255,6,363395,2790
1807,360605,1,255,7,363395,2790
1807,360605,1,255,8,363395,2790
1807,360605,1,255,9,363395,2790
1807,360605,1,255,10,363395,2790
1807,360605,1,255,11,363395,2790
1807,360605,1,255,12,363395,2790
1807,360605,1,255,13,363395,2790
1807,360605,1,255,14,363395,2790
1807,360605,1,255,15,363395,2790
1809,361005,3,4,4,363795,2790
1810,361205,4,7,7,363995,2790
1824,364025,4,253,-1,,
1825,361405,5,255,0,364195,2790
1825,361405,5,255,1,364195,2790
1825,361405,5,255,2,364195,2790
1825,361405,5,255,3,364195,2790
1825,361405,5,255,4,364195,2790
1825,361405,5,255,6,364195,2790
1825,361405,5,255,7,364195,2790
1825,361405,5,255,8,364195,2790
1825,361405,5,255,9,364195,2790
1825,361405,5,255,10,364195,2790
1825,361405,5,255,11,364195,2790
1825,361405,5,255,12,364195,2790
1825,361405,5,255,13,364195,2790
1825,361405,5,255,14,364195,2790
1825,361405,5,255,15,364195,2790
1826,361615,7,1,1,364405,2790
1827,361815,8,0,0,364605,2790
1828,362015,9,15,15,364805,2790
1829,362215,10,255,0,365005,2790
1829,362215,10,255,1,365005,2790
1829,362215,10,255,2,365005,2790
1829,362215,10,255,3,365005,2790
1829,362215,10,255,4,365005,2790
1829,362215,10,255,5,365005,2790
1829,362215,10,255,6,365005,2790
1829,362215,10,255,7,365005,2790
1829,362215,10,255,8,365005,2790
1829,362215,10,255,9,365005,2790
1829,362215,10,255,11,365005,2790
1829,362215,10,255,12,365005,2790
1829,362215,10,255,13,365005,2790
1829,362215,10,255,14,365005,2790
1829,362215,10,255,15,365005,2790
1830,362425,12,255,0,365215,2790
1830,362425,12,255,1,365215,2790
1830,362425,12,255,2,365215,2790
1830,362425,12,255,3,365215,2790
1830,362425,12,255,4,365215,2790
1830,362425,12,255,5,365215,2790
1830,362425,12,255,6,365215,2790
1830,362425,12,255,7,365215,2790
1830,362425,12,255,8,365215,2790
1830,362425,12,255,9,365215,2790
1830,362425,12,255,10,365215,2790
1830,362425,12,255,11,365215,2790
1830,362425,12,255,13,365215,2790
1830,362425,12,255,14,365215,2790
1830,362425,12,255,15,365215,2790
1831,362625,13,3,3,365415,2790
1832,362825,14,9,9,365615,2790
1833,363025,15,6,6,365815,2790
1820,363225,0,11,11,366015,2790
1821,363425,1,2,2,366215,2790
1822,363625,2,15,15,366415,2790
1823,363825,3,255,0,366615,2790
1823,363825,3,255,1,366615,2790
1823,363825,3,255,2,366615,2790
1823,363825,3,255,4,366615,2790
1823,363825,3,255,5,366615,2790
1823,363825,3,255,6,366615,2790
1823,363825,3,255,7,366615,2790
1823,363825,3,255,8,366615,2790
1823,363825,3,255,9,366615,2790
1823,363825,3,255,10,366615,2790
1823,363825,3,255,11,366615,2790
1823,363825,3,255,12,366615,2790
1823,363825,3,255,13,366615,2790
1823,363825,3,255,14,366615,2790
1823,363825,3,255,15,366615,2790
1839,364225,5,15,15,367015,2790
1840,364435,7,6,6,367225,2790
1854,367255,7,238,-1,,
1841,364635,8,11,11,367425,2790
1842,364835,9,6,6,367625,2790
1843,365035,10,2,2,367825,2790
1857,367855,10,114,-1,,
1844,365245,12,255,0,368035,2790
1844,365245,12,255,1,368035,2790
1844,365245,12,255,2,368035,2790
1844,365245,12,255,3,368035,2790
1844,365245,12,255,4,368035,2790
1844,365245,12,255,5,368035,2790
1844,365245,12,255,6,368035,2790
1844,365245,12,255,7,368035,2790
1844,365245,12,255,8,368035,2790
1844,365245,12,255,9,368035,2790
1844,365245,12,255,10,368035,2790
1844,365245,12,255,11,368035,2790
1844,365245,12,255,13,368035,2790
1844,365245,12,255,14,368035,2790
1844,365245,12,255,15,368035,2790
1845,365445,13,7,7,368235,2790
1859,368265,13,163,-1,,
1846,365645,14,12,12,368435,2790
1847,365845,15,13,13,368635,2790
1834,366045,0,10,10,368835,2790
1835,366245,1,2,2,369035,2790
1836,366445,2,4,4,369235,2790
1837,366645,3,5,5,369435,2790
1838,366845,4,0,0,369635,2790
1853,367045,5,8,8,369835,2790
1868,370075,7,142,-1,,
1855,367455,8,3,3,370245,2790
1856,367655,9,7,7,370445,2790
1858,368065,12,255,0,370855,2790
1858,368065,12,255,1,370855,2790
1858,368065,12,255,2,370855,2790
1858,368065,12,255,3,370855,2790
1858,368065,12,255,4,370855,2790
1858,368065,12,255,5,370855,2790
1858,368065,12,255,6,370855,2790
1858,368065,12,255,7,370855,2790
1858,368065,12,255,8,370855,2790
1858,368065,12,255,9,370855,2790
1858,368065,12,255,10,370855,2790
1858,368065,12,255,11,370855,2790
1858,368065,12,255,13,370855,2790
1858,368065,12,255,14,370855,2790
1858,368065,12,255,15,370855,2790
1860,368465,14,255,0,371255,2790
1860,368465,14,255,1,371255,2790
1860,368465,14,255,2,371255,2790
1860,368465,14,255,3,371255,2790
1860,368465,14,255,4,371255,2790
1860,368465,14,255,5,371255,2790
1860,368465,14,255,6,371255,2790
1860,368465,14,255,7,371255,2790
1860,368465,14,255,8,371255,2790
1860,368465,14,255,9,371255,2790
1860,368465,14,255,10,371255,2790
1860,368465,14,255,11,371255,2790
1860,368465,14,255,12,371255,2790
1860,368465,14,255,13,371255,2790
1860,368465,14,255,15,371255,2790
1861,368665,15,5,5,371455,2790
1848,368865,0,11,11,371655,2790
1849,369065,1,12,12,371855,2790
1850,369265,2,14,14,372055,2790
1851,369465,3,2,2,372255,2790
1852,369665,4,6,6,372455,2790
1867,369865,5,6,6,372655,2790
1869,370275,8,15,15,373065,2790
1870,370475,9,10,10,373265,2790
1871,370675,10,4,4,373465,2790
1872,370885,12,1,1,373675,2790
1873,371085,13,9,9,373875,2790
1874,371285,14,0,0,374075,2790
1875,371485,15,11,11,374275,2790
1862,371685,0,12,12,374475,2790
1863,371885,1,15,15,374675,2790
1864,372085,2,8,8,374875,2790
1865,372285,3,4,4,375075,2790
1866,372485,4,5,5,375275,2790
1881,372685,5,9,9,375475,2790
1882,372895,7,1,1,375685,2790
1883,373095,8,15,15,375885,2790
1884,373295,9,5,5,376085,2790
1885,373495,10,14,14,376285,2790
1886,373705,12,4,4,376495,2790
1887,373905,13,6,6,376695,2790
1888,374105,14,7,7,376895,2790
1889,374305,15,4,4,377095,2790
1876,374505,0,1,1,377295,2790
1877,374705,1,3,3,377495,2790
1878,374905,2,7,7,377695,2790
1879,375105,3,2,2,377895,2790
1893,377925,3,138,-1,,
1880,375305,4,8,8,378095,2790
1895,375505,5,255,0,378295,2790
1895,375505,5,255,1,378295,2790
1895,375505,5,255,2,378295,2790
1895,375505,5,255,3,378295,2790
1895,375505,5,255,4,378295,2790
1895,375505,5,255,6,378295,2790
1895,375505,5,255,7,378295,2790
1895,375505,5,255,8,378295,2790
1895,375505,5,255,9,378295,2790
1895,375505,5,255,10,378295,2790
1895,375505,5,255,11,378295,2790
1895,375505,5,255,12,378295,2790
1895,375505,5,255,13,378295,2790
1895,375505,5,255,14,378295,2790
1895,375505,5,255,15,378295,2790
1896,375715,7,13,13,378505,2790
1897,375915,8,255,0,378705,2790
1897,375915,8,255,1,378705,2790
1897,375915,8,255,2,378705,2790
1897,375915,8,255,3,378705,2790
1897,375915,8,255,4,378705,2790
1897,375915,8,255,5,378705,2790
1897,375915,8,255,6,378705,2790
1897,375915,8,255,7,378705,2790
1897,375915,8,255,9,378705,2790
1897,375915,8,255,10,378705,2790
1897,375915,8,255,11,378705,2790
1897,375915,8,255,12,378705,2790
1897,375915,8,255,13,378705,2790
1897,375915,8,255,14,378705,2790
1897,375915,8,255,15,378705,2790
1898,376115,9,2,2,378905,2790
1899,376315,10,255,0,379105,2790
1899,376315,10,255,1,379105,2790
1899,376315,10,255,2,379105,2790
1899,376315,10,255,3,379105,2790
1899,376315,10,255,4,379105,2790
1899,376315,10,255,5,379105,2790
1899,376315,10,255,6,379105,2790
1899,376315,10,255,7,379105,2790
1899,376315,10,255,8,379105,2790
1899,376315,10,255,9,379105,2790
1899,376315,10,255,11,379105,2790
1899,376315,10,255,12,379105,2790
1899,376315,10,255,13,379105,2790
1899,376315,10,255,14,379105,2790
1899,376315,10,255,15,379105,2790
1900,376525,12,7,7,379315,2790
1901,376725,13,1,1,379515,2790
1902,376925,14,255,0,379715,2790
1902,376925,14,255,1,379715,2790
1902,376925,14,255,2,379715,2790
1902,376925,14,255,3,379715,2790
1902,376925,14,255,4,379715,2790
1902,376925,14,255,5,379715,2790
1902,376925,14,255,6,379715,2790
1902,376925,14,255,7,379715,2790
1902,376925,14,255,8,379715,2790
1902,376925,14,255,9,379715,2790
1902,376925,14,255,10,379715,2790
1902,376925,14,255,11,379715,2790
1902,376925,14,255,12,379715,2790
1902,376925,14,255,13,379715,2790
1902,376925,14,255,15,379715,2790
1903,377125,15,9,9,379915,2790
1890,377325,0,2,2,380115,2790
1891,377525,1,7,7,380315,2790
1892,377725,2,6,6,380515,2790
1894,378125,4,255,0,380915,2790
1894,378125,4,255,1,380915,2790
1894,378125,4,255,2,380915,2790
1894,378125,4,255,3,380915,2790
1894,378125,4,255,5,380915,2790
1894,378125,4,255,6,380915,2790
1894,378125,4,255,7,380915,2790
1894,378125,4,255,8,380915,2790
1894,378125,4,255,9,380915,2790
1894,378125,4,255,10,380915,2790
1894,378125,4,255,11,380915,2790
1894,378125,4,255,12,380915,2790
1894,378125,4,255,13,380915,2790
1894,378125,4,255,14,380915,2790
1894,378125,4,255,15,380915,2790
1908,378325,5,10,10,381115,2790
1909,378535,7,6,6,381325,2790
1910,378735,8,15,15,381525,2790
1911,378935,9,255,0,381725,2790
1911,378935,9,255,1,381725,2790
1911,378935,9,255,2,381725,2790
1911,378935,9,255,3,381725,2790
1911,378935,9,255,4,381725,2790
1911,378935,9,255,5,381725,2790
1911,378935,9,255,6,381725,2790
1911,378935,9,255,7,381725,2790
1911,378935,9,255,8,381725,2790
1911,378935,9,255,10,381725,2790
1911,378935,9,255,11,381725,2790
1911,378935,9,255,12,381725,2790
1911,378935,9,255,13,381725,2790
1911,378935,9,255,14,381725,2790
1911,378935,9,255,15,381725,2790
1912,379135,10,15,15,381925,2790
1913,379345,12,1,1,382135,2790
1914,379545,13,11,11,382335,2790
1927,382365,13,122,-1,,
1915,379745,14,1,1,382535,2790
1916,379945,15,14,14,382735,2790
1904,380145,0,14,14,382935,2790
1905,380345,1,6,6,383135,2790
1906,380545,2,14,14,383335,2790
1907,380945,4,12,12,383545,2600
1921,381145,5,14,14,383745,2600
1934,383775,5,183,-1,,
1922,381355,7,5,5,383955,2600
1935,383985,7,230,-1,,
1923,381555,8,1,1,384155,2600
1924,381755,9,1,1,384355,2600
1925,381955,10,255,0,384555,2600
1925,381955,10,255,1,384555,2600
1925,381955,10,255,2,384555,2600
1925,381955,10,255,3,384555,2600
1925,381955,10,255,4,384555,2600
1925,381955,10,255,5,384555,2600
1925,381955,10,255,6,384555,2600
1925,381955,10,255,7,384555,2600
1925,381955,10,255,8,384555,2600
1925,381955,10,255,9,384555,2600
1925,381955,10,255,11,384555,2600
1925,381955,10,255,12,384555,2600
1925,381955,10,255,13,384555,2600
1925,381955,10,255,14,384555,2600
1925,381955,10,255,15,384555,2600
1926,382165,12,5,5,384765,2600
1940,384995,13,195,-1,,
1928,382565,14,255,0,385165,2600
1928,382565,14,255,1,385165,2600
1928,382565,14,255,2,385165,2600
1928,382565,14,255,3,385165,2600
1928,382565,14,255,4,385165,2600
1928,382565,14,255,5,385165,2600
1928,382565,14,255,6,385165,2600
1928,382565,14,255,7,385165,2600
1928,382565,14,255,8,385165,2600
1928,382565,14,255,9,385165,2600
1928,382565,14,255,10,385165,2600
1928,382565,14,255,11,385165,2600
1928,382565,14,255,12,385165,2600
1928,382565,14,255,13,385165,2600
1928,382565,14,255,15,385165,2600
1929,382765,15,6,6,385365,2600
1917,382965,0,255,1,385565,2600
1917,382965,0,255,2,385565,2600
1917,382965,0,255,3,385565,2600
1917,382965,0,255,4,385565,2600
1917,382965,0,255,5,385565,2600
1917,382965,0,255,6,385565,2600
1917,382965,0,255,7,385565,2600
1917,382965,0,255,8,385565,2600
1917,382965,0,255,9,385565,2600
1917,382965,0,255,10,385565,2600
1917,382965,0,255,11,385565,2600
1917,382965,0,255,12,385565,2600
1917,382965,0,255,13,385565,2600
1917,382965,0,255,14,385565,2600
1917,382965,0,255,15,385565,2600
1918,383165,1,14,14,385765,2600
1919,383365,2,11,11,385965,2600
1920,383575,4,255,0,386175,2600
1920,383575,4,255,1,386175,2600
1920,383575,4,255,2,386175,2600
1920,383575,4,255,3,386175,2600
1920,383575,4,255,5,386175,2600
1920,383575,4,255,6,386175,2600
1920,383575,4,255,7,386175,2600
1920,383575,4,255,8,386175,2600
1920,383575,4,255,9,386175,2600
1920,383575,4,255,10,386175,2600
1920,383575,4,255,11,386175,2600
1920,383575,4,255,12,386175,2600
1920,383575,4,255,13,386175,2600
1920,383575,4,255,14,386175,2600
1920,383575,4,255,15,386175,2600
1933,386205,4,127,-1,,
1936,384185,8,2,2,386785,2600
1937,384385,9,15,15,386985,2600
1938,384585,10,9,9,387185,2600
1939,384795,12,255,0,387395,2600
1939,384795,12,255,1,387395,2600
1939,384795,12,255,2,387395,2600
1939,384795,12,255,3,387395,2600
1939,384795,12,255,4,387395,2600
1939,384795,12,255,5,387395,2600
1939,384795,12,255,6,387395,2600
1939,384795,12,255,7,387395,2600
1939,384795,12,255,8,387395,2600
1939,384795,12,255,9,387395,2600
1939,384795,12,255,10,387395,2600
1939,384795,12,255,11,387395,2600
1939,384795,12,255,13,387395,2600
1939,384795,12,255,14,387395,2600
1939,384795,12,255,15,387395,2600
1941,385195,14,13,13,387795,2600
1954,387825,14,163,-1,,
1942,385395,15,11,11,387995,2600
1930,385595,0,11,11,388195,2600
1931,385795,1,255,0,388395,2600
1931,385795,1,255,2,388395,2600
1931,385795,1,255,3,388395,2600
1931,385795,1,255,4,388395,2600
1931,385795,1,255,5,388395,2600
1931,385795,1,255,6,388395,2600
1931,385795,1,255,7,388395,2600
1931,385795,1,255,8,388395,2600
1931,385795,1,255,9,388395,2600
1931,385795,1,255,10,388395,2600
1931,385795,1,255,11,388395,2600
1931,385795,1,255,12,388395,2600
1931,385795,1,255,13,388395,2600
1931,385795,1,255,14,388395,2600
1931,385795,1,255,15,388395,2600
1944,388425,1,170,-1,,
1932,385995,2,5,5,388595,2600
1947,386405,5,3,3,389005,2600
1948,386615,7,10,10,389215,2600
1949,386815,8,255,0,389415,2600
1949,386815,8,255,1,389415,2600
1949,386815,8,255,2,389415,2600
1949,386815,8,255,3,389415,2600
1949,386815,8,255,4,389415,2600
1949,386815,8,255,5,389415,2600
1949,386815,8,255,6,389415,2600
1949,386815,8,255,7,389415,2600
1949,386815,8,255,9,389415,2600
1949,386815,8,255,10,389415,2600
1949,386815,8,255,11,389415,2600
1949,386815,8,255,12,389415,2600
1949,386815,8,255,13,389415,2600
1949,386815,8,255,14,389415,2600
1949,386815,8,255,15,389415,2600
1950,387015,9,13,13,389615,2600
1951,387215,10,6,6,389815,2600
1952,387425,12,15,15,390025,2600
1953,387625,13,11,11,390225,2600
1955,388025,15,255,0,390625,2600
1955,388025,15,255,1,390625,2600
1955,388025,15,255,2,390625,2600
1955,388025,15,255,3,390625,2600
1955,388025,15,255,4,390625,2600
1955,388025,15,255,5,390625,2600
1955,388025,15,255,6,390625,2600
1955,388025,15,255,7,390625,2600
1955,388025,15,255,8,390625,2600
1955,388025,15,255,9,390625,2600
1955,388025,15,255,10,390625,2600
1955,388025,15,255,11,390625,2600
1955,388025,15,255,12,390625,2600
1955,388025,15,255,13,390625,2600
1955,388025,15,255,14,390625,2600
1943,388225,0,3,3,390825,2600
1945,388625,2,1,1,391225,2600
1946,388835,4,3,3,391435,2600
1960,389035,5,8,8,391635,2600
1961,389245,7,255,0,391845,2600
1961,389245,7,255,1,391845,2600
1961,389245,7,255,2,391845,2600
1961,389245,7,255,3,391845,2600
1961,389245,7,255,4,391845,2600
1961,389245,7,255,5,391845,2600
1961,389245,7,255,6,391845,2600
1961,389245,7,255,8,391845,2600
1961,389245,7,255,9,391845,2600
1961,389245,7,255,10,391845,2600
1961,389245,7,255,11,391845,2600
1961,389245,7,255,12,391845,2600
1961,389245,7,255,13,391845,2600
1961,389245,7,255,14,391845,2600
1961,389245,7,255,15,391845,2600
1962,389445,8,0,0,392045,2600
1963,389645,9,11,11,392245,2600
1964,389845,10,4,4,392445,2600
1965,390055,12,7,7,392655,2600
1966,390255,13,0,0,392855,2600
1967,390455,14,4,4,393055,2600
1968,390655,15,2,2,393255,2600
1956,390855,0,2,2,393455,2600
1957,391055,1,7,7,393655,2600
1958,391255,2,8,8,393855,2600
1959,391465,4,11,11,394065,2600
1973,391665,5,9,9,394265,2600
1986,394295,5,127,-1,,
1974,391875,7,5,5,394475,2600
1975,392075,8,255,0,394675,2600
1975,392075,8,255,1,394675,2600
1975,392075,8,255,2,394675,2600
1975,392075,8,255,3,394675,2600
1975,392075,8,255,4,394675,2600
1975,392075,8,255,5,394675,2600
1975,392075,8,255,6,394675,2600
1975,392075,8,255,7,394675,2600
1975,392075,8,255,9,394675,2600
1975,392075,8,255,10,394675,2600
1975,392075,8,255,11,394675,2600
1975,392075,8,255,12,394675,2600
1975,392075,8,255,13,394675,2600
1975,392075,8,255,14,394675,2600
1975,392075,8,255,15,394675,2600
1988,394705,8,165,-1,,
1976,392275,9,8,8,394875,2600
1977,392475,10,9,9,395075,2600
1978,392685,12,11,11,395285,2600
1979,392885,13,2,2,395485,2600
1980,393085,14,2,2,395685,2600
1981,393285,15,5,5,395885,2600
1969,393485,0,7,7,396085,2600
1970,393685,1,6,6,396285,2600
1971,393885,2,7,7,396485,2600
1972,394095,4,7,7,396695,2600
1987,394505,7,15,15,397105,2600
1989,394905,9,11,11,397505,2600
1990,395105,10,3,3,397705,2600
1991,395315,12,6,6,397915,2600
1992,395515,13,255,0,398115,2600
1992,395515,13,255,1,398115,2600
1992,395515,13,255,2,398115,2600
1992,395515,13,255,3,398115,2600
1992,395515,13,255,4,398115,2600
1992,395515,13,255,5,398115,2600
1992,395515,13,255,6,398115,2600
1992,395515,13,255,7,398115,2600
1992,395515,13,255,8,398115,2600
1992,395515,13,255,9,398115,2600
1992,395515,13,255,10,398115,2600
1992,395515,13,255,11,398115,2600
1992,395515,13,255,12,398115,2600
1992,395515,13,255,14,398115,2600
1992,395515,13,255,15,398115,2600
1993,395715,14,13,13,398315,2600
1994,395915,15,10,10,398515,2600
1982,396115,0,6,6,398715,2600
1983,396315,1,255,0,398915,2600
1983,396315,1,255,2,398915,2600
1983,396315,1,255,3,398915,2600
1983,396315,1,255,4,398915,2600
1983,396315,1,255,5,398915,2600
1983,396315,1,255,6,398915,2600
1983,396315,1,255,7,398915,2600
1983,396315,1,255,8,398915,2600
1983,396315,1,255,9,398915,2600
1983,396315,1,255,10,398915,2600
1983,396315,1,255,11,398915,2600
1983,396315,1,255,12,398915,2600
1983,396315,1,255,13,398915,2600
1983,396315,1,255,14,398915,2600
1983,396315,1,255,15,398915,2600
1984,396515,2,5,5,399115,2600
1985,396725,4,3,3,399325,2600
1999,396925,5,8,8,399525,2600
2000,397135,7,5,5,399735,2600
2001,397335,8,5,5,399935,2600
2002,397535,9,8,8,400135,2600
2003,397735,10,15,15,400335,2600
2004,397945,12,15,15,400545,2600
2005,398145,13,10,10,400745,2600
2006,398345,14,255,0,400945,2600
2006,398345,14,255,1,400945,2600
2006,398345,14,255,2,400945,2600
2006,398345,14,255,3,400945,2600
2006,398345,14,255,4,400945,2600
2006,398345,14,255,5,400945,2600
2006,398345,14,255,6,400945,2600
2006,398345,14,255,7,400945,2600
2006,398345,14,255,8,400945,2600
2006,398345,14,255,9,400945,2600
2006,398345,14,255,10,400945,2600
2006,398345,14,255,11,400945,2600
2006,398345,14,255,12,400945,2600
2006,398345,14,255,13,400945,2600
2006,398345,14,255,15,400945,2600
1995,398745,0,14,14,401155,2410
1996,398945,1,14,14,401355,2410
2008,401385,1,121,-1,,
1997,399145,2,8,8,401555,2410
1998,399355,4,0,0,401765,2410
2011,399555,5,8,8,401965,2410
2012,399765,7,2,2,402175,2410
2013,399965,8,5,5,402375,2410
2014,400165,9,1,1,402575,2410
2015,400365,10,4,4,402775,2410
2016,400575,12,255,0,402985,2410
2016,400575,12,255,1,402985,2410
2016,400575,12,255,2,402985,2410
2016,400575,12,255,3,402985,2410
2016,400575,12,255,4,402985,2410
2016,400575,12,255,5,402985,2410
2016,400575,12,255,6,402985,2410
2016,400575,12,255,7,402985,2410
2016,400575,12,255,8,402985,2410
2016,400575,12,255,9,402985,2410
2016,400575,12,255,10,402985,2410
2016,400575,12,255,11,402985,2410
2016,400575,12,255,13,402985,2410
2016,400575,12,255,14,402985,2410
2016,400575,12,255,15,402985,2410
2017,400775,13,10,10,403185,2410
2018,400975,14,255,0,403385,2410
2018,400975,14,255,1,403385,2410
2018,400975,14,255,2,403385,2410
2018,400975,14,255,3,403385,2410
2018,400975,14,255,4,403385,2410
2018,400975,14,255,5,403385,2410
2018,400975,14,255,6,403385,2410
2018,400975,14,255,7,403385,2410
2018,400975,14,255,8,403385,2410
2018,400975,14,255,9,403385,2410
2018,400975,14,255,10,403385,2410
2018,400975,14,255,11,403385,2410
2018,400975,14,255,12,403385,2410
2018,400975,14,255,13,403385,2410
2018,400975,14,255,15,403385,2410
2007,401185,0,2,2,403595,2410
2009,401585,2,5,5,403995,2410
2010,401795,4,2,2,404205,2410
2023,401995,5,9,9,404405,2410
2024,402205,7,5,5,404615,2410
2025,402405,8,7,7,404815,2410
2026,402605,9,10,10,405015,2410
2027,402805,10,15,15,405215,2410
2028,403015,12,9,9,405425,2410
2029,403215,13,1,1,405625,2410
2030,403415,14,5,5,405825,2410
2019,403625,0,7,7,406035,2410
2020,403825,1,15,15,406235,2410
2032,406265,1,180,-1,,
2021,404025,2,5,5,406435,2410
2022,404235,4,8,8,406645,2410
2035,404435,5,13,13,406845,2410
2036,404645,7,2,2,407055,2410
2037,404845,8,1,1,407255,2410
2038,405045,9,3,3,407455,2410
2039,405245,10,3,3,407655,2410
2040,405455,12,7,7,407865,2410
2041,405655,13,1,1,408065,2410
2042,405855,14,13,13,408265,2410
2031,406065,0,3,3,408475,2410
2033,406465,2,8,8,408875,2410
2034,406675,4,15,15,409085,2410
2047,406875,5,8,8,409285,2410
2059,409315,5,166,-1,,
2048,407085,7,6,6,409495,2410
2049,407285,8,12,12,409695,2410
2050,407485,9,4,4,409895,2410
2051,407685,10,255,0,410095,2410
2051,407685,10,255,1,410095,2410
2051,407685,10,255,2,410095,2410
2051,407685,10,255,3,410095,2410
2051,407685,10,255,4,410095,2410
2051,407685,10,255,5,410095,2410
2051,407685,10,255,6,410095,2410
2051,407685,10,255,7,410095,2410
2051,407685,10,255,8,410095,2410
2051,407685,10,255,9,410095,2410
2051,407685,10,255,11,410095,2410
2051,407685,10,255,12,410095,2410
2051,407685,10,255,13,410095,2410
2051,407685,10,255,14,410095,2410
2051,407685,10,255,15,410095,2410
2063,410125,10,37,-1,,
2052,407895,12,4,4,410305,2410
2053,408095,13,4,4,410505,2410
2054,408295,14,4,4,410705,2410
2043,408505,0,13,13,410915,2410
2044,408705,1,7,7,411115,2410
2045,408905,2,12,12,411315,2410
2046,409115,4,1,1,411525,2410
2060,409525,7,2,2,411935,2410
2061,409725,8,9,9,412135,2410
2062,409925,9,12,12,412335,2410
2075,412565,10,50,-1,,
2064,410335,12,2,2,412745,2410
2065,410535,13,255,0,412945,2410
2065,410535,13,255,1,412945,2410
2065,410535,13,255,2,412945,2410
2065,410535,13,255,3,412945,2410
2065,410535,13,255,4,412945,2410
2065,410535,13,255,5,412945,2410
2065,410535,13,255,6,412945,2410
2065,410535,13,255,7,412945,2410
2065,410535,13,255,8,412945,2410
2065,410535,13,255,9,412945,2410
2065,410535,13,255,10,412945,2410
2065,410535,13,255,11,412945,2410
2065,410535,13,255,12,412945,2410
2065,410535,13,255,14,412945,2410
2065,410535,13,255,15,412945,2410
2077,412975,13,177,-1,,
2066,410735,14,5,5,413145,2410
2055,410945,0,8,8,413355,2410
2056,411145,1,11,11,413555,2410
2057,411345,2,12,12,413755,2410
2058,411555,4,9,9,413965,2410
2071,411755,5,2,2,414165,2410
2072,411965,7,12,12,414375,2410
2073,412165,8,6,6,414575,2410
2085,414605,8,238,-1,,
2074,412365,9,2,2,414775,2410
2076,412775,12,10,10,415185,2410
2078,413175,14,4,4,415585,2410
2067,413385,0,255,1,415795,2410
2067,413385,0,255,2,415795,2410
2067,413385,0,255,3,415795,2410
2067,413385,0,255,4,415795,2410
2067,413385,0,255,5,415795,2410
2067,413385,0,255,6,415795,2410
2067,413385,0,255,7,415795,2410
2067,413385,0,255,8,415795,2410
2067,413385,0,255,9,415795,2410
2067,413385,0,255,10,415795,2410
2067,413385,0,255,11,415795,2410
2067,413385,0,255,12,415795,2410
2067,413385,0,255,13,415795,2410
2067,413385,0,255,14,415795,2410
2067,413385,0,255,15,415795,2410
2068,413585,1,8,8,415995,2410
2069,413785,2,7,7,416195,2410
2070,413995,4,2,2,416405,2410
2083,414195,5,4,4,416605,2410
2084,414405,7,255,0,416815,2410
2084,414405,7,255,1,416815,2410
2084,414405,7,255,2,416815,2410
2084,414405,7,255,3,416815,2410
2084,414405,7,255,4,416815,2410
2084,414405,7,255,5,416815,2410
2084,414405,7,255,6,416815,2410
2084,414405,7,255,8,416815,2410
2084,414405,7,255,9,416815,2410
2084,414405,7,255,10,416815,2410
2084,414405,7,255,11,416815,2410
2084,414405,7,255,12,416815,2410
2084,414405,7,255,13,416815,2410
2084,414405,7,255,14,416815,2410
2084,414405,7,255,15,416815,2410
2086,414805,9,2,2,417215,2410
2087,415005,10,4,4,417415,2410
2088,415215,12,6,6,417625,2410
2100,417655,12,153,-1,,
2089,415415,13,7,7,417825,2410
2090,415615,14,8,8,418025,2410
2079,415825,0,11,11,418235,2410
2080,416025,1,10,10,418435,2410
2081,416225,2,0,0,418635,2410
2082,416435,4,1,1,418845,2410
2095,416635,5,15,15,419045,2410
2096,416845,7,14,14,419255,2410
2097,417045,8,9,9,419455,2410
2098,417245,9,14,14,419655,2410
2099,417445,10,9,9,419855,2410
2101,417855,13,8,8,420265,2410
2113,420295,13,140,-1,,
2102,418055,14,6,6,420465,2410
2091,418265,0,13,13,420675,2410
2103,420705,0,242,-1,,
2092,418465,1,6,6,420875,2410
2093,418665,2,15,15,421075,2410
2094,418875,4,10,10,421285,2410
2107,419075,5,2,2,421485,2410
2108,419285,7,10,10,421695,2410
2109,419485,8,255,0,421895,2410
2109,419485,8,255,1,421895,2410
2109,419485,8,255,2,421895,2410
2109,419485,8,255,3,421895,2410
2109,419485,8,255,4,421895,2410
2109,419485,8,255,5,421895,2410
2109,419485,8,255,6,421895,2410
2109,419485,8,255,7,421895,2410
2109,419485,8,255,9,421895,2410
2109,419485,8,255,10,421895,2410
2109,419485,8,255,11,421895,2410
2109,419485,8,255,12,421895,2410
2109,419485,8,255,13,421895,2410
2109,419485,8,255,14,421895,2410
2109,419485,8,255,15,421895,2410
2110,419685,9,4,4,422095,2410
2111,419885,10,5,5,422295,2410
2112,420095,12,7,7,422505,2410
2114,420495,14,7,7,422905,2410
2104,420905,1,8,8,423315,2410
2105,421105,2,7,7,423515,2410
2106,421315,4,10,10,423725,2410
2119,421515,5,10,10,423925,2410
2120,421725,7,3,3,424135,2410
2121,421925,8,255,0,424335,2410
2121,421925,8,255,1,424335,2410
2121,421925,8,255,2,424335,2410
2121,421925,8,255,3,424335,2410
2121,421925,8,255,4,424335,2410
2121,421925,8,255,5,424335,2410
2121,421925,8,255,6,424335,2410
2121,421925,8,255,7,424335,2410
2121,421925,8,255,9,424335,2410
2121,421925,8,255,10,424335,2410
2121,421925,8,255,11,424335,2410
2121,421925,8,255,12,424335,2410
2121,421925,8,255,13,424335,2410
2121,421925,8,255,14,424335,2410
2121,421925,8,255,15,424335,2410
2122,422125,9,3,3,424535,2410
2123,422325,10,7,7,424735,2410
2124,422535,12,255,0,424945,2410
2124,422535,12,255,1,424945,2410
2124,422535,12,255,2,424945,2410
2124,422535,12,255,3,424945,2410
2124,422535,12,255,4,424945,2410
2124,422535,12,255,5,424945,2410
2124,422535,12,255,6,424945,2410
2124,422535,12,255,7,424945,2410
2124,422535,12,255,8,424945,2410
2124,422535,12,255,9,424945,2410
2124,422535,12,255,10,424945,2410
2124,422535,12,255,11,424945,2410
2124,422535,12,255,13,424945,2410
2124,422535,12,255,14,424945,2410
2124,422535,12,255,15,424945,2410
2125,422735,13,12,12,425145,2410
2126,422935,14,11,11,425345,2410
2138,425375,14,22,-1,,
2115,423145,0,15,15,425555,2410
2116,423345,1,4,4,425755,2410
2117,423545,2,11,11,425955,2410
2118,423755,4,8,8,426165,2410
2131,423955,5,1,1,426365,2410
2132,424165,7,10,10,426575,2410
2133,424365,8,15,15,426775,2410
2134,424565,9,5,5,426975,2410
2135,424765,10,15,15,427175,2410
2136,424975,12,8,8,427385,2410
2137,425175,13,9,9,427585,2410
2149,427615,13,62,-1,,
2127,425585,0,9,9,427995,2410
2128,425785,1,4,4,428195,2410
2129,425985,2,10,10,428395,2410
2130,426195,4,14,14,428605,2410
2142,428635,4,180,-1,,
2143,426395,5,6,6,428805,2410
2144,426605,7,255,0,429015,2410
2144,426605,7,255,1,429015,2410
2144,426605,7,255,2,429015,2410
2144,426605,7,255,3,429015,2410
2144,426605,7,255,4,429015,2410
2144,426605,7,255,5,429015,2410
2144,426605,7,255,6,429015,2410
2144,426605,7,255,8,429015,2410
2144,426605,7,255,9,429015,2410
2144,426605,7,255,10,429015,2410
2144,426605,7,255,11,429015,2410
2144,426605,7,255,12,429015,2410
2144,426605,7,255,13,429015,2410
2144,426605,7,255,14,429015,2410
2144,426605,7,255,15,429015,2410
2145,426805,8,7,7,429215,2410
2146,427005,9,255,0,429415,2410
2146,427005,9,255,1,429415,2410
2146,427005,9,255,2,429415,2410
2146,427005,9,255,3,429415,2410
2146,427005,9,255,4,429415,2410
2146,427005,9,255,5,429415,2410
2146,427005,9,255,6,429415,2410
2146,427005,9,255,7,429415,2410
2146,427005,9,255,8,429415,2410
2146,427005,9,255,10,429415,2410
2146,427005,9,255,11,429415,2410
2146,427005,9,255,12,429415,2410
2146,427005,9,255,13,429415,2410
2146,427005,9,255,14,429415,2410
2146,427005,9,255,15,429415,2410
2147,427205,10,5,5,429615,2410
2148,427415,12,11,11,429825,2410
2150,427815,14,15,15,430225,2410
2139,428025,0,4,4,430435,2410
2140,428225,1,2,2,430635,2410
2141,428425,2,255,0,430835,2410
2141,428425,2,255,1,430835,2410
2141,428425,2,255,3,430835,2410
2141,428425,2,255,4,430835,2410
2141,428425,2,255,5,430835,2410
2141,428425,2,255,6,430835,2410
2141,428425,2,255,7,430835,2410
2141,428425,2,255,8,430835,2410
2141,428425,2,255,9,430835,2410
2141,428425,2,255,10,430835,2410
2141,428425,2,255,11,430835,2410
2141,428425,2,255,12,430835,2410
2141,428425,2,255,13,430835,2410
2141,428425,2,255,14,430835,2410
2141,428425,2,255,15,430835,2410
2155,428835,5,6,6,431245,2410
2156,429045,7,10,10,431455,2410
2157,429245,8,15,15,431655,2410
2158,429445,9,0,0,431855,2410
2159,429645,10,3,3,432055,2410
2160,429855,12,255,0,432265,2410
2160,429855,12,255,1,432265,2410
2160,429855,12,255,2,432265,2410
2160,429855,12,255,3,432265,2410
2160,429855,12,255,4,432265,2410
2160,429855,12,255,5,432265,2410
2160,429855,12,255,6,432265,2410
2160,429855,12,255,7,432265,2410
2160,429855,12,255,8,432265,2410
2160,429855,12,255,9,432265,2410
2160,429855,12,255,10,432265,2410
2160,429855,12,255,11,432265,2410
2160,429855,12,255,13,432265,2410
2160,429855,12,255,14,432265,2410
2160,429855,12,255,15,432265,2410
2161,430055,13,255,0,432465,2410
2161,430055,13,255,1,432465,2410
2161,430055,13,255,2,432465,2410
2161,430055,13,255,3,432465,2410
2161,430055,13,255,4,432465,2410
2161,430055,13,255,5,432465,2410
2161,430055,13,255,6,432465,2410
2161,430055,13,255,7,432465,2410
2161,430055,13,255,8,432465,2410
2161,430055,13,255,9,432465,2410
2161,430055,13,255,10,432465,2410
2161,430055,13,255,11,432465,2410
2161,430055,13,255,12,432465,2410
2161,430055,13,255,14,432465,2410
2161,430055,13,255,15,432465,2410
2162,430255,14,10,10,432665,2410
2151,430465,0,8,8,432875,2410
2152,430665,1,11,11,433075,2410
2153,430865,2,0,0,433275,2410
2165,433305,2,38,-1,,
2154,431075,4,255,0,433485,2410
2154,431075,4,255,1,433485,2410
2154,431075,4,255,2,433485,2410
2154,431075,4,255,3,433485,2410
2154,431075,4,255,5,433485,2410
2154,431075,4,255,6,433485,2410
2154,431075,4,255,7,433485,2410
2154,431075,4,255,8,433485,2410
2154,431075,4,255,9,433485,2410
2154,431075,4,255,10,433485,2410
2154,431075,4,255,11,433485,2410
2154,431075,4,255,12,433485,2410
2154,431075,4,255,13,433485,2410
2154,431075,4,255,14,433485,2410
2154,431075,4,255,15,433485,2410
2167,431275,5,11,11,433685,2410
2168,431485,7,11,11,433895,2410
2169,431685,8,14,14,434095,2410
2170,431885,9,5,5,434295,2410
2171,432085,10,8,8,434495,2410
2172,432295,12,0,0,434705,2410
2173,432495,13,15,15,434905,2410
2174,432695,14,3,3,435105,2410
2186,435135,14,253,-1,,
2163,432905,0,2,2,435315,2410
2164,433105,1,14,14,435515,2410
2177,435745,2,166,-1,,
2166,433515,4,5,5,435925,2410
2179,433715,5,13,13,436125,2410
2180,433925,7,14,14,436335,2410
2192,436365,7,150,-1,,
2181,434125,8,255,0,436535,2410
2181,434125,8,255,1,436535,2410
2181,434125,8,255,2,436535,2410
2181,434125,8,255,3,436535,2410
2181,434125,8,255,4,436535,2410
2181,434125,8,255,5,436535,2410
2181,434125,8,255,6,436535,2410
2181,434125,8,255,7,436535,2410
2181,434125,8,255,9,436535,2410
2181,434125,8,255,10,436535,2410
2181,434125,8,255,11,436535,2410
2181,434125,8,255,12,436535,2410
2181,434125,8,255,13,436535,2410
2181,434125,8,255,14,436535,2410
2181,434125,8,255,15,436535,2410
2182,434325,9,5,5,436735,2410
2183,434525,10,6,6,436935,2410
2184,434735,12,255,0,437145,2410
2184,434735,12,255,1,437145,2410
2184,434735,12,255,2,437145,2410
2184,434735,12,255,3,437145,2410
2184,434735,12,255,4,437145,2410
2184,434735,12,255,5,437145,2410
2184,434735,12,255,6,437145,2410
2184,434735,12,255,7,437145,2410
2184,434735,12,255,8,437145,2410
2184,434735,12,255,9,437145,2410
2184,434735,12,255,10,437145,2410
2184,434735,12,255,11,437145,2410
2184,434735,12,255,13,437145,2410
2184,434735,12,255,14,437145,2410
2184,434735,12,255,15,437145,2410
2185,434935,13,9,9,437345,2410
2175,435345,0,14,14,437755,2410
2176,435545,1,3,3,437955,2410
2188,437985,1,49,-1,,
2178,435955,4,255,0,438365,2410
2178,435955,4,255,1,438365,2410
2178,435955,4,255,2,438365,2410
2178,435955,4,255,3,438365,2410
2178,435955,4,255,5,438365,2410
2178,435955,4,255,6,438365,2410
2178,435955,4,255,7,438365,2410
2178,435955,4,255,8,438365,2410
2178,435955,4,255,9,438365,2410
2178,435955,4,255,10,438365,2410
2178,435955,4,255,11,438365,2410
2178,435955,4,255,12,438365,2410
2178,435955,4,255,13,438365,2410
2178,435955,4,255,14,438365,2410
2178,435955,4,255,15,438365,2410
2191,436155,5,255,0,438565,2410
2191,436155,5,255,1,438565,2410
2191,436155,5,255,2,438565,2410
2191,436155,5,255,3,438565,2410
2191,436155,5,255,4,438565,2410
2191,436155,5,255,6,438565,2410
2191,436155,5,255,7,438565,2410
2191,436155,5,255,8,438565,2410
2191,436155,5,255,9,438565,2410
2191,436155,5,255,10,438565,2410
2191,436155,5,255,11,438565,2410
2191,436155,5,255,12,438565,2410
2191,436155,5,255,13,438565,2410
2191,436155,5,255,14,438565,2410
2191,436155,5,255,15,438565,2410
2193,436565,8,2,2,438975,2410
2194,436765,9,2,2,439175,2410
2195,436965,10,15,15,439375,2410
2196,437175,12,11,11,439585,2410
2197,437375,13,14,14,439785,2410
2198,437575,14,1,1,439985,2410
2187,437785,0,2,2,440195,2410
2189,438185,2,11,11,440595,2410
2190,438395,4,15,15,440805,2410
2203,438595,5,3,3,441005,2410
2204,438805,7,5,5,441215,2410
2205,439205,9,1,1,441425,2220
2206,439405,10,5,5,441625,2220
2207,439615,12,0,0,441835,2220
2208,439815,13,8,8,442035,2220
2209,440015,14,1,1,442235,2220
2220,442265,14,82,-1,,
2199,440225,0,255,1,442445,2220
2199,440225,0,255,2,442445,2220
2199,440225,0,255,3,442445,2220
2199,440225,0,255,4,442445,2220
2199,440225,0,255,5,442445,2220
2199,440225,0,255,6,442445,2220
2199,440225,0,255,7,442445,2220
2199,440225,0,255,8,442445,2220
2199,440225,0,255,9,442445,2220
2199,440225,0,255,10,442445,2220
2199,440225,0,255,11,442445,2220
2199,440225,0,255,12,442445,2220
2199,440225,0,255,13,442445,2220
2199,440225,0,255,14,442445,2220
2199,440225,0,255,15,442445,2220
2200,440425,1,14,14,442645,2220
2201,440625,2,7,7,442845,2220
2202,440835,4,5,5,443055,2220
2213,443085,4,69,-1,,
2214,441035,5,10,10,443255,2220
2215,441245,7,1,1,443465,2220
2216,441455,9,6,6,443675,2220
2217,441655,10,255,0,443875,2220
2217,441655,10,255,1,443875,2220
2217,441655,10,255,2,443875,2220
2217,441655,10,255,3,443875,2220
2217,441655,10,255,4,443875,2220
2217,441655,10,255,5,443875,2220
2217,441655,10,255,6,443875,2220
2217,441655,10,255,7,443875,2220
2217,441655,10,255,8,443875,2220
2217,441655,10,255,9,443875,2220
2217,441655,10,255,11,443875,2220
2217,441655,10,255,12,443875,2220
2217,441655,10,255,13,443875,2220
2217,441655,10,255,14,443875,2220
2217,441655,10,255,15,443875,2220
2218,441865,12,8,8,444085,2220
2229,444115,12,109,-1,,
2219,442065,13,8,8,444285,2220
2210,442475,0,4,4,444695,2220
2221,444725,0,228,-1,,
2211,442675,1,14,14,444895,2220
2212,442875,2,11,11,445095,2220
2225,443285,5,6,6,445505,2220
2226,443495,7,2,2,445715,2220
2227,443705,9,0,0,445925,2220
2228,443905,10,4,4,446125,2220
2230,444315,13,8,8,446535,2220
2231,444515,14,6,6,446735,2220
2222,444925,1,15,15,447145,2220
2223,445125,2,3,3,447345,2220
2224,445335,4,13,13,447555,2220
2235,447585,4,210,-1,,
2236,445535,5,1,1,447755,2220
2237,445745,7,8,8,447965,2220
2238,445955,9,13,13,448175,2220
2239,446155,10,9,9,448375,2220
2240,446365,12,2,2,448585,2220
2241,446565,13,3,3,448785,2220
2242,446765,14,12,12,448985,2220
2232,446975,0,4,4,449195,2220
2233,447175,1,5,5,449395,2220
2234,447375,2,13,13,449595,2220
2247,447785,5,11,11,450005,2220
2248,447995,7,9,9,450215,2220
2249,448205,9,14,14,450425,2220
2250,448405,10,12,12,450625,2220
2251,448615,12,0,0,450835,2220
2252,448815,13,1,1,451035,2220
2253,449015,14,5,5,451235,2220
2243,449225,0,4,4,451445,2220
2244,449425,1,14,14,451645,2220
2245,449625,2,0,0,451845,2220
2246,449835,4,5,5,452055,2220
2258,450035,5,255,0,452255,2220
2258,450035,5,255,1,452255,2220
2258,450035,5,255,2,452255,2220
2258,450035,5,255,3,452255,2220
2258,450035,5,255,4,452255,2220
2258,450035,5,255,6,452255,2220
2258,450035,5,255,7,452255,2220
2258,450035,5,255,8,452255,2220
2258,450035,5,255,9,452255,2220
2258,450035,5,255,10,452255,2220
2258,450035,5,255,11,452255,2220
2258,450035,5,255,12,452255,2220
2258,450035,5,255,13,452255,2220
2258,450035,5,255,14,452255,2220
2258,450035,5,255,15,452255,2220
2259,450245,7,5,5,452465,2220
2260,450455,9,15,15,452675,2220
2261,450655,10,12,12,452875,2220
2262,450865,12,6,6,453085,2220
2273,453115,12,53,-1,,
2263,451065,13,14,14,453285,2220
2264,451265,14,11,11,453485,2220
2254,451475,0,8,8,453695,2220
2255,451675,1,15,15,453895,2220
2256,451875,2,5,5,454095,2220
2257,452085,4,8,8,454305,2220
2269,452285,5,7,7,454505,2220
2270,452495,7,6,6,454715,2220
2271,452705,9,3,3,454925,2220
2272,452905,10,8,8,455125,2220
2274,453315,13,15,15,455535,2220
2285,455565,13,93,-1,,
2275,453515,14,4,4,455735,2220
2265,453725,0,14,14,455945,2220
2266,453925,1,255,0,456145,2220
2266,453925,1,255,2,456145,2220
2266,453925,1,255,3,456145,2220
2266,453925,1,255,4,456145,2220
2266,453925,1,255,5,456145,2220
2266,453925,1,255,6,456145,2220
2266,453925,1,255,7,456145,2220
2266,453925,1,255,8,456145,2220
2266,453925,1,255,9,456145,2220
2266,453925,1,255,10,456145,2220
2266,453925,1,255,11,456145,2220
2266,453925,1,255,12,456145,2220
2266,453925,1,255,13,456145,2220
2266,453925,1,255,14,456145,2220
2266,453925,1,255,15,456145,2220
2267,454125,2,15,15,456345,2220
2268,454335,4,1,1,456555,2220
2280,454535,5,11,11,456755,2220
2281,454745,7,3,3,456965,2220
2282,454955,9,12,12,457175,2220
2283,455155,10,9,9,457375,2220
2284,455365,12,10,10,457585,2220
2286,455765,14,11,11,457985,2220
2276,455975,0,8,8,458195,2220
2277,456175,1,10,10,458395,2220
2278,456375,2,9,9,458595,2220
2279,456585,4,0,0,458805,2220
2291,456785,5,0,0,459005,2220
2292,456995,7,12,12,459215,2220
2293,457205,9,255,0,459425,2220
2293,457205,9,255,1,459425,2220
2293,457205,9,255,2,459425,2220
2293,457205,9,255,3,459425,2220
2293,457205,9,255,4,459425,2220
2293,457205,9,255,5,459425,2220
2293,457205,9,255,6,459425,2220
2293,457205,9,255,7,459425,2220
2293,457205,9,255,8,459425,2220
2293,457205,9,255,10,459425,2220
2293,457205,9,255,11,459425,2220
2293,457205,9,255,12,459425,2220
2293,457205,9,255,13,459425,2220
2293,457205,9,255,14,459425,2220
2293,457205,9,255,15,459425,2220
2294,457405,10,8,8,459625,2220
2295,457615,12,15,15,459835,2220
2296,457815,13,10,10,460035,2220
2297,458015,14,11,11,460235,2220
2287,458225,0,1,1,460445,2220
2288,458425,1,255,0,460645,2220
2288,458425,1,255,2,460645,2220
2288,458425,1,255,3,460645,2220
2288,458425,1,255,4,460645,2220
2288,458425,1,255,5,460645,2220
2288,458425,1,255,6,460645,2220
2288,458425,1,255,7,460645,2220
2288,458425,1,255,8,460645,2220
2288,458425,1,255,9,460645,2220
2288,458425,1,255,10,460645,2220
2288,458425,1,255,11,460645,2220
2288,458425,1,255,12,460645,2220
2288,458425,1,255,13,460645,2220
2288,458425,1,255,14,460645,2220
2288,458425,1,255,15,460645,2220
2289,458625,2,8,8,460845,2220
2290,458835,4,5,5,461055,2220
2302,459035,5,9,9,461255,2220
2303,459245,7,6,6,461465,2220
2304,459455,9,255,0,461675,2220
2304,459455,9,255,1,461675,2220
2304,459455,9,255,2,461675,2220
2304,459455,9,255,3,461675,2220
2304,459455,9,255,4,461675,2220
2304,459455,9,255,5,461675,2220
2304,459455,9,255,6,461675,2220
2304,459455,9,255,7,461675,2220
2304,459455,9,255,8,461675,2220
2304,459455,9,255,10,461675,2220
2304,459455,9,255,11,461675,2220
2304,459455,9,255,12,461675,2220
2304,459455,9,255,13,461675,2220
2304,459455,9,255,14,461675,2220
2304,459455,9,255,15,461675,2220
2305,459655,10,8,8,461875,2220
2306,459865,12,0,0,462085,2220
2307,460065,13,0,0,462285,2220
2308,460265,14,255,0,462485,2220
2308,460265,14,255,1,462485,2220
2308,460265,14,255,2,462485,2220
2308,460265,14,255,3,462485,2220
2308,460265,14,255,4,462485,2220
2308,460265,14,255,5,462485,2220
2308,460265,14,255,6,462485,2220
2308,460265,14,255,7,462485,2220
2308,460265,14,255,8,462485,2220
2308,460265,14,255,9,462485,2220
2308,460265,14,255,10,462485,2220
2308,460265,14,255,11,462485,2220
2308,460265,14,255,12,462485,2220
2308,460265,14,255,13,462485,2220
2308,460265,14,255,15,462485,2220
2319,462515,14,56,-1,,
2298,460475,0,12,12,462695,2220
2299,460675,1,9,9,462895,2220
2300,460875,2,4,4,463095,2220
2301,461085,4,255,0,463305,2220
2301,461085,4,255,1,463305,2220
2301,461085,4,255,2,463305,2220
2301,461085,4,255,3,463305,2220
2301,461085,4,255,5,463305,2220
2301,461085,4,255,6,463305,2220
2301,461085,4,255,7,463305,2220
2301,461085,4,255,8,463305,2220
2301,461085,4,255,9,463305,2220
2301,461085,4,255,10,463305,2220
2301,461085,4,255,11,463305,2220
2301,461085,4,255,12,463305,2220
2301,461085,4,255,13,463305,2220
2301,461085,4,255,14,463305,2220
2301,461085,4,255,15,463305,2220
2313,461285,5,7,7,463505,2220
2314,461495,7,3,3,463715,2220
2315,461705,9,255,0,463925,2220
2315,461705,9,255,1,463925,2220
2315,461705,9,255,2,463925,2220
2315,461705,9,255,3,463925,2220
2315,461705,9,255,4,463925,2220
2315,461705,9,255,5,463925,2220
2315,461705,9,255,6,463925,2220
2315,461705,9,255,7,463925,2220
2315,461705,9,255,8,463925,2220
2315,461705,9,255,10,463925,2220
2315,461705,9,255,11,463925,2220
2315,461705,9,255,12,463925,2220
2315,461705,9,255,13,463925,2220
2315,461705,9,255,14,463925,2220
2315,461705,9,255,15,463925,2220
2316,461905,10,12,12,464125,2220
2317,462115,12,9,9,464335,2220
2318,462315,13,255,0,464535,2220
2318,462315,13,255,1,464535,2220
2318,462315,13,255,2,464535,2220
2318,462315,13,255,3,464535,2220
2318,462315,13,255,4,464535,2220
2318,462315,13,255,5,464535,2220
2318,462315,13,255,6,464535,2220
2318,462315,13,255,7,464535,2220
2318,462315,13,255,8,464535,2220
2318,462315,13,255,9,464535,2220
2318,462315,13,255,10,464535,2220
2318,462315,13,255,11,464535,2220
2318,462315,13,255,12,464535,2220
2318,462315,13,255,14,464535,2220
2318,462315,13,255,15,464535,2220
2309,462725,0,5,5,464945,2220
2310,462925,1,15,15,465145,2220
2311,463125,2,10,10,465345,2220
2312,463335,4,255,0,465555,2220
2312,463335,4,255,1,465555,2220
2312,463335,4,255,2,465555,2220
2312,463335,4,255,3,465555,2220
2312,463335,4,255,5,465555,2220
2312,463335,4,255,6,465555,2220
2312,463335,4,255,7,465555,2220
2312,463335,4,255,8,465555,2220
2312,463335,4,255,9,465555,2220
2312,463335,4,255,10,465555,2220
2312,463335,4,255,11,465555,2220
2312,463335,4,255,12,465555,2220
2312,463335,4,255,13,465555,2220
2312,463335,4,255,14,465555,2220
2312,463335,4,255,15,465555,2220
2324,463535,5,1,1,465755,2220
2325,463745,7,10,10,465965,2220
2326,463955,9,7,7,466175,2220
2327,464155,10,255,0,466375,2220
2327,464155,10,255,1,466375,2220
2327,464155,10,255,2,466375,2220
2327,464155,10,255,3,466375,2220
2327,464155,10,255,4,466375,2220
2327,464155,10,255,5,466375,2220
2327,464155,10,255,6,466375,2220
2327,464155,10,255,7,466375,2220
2327,464155,10,255,8,466375,2220
2327,464155,10,255,9,466375,2220
2327,464155,10,255,11,466375,2220
2327,464155,10,255,12,466375,2220
2327,464155,10,255,13,466375,2220
2327,464155,10,255,14,466375,2220
2327,464155,10,255,15,466375,2220
2338,466405,10,164,-1,,
2328,464365,12,4,4,466585,2220
2339,466615,12,190,-1,,
2329,464565,13,1,1,466785,2220
2330,464765,14,7,7,466985,2220
2320,464975,0,13,13,467195,2220
2321,465175,1,255,0,467395,2220
2321,465175,1,255,2,467395,2220
2321,465175,1,255,3,467395,2220
2321,465175,1,255,4,467395,2220
2321,465175,1,255,5,467395,2220
2321,465175,1,255,6,467395,2220
2321,465175,1,255,7,467395,2220
2321,465175,1,255,8,467395,2220
2321,465175,1,255,9,467395,2220
2321,465175,1,255,10,467395,2220
2321,465175,1,255,11,467395,2220
2321,465175,1,255,12,467395,2220
2321,465175,1,255,13,467395,2220
2321,465175,1,255,14,467395,2220
2321,465175,1,255,15,467395,2220
2322,465375,2,0,0,467595,2220
2323,465585,4,255,0,467805,2220
2323,465585,4,255,1,467805,2220
2323,465585,4,255,2,467805,2220
2323,465585,4,255,3,467805,2220
2323,465585,4,255,5,467805,2220
2323,465585,4,255,6,467805,2220
2323,465585,4,255,7,467805,2220
2323,465585,4,255,8,467805,2220
2323,465585,4,255,9,467805,2220
2323,465585,4,255,10,467805,2220
2323,465585,4,255,11,467805,2220
2323,465585,4,255,12,467805,2220
2323,465585,4,255,13,467805,2220
2323,465585,4,255,14,467805,2220
2323,465585,4,255,15,467805,2220
2335,465785,5,13,13,468005,2220
2336,465995,7,5,5,468215,2220
2337,466205,9,255,0,468425,2220
2337,466205,9,255,1,468425,2220
2337,466205,9,255,2,468425,2220
2337,466205,9,255,3,468425,2220
2337,466205,9,255,4,468425,2220
2337,466205,9,255,5,468425,2220
2337,466205,9,255,6,468425,2220
2337,466205,9,255,7,468425,2220
2337,466205,9,255,8,468425,2220
2337,466205,9,255,10,468425,2220
2337,466205,9,255,11,468425,2220
2337,466205,9,255,12,468425,2220
2337,466205,9,255,13,468425,2220
2337,466205,9,255,14,468425,2220
2337,466205,9,255,15,468425,2220
2340,466815,13,12,12,469035,2220
2341,467015,14,12,12,469235,2220
2331,467225,0,10,10,469445,2220
2342,469475,0,127,-1,,
2332,467425,1,4,4,469645,2220
2333,467625,2,3,3,469845,2220
2334,467835,4,3,3,470055,2220
2346,468035,5,6,6,470255,2220
2347,468245,7,11,11,470465,2220
2348,468455,9,0,0,470675,2220
2349,468655,10,15,15,470875,2220
2350,468865,12,8,8,471085,2220
2351,469065,13,12,12,471285,2220
2352,469265,14,11,11,471485,2220
2343,469675,1,8,8,471895,2220
2344,469875,2,8,8,472095,2220
2345,470085,4,255,0,472305,2220
2345,470085,4,255,1,472305,2220
2345,470085,4,255,2,472305,2220
2345,470085,4,255,3,472305,2220
2345,470085,4,255,5,472305,2220
2345,470085,4,255,6,472305,2220
2345,470085,4,255,7,472305,2220
2345,470085,4,255,8,472305,2220
2345,470085,4,255,9,472305,2220
2345,470085,4,255,10,472305,2220
2345,470085,4,255,11,472305,2220
2345,470085,4,255,12,472305,2220
2345,470085,4,255,13,472305,2220
2345,470085,4,255,14,472305,2220
2345,470085,4,255,15,472305,2220
2357,470285,5,13,13,472505,2220
2358,470495,7,255,0,472715,2220
2358,470495,7,255,1,472715,2220
2358,470495,7,255,2,472715,2220
2358,470495,7,255,3,472715,2220
2358,470495,7,255,4,472715,2220
2358,470495,7,255,5,472715,2220
2358,470495,7,255,6,472715,2220
2358,470495,7,255,8,472715,2220
2358,470495,7,255,9,472715,2220
2358,470495,7,255,10,472715,2220
2358,470495,7,255,11,472715,2220
2358,470495,7,255,12,472715,2220
2358,470495,7,255,13,472715,2220
2358,470495,7,255,14,472715,2220
2358,470495,7,255,15,472715,2220
2359,470705,9,5,5,472925,2220
2360,470905,10,1,1,473125,2220
2361,471115,12,5,5,473335,2220
2362,471315,13,0,0,473535,2220
2372,473565,13,212,-1,,
2363,471515,14,7,7,473735,2220
2353,471725,0,14,14,473945,2220
2364,473975,0,118,-1,,
2354,471925,1,13,13,474145,2220
2365,474175,1,134,-1,,
2355,472125,2,3,3,474345,2220
2356,472335,4,255,0,474555,2220
2356,472335,4,255,1,474555,2220
2356,472335,4,255,2,474555,2220
2356,472335,4,255,3,474555,2220
2356,472335,4,255,5,474555,2220
2356,472335,4,255,6,474555,2220
2356,472335,4,255,7,474555,2220
2356,472335,4,255,8,474555,2220
2356,472335,4,255,9,474555,2220
2356,472335,4,255,10,474555,2220
2356,472335,4,255,11,474555,2220
2356,472335,4,255,12,474555,2220
2356,472335,4,255,13,474555,2220
2356,472335,4,255,14,474555,2220
2356,472335,4,255,15,474555,2220
2368,472535,5,7,7,474755,2220
2369,472745,7,6,6,474965,2220
2370,472955,9,2,2,475175,2220
2380,475205,9,70,-1,,
2371,473155,10,14,14,475375,2220
2373,473765,14,7,7,475805,2040
2366,474375,2,12,12,476415,2040
2367,474585,4,6,6,476625,2040
2378,474785,5,7,7,476825,2040
2379,474995,7,11,11,477035,2040
2381,475405,10,1,1,477445,2040
2382,475635,13,7,7,477675,2040
2383,475835,14,1,1,477875,2040
2374,476045,0,2,2,478085,2040
2375,476245,1,7,7,478285,2040
2376,476445,2,5,5,478485,2040
2377,476655,4,7,7,478695,2040
2388,476855,5,12,12,478895,2040
2389,477065,7,1,1,479105,2040
2399,479135,7,174,-1,,
2390,477275,9,5,5,479315,2040
2391,477475,10,5,5,479515,2040
2392,477705,13,10,10,479745,2040
2402,479775,13,161,-1,,
2393,477905,14,1,1,479945,2040
2384,478115,0,255,1,480155,2040
2384,478115,0,255,2,480155,2040
2384,478115,0,255,3,480155,2040
2384,478115,0,255,4,480155,2040
2384,478115,0,255,5,480155,2040
2384,478115,0,255,6,480155,2040
2384,478115,0,255,7,480155,2040
2384,478115,0,255,8,480155,2040
2384,478115,0,255,9,480155,2040
2384,478115,0,255,10,480155,2040
2384,478115,0,255,11,480155,2040
2384,478115,0,255,12,480155,2040
2384,478115,0,255,13,480155,2040
2384,478115,0,255,14,480155,2040
2384,478115,0,255,15,480155,2040
2385,478315,1,2,2,480355,2040
2395,480385,1,171,-1,,
2386,478515,2,11,11,480555,2040
2387,478725,4,3,3,480765,2040
2398,478925,5,13,13,480965,2040
2400,479345,9,15,15,481385,2040
2401,479545,10,0,0,481585,2040
2403,479975,14,255,0,482015,2040
2403,479975,14,255,1,482015,2040
2403,479975,14,255,2,482015,2040
2403,479975,14,255,3,482015,2040
2403,479975,14,255,4,482015,2040
2403,479975,14,255,5,482015,2040
2403,479975,14,255,6,482015,2040
2403,479975,14,255,7,482015,2040
2403,479975,14,255,8,482015,2040
2403,479975,14,255,9,482015,2040
2403,479975,14,255,10,482015,2040
2403,479975,14,255,11,482015,2040
2403,479975,14,255,12,482015,2040
2403,479975,14,255,13,482015,2040
2403,479975,14,255,15,482015,2040
2394,480185,0,12,12,482225,2040
2396,480585,2,15,15,482625,2040
2406,482655,2,108,-1,,
2397,480795,4,9,9,482835,2040
2408,480995,5,1,1,483035,2040
2409,481205,7,10,10,483245,2040
2410,481415,9,13,13,483455,2040
2411,481615,10,1,1,483655,2040
2412,481845,13,5,5,483885,2040
2413,482045,14,255,0,484085,2040
2413,482045,14,255,1,484085,2040
2413,482045,14,255,2,484085,2040
2413,482045,14,255,3,484085,2040
2413,482045,14,255,4,484085,2040
2413,482045,14,255,5,484085,2040
2413,482045,14,255,6,484085,2040
2413,482045,14,255,7,484085,2040
2413,482045,14,255,8,484085,2040
2413,482045,14,255,9,484085,2040
2413,482045,14,255,10,484085,2040
2413,482045,14,255,11,484085,2040
2413,482045,14,255,12,484085,2040
2413,482045,14,255,13,484085,2040
2413,482045,14,255,15,484085,2040
2404,482255,0,12,12,484295,2040
2405,482455,1,2,2,484495,2040
2415,484525,1,116,-1,,
2407,482865,4,15,15,484905,2040
2418,483065,5,11,11,485105,2040
2419,483275,7,6,6,485315,2040
2420,483485,9,11,11,485525,2040
2421,483685,10,3,3,485725,2040
2422,483915,13,255,0,485955,2040
2422,483915,13,255,1,485955,2040
2422,483915,13,255,2,485955,2040
2422,483915,13,255,3,485955,2040
2422,483915,13,255,4,485955,2040
2422,483915,13,255,5,485955,2040
2422,483915,13,255,6,485955,2040
2422,483915,13,255,7,485955,2040
2422,483915,13,255,8,485955,2040
2422,483915,13,255,9,485955,2040
2422,483915,13,255,10,485955,2040
2422,483915,13,255,11,485955,2040
2422,483915,13,255,12,485955,2040
2422,483915,13,255,14,485955,2040
2422,483915,13,255,15,485955,2040
2423,484115,14,8,8,486155,2040
2414,484325,0,15,15,486365,2040
2424,486395,0,242,-1,,
2416,484725,2,8,8,486765,2040
2417,484935,4,7,7,486975,2040
2428,485135,5,0,0,487175,2040
2429,485345,7,10,10,487385,2040
2430,485555,9,255,0,487595,2040
2430,485555,9,255,1,487595,2040
2430,485555,9,255,2,487595,2040
2430,485555,9,255,3,487595,2040
2430,485555,9,255,4,487595,2040
2430,485555,9,255,5,487595,2040
2430,485555,9,255,6,487595,2040
2430,485555,9,255,7,487595,2040
2430,485555,9,255,8,487595,2040
2430,485555,9,255,10,487595,2040
2430,485555,9,255,11,487595,2040
2430,485555,9,255,12,487595,2040
2430,485555,9,255,13,487595,2040
2430,485555,9,255,14,487595,2040
2430,485555,9,255,15,487595,2040
2431,485755,10,11,11,487795,2040
2432,485985,13,0,0,488025,2040
2442,488055,13,81,-1,,
2433,486185,14,11,11,488225,2040
2434,488465,0,150,-1,,
2425,486595,1,3,3,488635,2040
2426,486795,2,12,12,488835,2040
2427,487005,4,12,12,489045,2040
2438,487205,5,13,13,489245,2040
2439,487415,7,15,15,489455,2040
2440,487625,9,11,11,489665,2040
2441,487825,10,255,0,489865,2040
2441,487825,10,255,1,489865,2040
2441,487825,10,255,2,489865,2040
2441,487825,10,255,3,489865,2040
2441,487825,10,255,4,489865,2040
2441,487825,10,255,5,489865,2040
2441,487825,10,255,6,489865,2040
2441,487825,10,255,7,489865,2040
2441,487825,10,255,8,489865,2040
2441,487825,10,255,9,489865,2040
2441,487825,10,255,11,489865,2040
2441,487825,10,255,12,489865,2040
2441,487825,10,255,13,489865,2040
2441,487825,10,255,14,489865,2040
2441,487825,10,255,15,489865,2040
2443,488255,14,10,10,490295,2040
2435,488665,1,4,4,490705,2040
2436,488865,2,255,0,490905,2040
2436,488865,2,255,1,490905,2040
2436,488865,2,255,3,490905,2040
2436,488865,2,255,4,490905,2040
2436,488865,2,255,5,490905,2040
2436,488865,2,255,6,490905,2040
2436,488865,2,255,7,490905,2040
2436,488865,2,255,8,490905,2040
2436,488865,2,255,9,490905,2040
2436,488865,2,255,10,490905,2040
2436,488865,2,255,11,490905,2040
2436,488865,2,255,12,490905,2040
2436,488865,2,255,13,490905,2040
2436,488865,2,255,14,490905,2040
2436,488865,2,255,15,490905,2040
2437,489075,4,255,0,491115,2040
2437,489075,4,255,1,491115,2040
2437,489075,4,255,2,491115,2040
2437,489075,4,255,3,491115,2040
2437,489075,4,255,5,491115,2040
2437,489075,4,255,6,491115,2040
2437,489075,4,255,7,491115,2040
2437,489075,4,255,8,491115,2040
2437,489075,4,255,9,491115,2040
2437,489075,4,255,10,491115,2040
2437,489075,4,255,11,491115,2040
2437,489075,4,255,12,491115,2040
2437,489075,4,255,13,491115,2040
2437,489075,4,255,14,491115,2040
2437,489075,4,255,15,491115,2040
2448,489275,5,7,7,491315,2040
2449,489485,7,8,8,491525,2040
2450,489895,10,15,15,491755,1860
2451,490125,13,14,14,491985,1860
2452,490325,14,5,5,492185,1860
2444,490535,0,9,9,492395,1860
2445,490735,1,255,0,492595,1860
2445,490735,1,255,2,492595,1860
2445,490735,1,255,3,492595,1860
2445,490735,1,255,4,492595,1860
2445,490735,1,255,5,492595,1860
2445,490735,1,255,6,492595,1860
2445,490735,1,255,7,492595,1860
2445,490735,1,255,8,492595,1860
2445,490735,1,255,9,492595,1860
2445,490735,1,255,10,492595,1860
2445,490735,1,255,11,492595,1860
2445,490735,1,255,12,492595,1860
2445,490735,1,255,13,492595,1860
2445,490735,1,255,14,492595,1860
2445,490735,1,255,15,492595,1860
2446,490935,2,4,4,492795,1860
2447,491145,4,3,3,493005,1860
2457,491345,5,6,6,493205,1860
2458,491555,7,0,0,493415,1860
2459,491785,10,2,2,493645,1860
2460,492015,13,11,11,493875,1860
2461,492215,14,7,7,494075,1860
2453,492425,0,255,1,494285,1860
2453,492425,0,255,2,494285,1860
2453,492425,0,255,3,494285,1860
2453,492425,0,255,4,494285,1860
2453,492425,0,255,5,494285,1860
2453,492425,0,255,6,494285,1860
2453,492425,0,255,7,494285,1860
2453,492425,0,255,8,494285,1860
2453,492425,0,255,9,494285,1860
2453,492425,0,255,10,494285,1860
2453,492425,0,255,11,494285,1860
2453,492425,0,255,12,494285,1860
2453,492425,0,255,13,494285,1860
2453,492425,0,255,14,494285,1860
2453,492425,0,255,15,494285,1860
2454,492625,1,9,9,494485,1860
2463,494515,1,210,-1,,
2455,492825,2,7,7,494685,1860
2456,493035,4,9,9,494895,1860
2466,493235,5,3,3,495095,1860
2467,493445,7,15,15,495305,1860
2468,493675,10,3,3,495535,1860
2469,493905,13,8,8,495765,1860
2470,494105,14,6,6,495965,1860
2462,494315,0,5,5,496175,1860
2472,496405,1,194,-1,,
2464,494715,2,13,13,496575,1860
2465,494925,4,6,6,496785,1860
2475,495125,5,4,4,496985,1860
2476,495335,7,6,6,497195,1860
2477,495565,10,255,0,497425,1860
2477,495565,10,255,1,497425,1860
2477,495565,10,255,2,497425,1860
2477,495565,10,255,3,497425,1860
2477,495565,10,255,4,497425,1860
2477,495565,10,255,5,497425,1860
2477,495565,10,255,6,497425,1860
2477,495565,10,255,7,497425,1860
2477,495565,10,255,8,497425,1860
2477,495565,10,255,9,497425,1860
2477,495565,10,255,11,497425,1860
2477,495565,10,255,12,497425,1860
2477,495565,10,255,13,497425,1860
2477,495565,10,255,14,497425,1860
2477,495565,10,255,15,497425,1860
2485,497455,10,226,-1,,
2478,495795,13,10,10,497655,1860
2479,495995,14,1,1,497855,1860
2487,497885,14,35,-1,,
2471,496205,0,11,11,498065,1860
2473,496605,2,12,12,498465,1860
2474,496815,4,12,12,498675,1860
2483,497015,5,255,0,498875,1860
2483,497015,5,255,1,498875,1860
2483,497015,5,255,2,498875,1860
2483,497015,5,255,3,498875,1860
2483,497015,5,255,4,498875,1860
2483,497015,5,255,6,498875,1860
2483,497015,5,255,7,498875,1860
2483,497015,5,255,8,498875,1860
2483,497015,5,255,9,498875,1860
2483,497015,5,255,10,498875,1860
2483,497015,5,255,11,498875,1860
2483,497015,5,255,12,498875,1860
2483,497015,5,255,13,498875,1860
2483,497015,5,255,14,498875,1860
2483,497015,5,255,15,498875,1860
2491,498905,5,89,-1,,
2484,497225,7,255,0,499085,1860
2484,497225,7,255,1,499085,1860
2484,497225,7,255,2,499085,1860
2484,497225,7,255,3,499085,1860
2484,497225,7,255,4,499085,1860
2484,497225,7,255,5,499085,1860
2484,497225,7,255,6,499085,1860
2484,497225,7,255,8,499085,1860
2484,497225,7,255,9,499085,1860
2484,497225,7,255,10,499085,1860
2484,497225,7,255,11,499085,1860
2484,497225,7,255,12,499085,1860
2484,497225,7,255,13,499085,1860
2484,497225,7,255,14,499085,1860
2484,497225,7,255,15,499085,1860
2492,499115,7,102,-1,,
2486,497685,13,15,15,499545,1860
2480,498295,1,11,11,499975,1680
2481,498495,2,3,3,500175,1680
2482,498705,4,2,2,500385,1680
2493,499345,10,4,4,501025,1680
2501,501055,10,75,-1,,
2494,499575,13,6,6,501255,1680
2495,499775,14,3,3,501455,1680
2488,500005,1,6,6,501685,1680
2489,500205,2,14,14,501885,1680
2490,500415,4,7,7,502095,1680
2499,500615,5,0,0,502295,1680
2500,500825,7,4,4,502505,1680
2502,501285,13,255,0,502965,1680
2502,501285,13,255,1,502965,1680
2502,501285,13,255,2,502965,1680
2502,501285,13,255,3,502965,1680
2502,501285,13,255,4,502965,1680
2502,501285,13,255,5,502965,1680
2502,501285,13,255,6,502965,1680
2502,501285,13,255,7,502965,1680
2502,501285,13,255,8,502965,1680
2502,501285,13,255,9,502965,1680
2502,501285,13,255,10,502965,1680
2502,501285,13,255,11,502965,1680
2502,501285,13,255,12,502965,1680
2502,501285,13,255,14,502965,1680
2502,501285,13,255,15,502965,1680
2503,501485,14,0,0,503165,1680
2496,501715,1,7,7,503395,1680
2504,503425,1,208,-1,,
2497,501915,2,5,5,503595,1680
2498,502125,4,0,0,503805,1680
2507,502325,5,255,0,504005,1680
2507,502325,5,255,1,504005,1680
2507,502325,5,255,2,504005,1680
2507,502325,5,255,3,504005,1680
2507,502325,5,255,4,504005,1680
2507,502325,5,255,6,504005,1680
2507,502325,5,255,7,504005,1680
2507,502325,5,255,8,504005,1680
2507,502325,5,255,9,504005,1680
2507,502325,5,255,10,504005,1680
2507,502325,5,255,11,504005,1680
2507,502325,5,255,12,504005,1680
2507,502325,5,255,13,504005,1680
2507,502325,5,255,14,504005,1680
2507,502325,5,255,15,504005,1680
2515,504035,5,142,-1,,
2508,502535,7,13,13,504215,1680
2509,502765,10,15,15,504445,1680
2510,502995,13,15,15,504675,1680
2511,503195,14,11,11,504875,1680
2505,503625,2,11,11,505305,1680
2506,503835,4,255,0,505515,1680
2506,503835,4,255,1,505515,1680
2506,503835,4,255,2,505515,1680
2506,503835,4,255,3,505515,1680
2506,503835,4,255,5,505515,1680
2506,503835,4,255,6,505515,1680
2506,503835,4,255,7,505515,1680
2506,503835,4,255,8,505515,1680
2506,503835,4,255,9,505515,1680
2506,503835,4,255,10,505515,1680
2506,503835,4,255,11,505515,1680
2506,503835,4,255,12,505515,1680
2506,503835,4,255,13,505515,1680
2506,503835,4,255,14,505515,1680
2506,503835,4,255,15,505515,1680
2516,504245,7,14,14,505925,1680
2517,504475,10,255,0,506155,1680
2517,504475,10,255,1,506155,1680
2517,504475,10,255,2,506155,1680
2517,504475,10,255,3,506155,1680
2517,504475,10,255,4,506155,1680
2517,504475,10,255,5,506155,1680
2517,504475,10,255,6,506155,1680
2517,504475,10,255,7,506155,1680
2517,504475,10,255,8,506155,1680
2517,504475,10,255,9,506155,1680
2517,504475,10,255,11,506155,1680
2517,504475,10,255,12,506155,1680
2517,504475,10,255,13,506155,1680
2517,504475,10,255,14,506155,1680
2517,504475,10,255,15,506155,1680
2525,506185,10,205,-1,,
2518,504705,13,10,10,506385,1680
2519,504905,14,13,13,506585,1680
2512,505135,1,15,15,506815,1680
2513,505335,2,14,14,507015,1680
2514,505545,4,2,2,507225,1680
2523,505745,5,11,11,507425,1680
2524,505955,7,5,5,507635,1680
2526,506415,13,3,3,508095,1680
2527,506615,14,2,2,508295,1680
2520,506845,1,14,14,508525,1680
2521,507045,2,11,11,508725,1680
2522,507255,4,12,12,508935,1680
2531,507455,5,1,1,509135,1680
2532,507895,10,13,13,509405,1510
2533,508125,13,10,10,509635,1510
2540,509665,13,123,-1,,
2534,508325,14,10,10,509835,1510
2528,508555,1,3,3,510065,1510
2529,508755,2,15,15,510265,1510
2530,508965,4,5,5,510475,1510
2538,509165,5,255,0,510675,1510
2538,509165,5,255,1,510675,1510
2538,509165,5,255,2,510675,1510
2538,509165,5,255,3,510675,1510
2538,509165,5,255,4,510675,1510
2538,509165,5,255,6,510675,1510
2538,509165,5,255,7,510675,1510
2538,509165,5,255,8,510675,1510
2538,509165,5,255,9,510675,1510
2538,509165,5,255,10,510675,1510
2538,509165,5,255,11,510675,1510
2538,509165,5,255,12,510675,1510
2538,509165,5,255,13,510675,1510
2538,509165,5,255,14,510675,1510
2538,509165,5,255,15,510675,1510
2545,510705,5,226,-1,,
2539,509435,10,12,12,510945,1510
2541,509865,14,9,9,511375,1510
2535,510095,1,15,15,511605,1510
2536,510295,2,8,8,511805,1510
2537,510505,4,8,8,512015,1510
2546,510975,10,1,1,512485,1510
2547,511205,13,255,0,512715,1510
2547,511205,13,255,1,512715,1510
2547,511205,13,255,2,512715,1510
2547,511205,13,255,3,512715,1510
2547,511205,13,255,4,512715,1510
2547,511205,13,255,5,512715,1510
2547,511205,13,255,6,512715,1510
2547,511205,13,255,7,512715,1510
2547,511205,13,255,8,512715,1510
2547,511205,13,255,9,512715,1510
2547,511205,13,255,10,512715,1510
2547,511205,13,255,11,512715,1510
2547,511205,13,255,12,512715,1510
2547,511205,13,255,14,512715,1510
2547,511205,13,255,15,512715,1510
2548,511405,14,13,13,512915,1510
2542,511635,1,2,2,513145,1510
2543,511835,2,0,0,513345,1510
2544,512045,4,0,0,513555,1510
2551,512245,5,14,14,513755,1510
2552,512515,10,11,11,514025,1510
2553,512745,13,11,11,514255,1510
2554,512945,14,13,13,514455,1510
2560,514485,14,235,-1,,
2549,513175,1,2,2,514685,1510
2550,513375,2,10,10,514885,1510
2557,513785,5,13,13,515115,1330
2558,514055,10,1,1,515385,1330
2559,514285,13,2,2,515615,1330
2555,514715,1,8,8,516045,1330
2556,514915,2,255,0,516245,1330
2556,514915,2,255,1,516245,1330
2556,514915,2,255,3,516245,1330
2556,514915,2,255,4,516245,1330
2556,514915,2,255,5,516245,1330
2556,514915,2,255,6,516245,1330
2556,514915,2,255,7,516245,1330
2556,514915,2,255,8,516245,1330
2556,514915,2,255,9,516245,1330
2556,514915,2,255,10,516245,1330
2556,514915,2,255,11,516245,1330
2556,514915,2,255,12,516245,1330
2556,514915,2,255,13,516245,1330
2556,514915,2,255,14,516245,1330
2556,514915,2,255,15,516245,1330
2562,516275,2,194,-1,,
2563,515145,5,14,14,516475,1330
2569,516505,5,169,-1,,
2564,515415,10,13,13,516745,1330
2565,515645,13,14,14,516975,1330
2566,515845,14,15,15,517175,1330
2561,516075,1,11,11,517405,1330
2570,517005,13,9,9,518165,1160
2575,518195,13,161,-1,,
2571,517205,14,12,12,518365,1160
2567,517435,1,4,4,518595,1160
2568,517635,2,8,8,518795,1160
2574,517865,5,1,1,519025,1160
2578,519055,5,38,-1,,
2576,518395,14,5,5,519555,1160
2572,518625,1,255,0,519785,1160
2572,518625,1,255,2,519785,1160
2572,518625,1,255,3,519785,1160
2572,518625,1,255,4,519785,1160
2572,518625,1,255,5,519785,1160
2572,518625,1,255,6,519785,1160
2572,518625,1,255,7,519785,1160
2572,518625,1,255,8,519785,1160
2572,518625,1,255,9,519785,1160
2572,518625,1,255,10,519785,1160
2572,518625,1,255,11,519785,1160
2572,518625,1,255,12,519785,1160
2572,518625,1,255,13,519785,1160
2572,518625,1,255,14,519785,1160
2572,518625,1,255,15,519785,1160
2573,518825,2,13,13,519985,1160
2579,519385,13,11,11,520545,1160
2580,519585,14,11,11,520745,1160
2577,520015,2,0,0,520995,980
2582,520245,5,4,4,521225,980
2583,520575,13,6,6,521555,980
2584,520775,14,0,0,521755,980
2581,521025,2,11,11,522005,980
2586,521255,5,4,4,522235,980
2587,521585,13,0,0,522565,980
2588,521785,14,0,0,522765,980
2585,522035,2,8,8,523015,980
2590,522265,5,6,6,523245,980
2591,522595,13,8,8,523575,980
2592,522795,14,7,7,523775,980
2596,523805,14,181,-1,,
2589,523045,2,0,0,524025,980
2594,523275,5,15,15,524255,980
2595,523605,13,14,14,524585,980
2593,524055,2,9,9,525035,980
2598,524285,5,8,8,525265,980
2597,525065,2,0,0,525695,630
2600,525295,5,2,2,525925,630
2599,525725,2,4,4,526355,630
2602,525955,5,15,15,526585,630
2601,526385,2,8,8,527015,630
2604,526615,5,6,6,527245,630
2606,527275,5,97,-1,,
2603,527045,2,10,10,527675,630
2605,527705,2,4,4,528335,630
2608,527935,5,3,3,528565,630
2607,528365,2,0,0,528995,630
2610,528595,5,10,10,529225,630
2609,529025,2,0,0,529655,630
2612,529255,5,9,9,529885,630
2611,529685,2,13,13,530315,630
2614,529915,5,6,6,530545,630
2613,530345,2,11,11,530975,630
2615,530575,5,7,7,531205,630
