id_transaccion,t_envio,d_origen,d_destino,terminal,t_recibido,retraso
8,175,7,226,-1,,
6,155,5,7,7,825,670
7,155,6,12,12,1505,1350
9,115,8,3,3,2865,2750
10,165,9,255,0,3545,3380
10,165,9,255,1,3545,3380
10,165,9,255,2,3545,3380
10,165,9,255,3,3545,3380
10,165,9,255,4,3545,3380
10,165,9,255,5,3545,3380
10,165,9,255,6,3545,3380
10,165,9,255,7,3545,3380
10,165,9,255,8,3545,3380
10,165,9,255,10,3545,3380
10,165,9,255,11,3545,3380
10,165,9,255,12,3545,3380
10,165,9,255,13,3545,3380
10,165,9,255,14,3545,3380
10,165,9,255,15,3545,3380
11,155,10,4,4,4225,4070
12,105,11,255,0,4905,4800
12,105,11,255,1,4905,4800
12,105,11,255,2,4905,4800
12,105,11,255,3,4905,4800
12,105,11,255,4,4905,4800
12,105,11,255,5,4905,4800
12,105,11,255,6,4905,4800
12,105,11,255,7,4905,4800
12,105,11,255,8,4905,4800
12,105,11,255,9,4905,4800
12,105,11,255,10,4905,4800
12,105,11,255,12,4905,4800
12,105,11,255,13,4905,4800
12,105,11,255,14,4905,4800
12,105,11,255,15,4905,4800
28,4935,11,84,-1,,
13,105,12,7,7,5585,5480
14,145,13,0,0,6265,6120
15,135,14,1,1,6945,6810
16,115,15,8,8,7625,7510
32,7655,15,115,-1,,
1,135,0,5,5,8305,8170
17,8335,0,145,-1,,
2,115,1,11,11,8985,8870
3,135,2,15,15,9665,9530
4,175,3,5,5,10345,10170
5,145,4,15,15,11025,10880
22,855,5,9,9,11705,10850
23,1535,6,255,0,12385,10850
23,1535,6,255,1,12385,10850
23,1535,6,255,2,12385,10850
23,1535,6,255,3,12385,10850
23,1535,6,255,4,12385,10850
23,1535,6,255,5,12385,10850
23,1535,6,255,7,12385,10850
23,1535,6,255,8,12385,10850
23,1535,6,255,9,12385,10850
23,1535,6,255,10,12385,10850
23,1535,6,255,11,12385,10850
23,1535,6,255,12,12385,10850
23,1535,6,255,13,12385,10850
23,1535,6,255,14,12385,10850
23,1535,6,255,15,12385,10850
24,2215,7,11,11,13065,10850
25,2895,8,9,9,13745,10850
26,3575,9,15,15,14425,10850
27,4255,10,255,0,15105,10850
27,4255,10,255,1,15105,10850
27,4255,10,255,2,15105,10850
27,4255,10,255,3,15105,10850
27,4255,10,255,4,15105,10850
27,4255,10,255,5,15105,10850
27,4255,10,255,6,15105,10850
27,4255,10,255,7,15105,10850
27,4255,10,255,8,15105,10850
27,4255,10,255,9,15105,10850
27,4255,10,255,11,15105,10850
27,4255,10,255,12,15105,10850
27,4255,10,255,13,15105,10850
27,4255,10,255,14,15105,10850
27,4255,10,255,15,15105,10850
29,5615,12,2,2,16465,10850
30,6295,13,255,0,17145,10850
30,6295,13,255,1,17145,10850
30,6295,13,255,2,17145,10850
30,6295,13,255,3,17145,10850
30,6295,13,255,4,17145,10850
30,6295,13,255,5,17145,10850
30,6295,13,255,6,17145,10850
30,6295,13,255,7,17145,10850
30,6295,13,255,8,17145,10850
30,6295,13,255,9,17145,10850
30,6295,13,255,10,17145,10850
30,6295,13,255,11,17145,10850
30,6295,13,255,12,17145,10850
30,6295,13,255,14,17145,10850
30,6295,13,255,15,17145,10850
31,6975,14,10,10,17825,10850
18,9015,1,11,11,19865,10850
19,9695,2,5,5,20545,10850
20,10375,3,14,14,21225,10850
21,11055,4,11,11,21905,10850
38,11735,5,8,8,22585,10850
39,12415,6,8,8,23265,10850
40,13095,7,9,9,23945,10850
41,13775,8,11,11,24625,10850
42,14455,9,255,0,25305,10850
42,14455,9,255,1,25305,10850
42,14455,9,255,2,25305,10850
42,14455,9,255,3,25305,10850
42,14455,9,255,4,25305,10850
42,14455,9,255,5,25305,10850
42,14455,9,255,6,25305,10850
42,14455,9,255,7,25305,10850
42,14455,9,255,8,25305,10850
42,14455,9,255,10,25305,10850
42,14455,9,255,11,25305,10850
42,14455,9,255,12,25305,10850
42,14455,9,255,13,25305,10850
42,14455,9,255,14,25305,10850
42,14455,9,255,15,25305,10850
43,15135,10,15,15,25985,10850
44,15815,11,255,0,26665,10850
44,15815,11,255,1,26665,10850
44,15815,11,255,2,26665,10850
44,15815,11,255,3,26665,10850
44,15815,11,255,4,26665,10850
44,15815,11,255,5,26665,10850
44,15815,11,255,6,26665,10850
44,15815,11,255,7,26665,10850
44,15815,11,255,8,26665,10850
44,15815,11,255,9,26665,10850
44,15815,11,255,10,26665,10850
44,15815,11,255,12,26665,10850
44,15815,11,255,13,26665,10850
44,15815,11,255,14,26665,10850
44,15815,11,255,15,26665,10850
45,16495,12,3,3,27345,10850
46,17175,13,2,2,28025,10850
47,17855,14,9,9,28705,10850
48,18535,15,2,2,29385,10850
33,19215,0,15,15,30065,10850
34,19895,1,255,0,30745,10850
34,19895,1,255,2,30745,10850
34,19895,1,255,3,30745,10850
34,19895,1,255,4,30745,10850
34,19895,1,255,5,30745,10850
34,19895,1,255,6,30745,10850
34,19895,1,255,7,30745,10850
34,19895,1,255,8,30745,10850
34,19895,1,255,9,30745,10850
34,19895,1,255,10,30745,10850
34,19895,1,255,11,30745,10850
34,19895,1,255,12,30745,10850
34,19895,1,255,13,30745,10850
34,19895,1,255,14,30745,10850
34,19895,1,255,15,30745,10850
35,20575,2,255,0,31425,10850
35,20575,2,255,1,31425,10850
35,20575,2,255,3,31425,10850
35,20575,2,255,4,31425,10850
35,20575,2,255,5,31425,10850
35,20575,2,255,6,31425,10850
35,20575,2,255,7,31425,10850
35,20575,2,255,8,31425,10850
35,20575,2,255,9,31425,10850
35,20575,2,255,10,31425,10850
35,20575,2,255,11,31425,10850
35,20575,2,255,12,31425,10850
35,20575,2,255,13,31425,10850
35,20575,2,255,14,31425,10850
35,20575,2,255,15,31425,10850
36,21255,3,255,0,32105,10850
36,21255,3,255,1,32105,10850
36,21255,3,255,2,32105,10850
36,21255,3,255,4,32105,10850
36,21255,3,255,5,32105,10850
36,21255,3,255,6,32105,10850
36,21255,3,255,7,32105,10850
36,21255,3,255,8,32105,10850
36,21255,3,255,9,32105,10850
36,21255,3,255,10,32105,10850
36,21255,3,255,11,32105,10850
36,21255,3,255,12,32105,10850
36,21255,3,255,13,32105,10850
36,21255,3,255,14,32105,10850
36,21255,3,255,15,32105,10850
37,21935,4,15,15,32785,10850
54,22615,5,0,0,33465,10850
55,23295,6,12,12,34145,10850
56,23975,7,11,11,34825,10850
57,24655,8,15,15,35505,10850
58,25335,9,15,15,36185,10850
59,26015,10,4,4,36865,10850
60,26695,11,13,13,37545,10850
61,27375,12,10,10,38225,10850
62,28055,13,8,8,38905,10850
63,28735,14,12,12,39585,10850
64,29415,15,10,10,40265,10850
49,30095,0,255,1,40945,10850
49,30095,0,255,2,40945,10850
49,30095,0,255,3,40945,10850
49,30095,0,255,4,40945,10850
49,30095,0,255,5,40945,10850
49,30095,0,255,6,40945,10850
49,30095,0,255,7,40945,10850
49,30095,0,255,8,40945,10850
49,30095,0,255,9,40945,10850
49,30095,0,255,10,40945,10850
49,30095,0,255,11,40945,10850
49,30095,0,255,12,40945,10850
49,30095,0,255,13,40945,10850
49,30095,0,255,14,40945,10850
49,30095,0,255,15,40945,10850
50,30775,1,13,13,41625,10850
51,31455,2,7,7,42305,10850
52,32135,3,255,0,42985,10850
52,32135,3,255,1,42985,10850
52,32135,3,255,2,42985,10850
52,32135,3,255,4,42985,10850
52,32135,3,255,5,42985,10850
52,32135,3,255,6,42985,10850
52,32135,3,255,7,42985,10850
52,32135,3,255,8,42985,10850
52,32135,3,255,9,42985,10850
52,32135,3,255,10,42985,10850
52,32135,3,255,11,42985,10850
52,32135,3,255,12,42985,10850
52,32135,3,255,13,42985,10850
52,32135,3,255,14,42985,10850
52,32135,3,255,15,42985,10850
53,32815,4,7,7,43665,10850
70,33495,5,1,1,44345,10850
86,44375,5,22,-1,,
71,34175,6,7,7,45025,10850
72,34855,7,5,5,45705,10850
73,35535,8,15,15,46385,10850
74,36215,9,14,14,47065,10850
75,36895,10,4,4,47745,10850
76,37575,11,2,2,48425,10850
77,38255,12,2,2,49105,10850
78,38935,13,6,6,49785,10850
79,39615,14,3,3,50465,10850
80,40295,15,6,6,51145,10850
65,40975,0,7,7,51825,10850
66,41655,1,6,6,52505,10850
82,52535,1,21,-1,,
67,42335,2,14,14,53185,10850
68,43015,3,11,11,53865,10850
69,43695,4,6,6,54545,10850
87,45055,6,255,0,55905,10850
87,45055,6,255,1,55905,10850
87,45055,6,255,2,55905,10850
87,45055,6,255,3,55905,10850
87,45055,6,255,4,55905,10850
87,45055,6,255,5,55905,10850
87,45055,6,255,7,55905,10850
87,45055,6,255,8,55905,10850
87,45055,6,255,9,55905,10850
87,45055,6,255,10,55905,10850
87,45055,6,255,11,55905,10850
87,45055,6,255,12,55905,10850
87,45055,6,255,13,55905,10850
87,45055,6,255,14,55905,10850
87,45055,6,255,15,55905,10850
88,45735,7,6,6,56585,10850
89,46415,8,12,12,57265,10850
105,57295,8,200,-1,,
90,47095,9,11,11,57945,10850
91,47775,10,6,6,58625,10850
107,58655,10,27,-1,,
92,48455,11,255,0,59305,10850
92,48455,11,255,1,59305,10850
92,48455,11,255,2,59305,10850
92,48455,11,255,3,59305,10850
92,48455,11,255,4,59305,10850
92,48455,11,255,5,59305,10850
92,48455,11,255,6,59305,10850
92,48455,11,255,7,59305,10850
92,48455,11,255,8,59305,10850
92,48455,11,255,9,59305,10850
92,48455,11,255,10,59305,10850
92,48455,11,255,12,59305,10850
92,48455,11,255,13,59305,10850
92,48455,11,255,14,59305,10850
92,48455,11,255,15,59305,10850
93,49135,12,2,2,59985,10850
109,60015,12,112,-1,,
94,49815,13,11,11,60665,10850
95,50495,14,6,6,61345,10850
96,51175,15,11,11,62025,10850
112,62055,15,190,-1,,
81,51855,0,12,12,62705,10850
83,53215,2,14,14,64065,10850
84,53895,3,15,15,64745,10850
85,54575,4,255,0,65425,10850
85,54575,4,255,1,65425,10850
85,54575,4,255,2,65425,10850
85,54575,4,255,3,65425,10850
85,54575,4,255,5,65425,10850
85,54575,4,255,6,65425,10850
85,54575,4,255,7,65425,10850
85,54575,4,255,8,65425,10850
85,54575,4,255,9,65425,10850
85,54575,4,255,10,65425,10850
85,54575,4,255,11,65425,10850
85,54575,4,255,12,65425,10850
85,54575,4,255,13,65425,10850
85,54575,4,255,14,65425,10850
85,54575,4,255,15,65425,10850
102,55255,5,9,9,66105,10850
103,55935,6,0,0,66785,10850
104,56615,7,13,13,67465,10850
106,57975,9,7,7,68825,10850
122,68855,9,164,-1,,
108,59335,11,13,13,70185,10850
110,60695,13,4,4,71545,10850
111,61375,14,8,8,72225,10850
97,62735,0,13,13,73585,10850
98,63415,1,13,13,74265,10850
114,74295,1,120,-1,,
99,64095,2,3,3,74945,10850
115,74975,2,203,-1,,
100,64775,3,14,14,75625,10850
101,65455,4,0,0,76305,10850
118,66135,5,15,15,76985,10850
119,66815,6,255,0,77665,10850
119,66815,6,255,1,77665,10850
119,66815,6,255,2,77665,10850
119,66815,6,255,3,77665,10850
119,66815,6,255,4,77665,10850
119,66815,6,255,5,77665,10850
119,66815,6,255,7,77665,10850
119,66815,6,255,8,77665,10850
119,66815,6,255,9,77665,10850
119,66815,6,255,10,77665,10850
119,66815,6,255,11,77665,10850
119,66815,6,255,12,77665,10850
119,66815,6,255,13,77665,10850
119,66815,6,255,14,77665,10850
119,66815,6,255,15,77665,10850
120,67495,7,13,13,78345,10850
121,68175,8,7,7,79025,10850
123,69535,10,12,12,80385,10850
124,70215,11,1,1,81065,10850
125,70895,12,14,14,81745,10850
126,71575,13,12,12,82425,10850
142,82455,13,132,-1,,
127,72255,14,15,15,83105,10850
128,72935,15,10,10,83785,10850
113,73615,0,12,12,84465,10850
116,75655,3,8,8,86505,10850
117,76335,4,9,9,87185,10850
134,77015,5,14,14,87865,10850
135,77695,6,2,2,88545,10850
136,78375,7,11,11,89225,10850
137,79055,8,11,11,89905,10850
138,79735,9,7,7,90585,10850
154,90615,9,181,-1,,
139,80415,10,255,0,91265,10850
139,80415,10,255,1,91265,10850
139,80415,10,255,2,91265,10850
139,80415,10,255,3,91265,10850
139,80415,10,255,4,91265,10850
139,80415,10,255,5,91265,10850
139,80415,10,255,6,91265,10850
139,80415,10,255,7,91265,10850
139,80415,10,255,8,91265,10850
139,80415,10,255,9,91265,10850
139,80415,10,255,11,91265,10850
139,80415,10,255,12,91265,10850
139,80415,10,255,13,91265,10850
139,80415,10,255,14,91265,10850
139,80415,10,255,15,91265,10850
140,81095,11,6,6,91945,10850
141,81775,12,6,6,92625,10850
158,93335,13,175,-1,,
143,83135,14,3,3,93985,10850
144,83815,15,2,2,94665,10850
129,84495,0,255,1,95345,10850
129,84495,0,255,2,95345,10850
129,84495,0,255,3,95345,10850
129,84495,0,255,4,95345,10850
129,84495,0,255,5,95345,10850
129,84495,0,255,6,95345,10850
129,84495,0,255,7,95345,10850
129,84495,0,255,8,95345,10850
129,84495,0,255,9,95345,10850
129,84495,0,255,10,95345,10850
129,84495,0,255,11,95345,10850
129,84495,0,255,12,95345,10850
129,84495,0,255,13,95345,10850
129,84495,0,255,14,95345,10850
129,84495,0,255,15,95345,10850
130,85175,1,0,0,96025,10850
131,85855,2,9,9,96705,10850
147,96735,2,179,-1,,
132,86535,3,255,0,97385,10850
132,86535,3,255,1,97385,10850
132,86535,3,255,2,97385,10850
132,86535,3,255,4,97385,10850
132,86535,3,255,5,97385,10850
132,86535,3,255,6,97385,10850
132,86535,3,255,7,97385,10850
132,86535,3,255,8,97385,10850
132,86535,3,255,9,97385,10850
132,86535,3,255,10,97385,10850
132,86535,3,255,11,97385,10850
132,86535,3,255,12,97385,10850
132,86535,3,255,13,97385,10850
132,86535,3,255,14,97385,10850
132,86535,3,255,15,97385,10850
133,87215,4,10,10,98065,10850
150,87895,5,255,0,98745,10850
150,87895,5,255,1,98745,10850
150,87895,5,255,2,98745,10850
150,87895,5,255,3,98745,10850
150,87895,5,255,4,98745,10850
150,87895,5,255,6,98745,10850
150,87895,5,255,7,98745,10850
150,87895,5,255,8,98745,10850
150,87895,5,255,9,98745,10850
150,87895,5,255,10,98745,10850
150,87895,5,255,11,98745,10850
150,87895,5,255,12,98745,10850
150,87895,5,255,13,98745,10850
150,87895,5,255,14,98745,10850
150,87895,5,255,15,98745,10850
151,88575,6,14,14,99425,10850
152,89255,7,4,4,100105,10850
153,89935,8,11,11,100785,10850
155,91295,10,255,0,102145,10850
155,91295,10,255,1,102145,10850
155,91295,10,255,2,102145,10850
155,91295,10,255,3,102145,10850
155,91295,10,255,4,102145,10850
155,91295,10,255,5,102145,10850
155,91295,10,255,6,102145,10850
155,91295,10,255,7,102145,10850
155,91295,10,255,8,102145,10850
155,91295,10,255,9,102145,10850
155,91295,10,255,11,102145,10850
155,91295,10,255,12,102145,10850
155,91295,10,255,13,102145,10850
155,91295,10,255,14,102145,10850
155,91295,10,255,15,102145,10850
156,91975,11,6,6,102825,10850
172,102855,11,21,-1,,
157,92655,12,14,14,103505,10850
159,94015,14,255,0,104865,10850
159,94015,14,255,1,104865,10850
159,94015,14,255,2,104865,10850
159,94015,14,255,3,104865,10850
159,94015,14,255,4,104865,10850
159,94015,14,255,5,104865,10850
159,94015,14,255,6,104865,10850
159,94015,14,255,7,104865,10850
159,94015,14,255,8,104865,10850
159,94015,14,255,9,104865,10850
159,94015,14,255,10,104865,10850
159,94015,14,255,11,104865,10850
159,94015,14,255,12,104865,10850
159,94015,14,255,13,104865,10850
159,94015,14,255,15,104865,10850
160,94695,15,255,0,105545,10850
160,94695,15,255,1,105545,10850
160,94695,15,255,2,105545,10850
160,94695,15,255,3,105545,10850
160,94695,15,255,4,105545,10850
160,94695,15,255,5,105545,10850
160,94695,15,255,6,105545,10850
160,94695,15,255,7,105545,10850
160,94695,15,255,8,105545,10850
160,94695,15,255,9,105545,10850
160,94695,15,255,10,105545,10850
160,94695,15,255,11,105545,10850
160,94695,15,255,12,105545,10850
160,94695,15,255,13,105545,10850
160,94695,15,255,14,105545,10850
145,95375,0,1,1,106225,10850
146,96055,1,255,0,106905,10850
146,96055,1,255,2,106905,10850
146,96055,1,255,3,106905,10850
146,96055,1,255,4,106905,10850
146,96055,1,255,5,106905,10850
146,96055,1,255,6,106905,10850
146,96055,1,255,7,106905,10850
146,96055,1,255,8,106905,10850
146,96055,1,255,9,106905,10850
146,96055,1,255,10,106905,10850
146,96055,1,255,11,106905,10850
146,96055,1,255,12,106905,10850
146,96055,1,255,13,106905,10850
146,96055,1,255,14,106905,10850
146,96055,1,255,15,106905,10850
148,97415,3,255,0,108265,10850
148,97415,3,255,1,108265,10850
148,97415,3,255,2,108265,10850
148,97415,3,255,4,108265,10850
148,97415,3,255,5,108265,10850
148,97415,3,255,6,108265,10850
148,97415,3,255,7,108265,10850
148,97415,3,255,8,108265,10850
148,97415,3,255,9,108265,10850
148,97415,3,255,10,108265,10850
148,97415,3,255,11,108265,10850
148,97415,3,255,12,108265,10850
148,97415,3,255,13,108265,10850
148,97415,3,255,14,108265,10850
148,97415,3,255,15,108265,10850
149,98095,4,11,11,108945,10850
166,98775,5,2,2,109625,10850
167,99455,6,8,8,110305,10850
168,100135,7,3,3,110985,10850
169,100815,8,14,14,111665,10850
170,101495,9,8,8,112345,10850
171,102175,10,255,0,113025,10850
171,102175,10,255,1,113025,10850
171,102175,10,255,2,113025,10850
171,102175,10,255,3,113025,10850
171,102175,10,255,4,113025,10850
171,102175,10,255,5,113025,10850
171,102175,10,255,6,113025,10850
171,102175,10,255,7,113025,10850
171,102175,10,255,8,113025,10850
171,102175,10,255,9,113025,10850
171,102175,10,255,11,113025,10850
171,102175,10,255,12,113025,10850
171,102175,10,255,13,113025,10850
171,102175,10,255,14,113025,10850
171,102175,10,255,15,113025,10850
173,103535,12,2,2,114385,10850
174,104215,13,15,15,115065,10850
175,104895,14,255,0,115745,10850
175,104895,14,255,1,115745,10850
175,104895,14,255,2,115745,10850
175,104895,14,255,3,115745,10850
175,104895,14,255,4,115745,10850
175,104895,14,255,5,115745,10850
175,104895,14,255,6,115745,10850
175,104895,14,255,7,115745,10850
175,104895,14,255,8,115745,10850
175,104895,14,255,9,115745,10850
175,104895,14,255,10,115745,10850
175,104895,14,255,11,115745,10850
175,104895,14,255,12,115745,10850
175,104895,14,255,13,115745,10850
175,104895,14,255,15,115745,10850
176,105575,15,3,3,116425,10850
161,106255,0,255,1,117105,10850
161,106255,0,255,2,117105,10850
161,106255,0,255,3,117105,10850
161,106255,0,255,4,117105,10850
161,106255,0,255,5,117105,10850
161,106255,0,255,6,117105,10850
161,106255,0,255,7,117105,10850
161,106255,0,255,8,117105,10850
161,106255,0,255,9,117105,10850
161,106255,0,255,10,117105,10850
161,106255,0,255,11,117105,10850
161,106255,0,255,12,117105,10850
161,106255,0,255,13,117105,10850
161,106255,0,255,14,117105,10850
161,106255,0,255,15,117105,10850
162,106935,1,7,7,117785,10850
163,107615,2,10,10,118465,10850
164,108295,3,255,0,119145,10850
164,108295,3,255,1,119145,10850
164,108295,3,255,2,119145,10850
164,108295,3,255,4,119145,10850
164,108295,3,255,5,119145,10850
164,108295,3,255,6,119145,10850
164,108295,3,255,7,119145,10850
164,108295,3,255,8,119145,10850
164,108295,3,255,9,119145,10850
164,108295,3,255,10,119145,10850
164,108295,3,255,11,119145,10850
164,108295,3,255,12,119145,10850
164,108295,3,255,13,119145,10850
164,108295,3,255,14,119145,10850
164,108295,3,255,15,119145,10850
165,108975,4,12,12,119825,10850
182,109655,5,14,14,120505,10850
183,110335,6,3,3,121185,10850
184,111015,7,255,0,121865,10850
184,111015,7,255,1,121865,10850
184,111015,7,255,2,121865,10850
184,111015,7,255,3,121865,10850
184,111015,7,255,4,121865,10850
184,111015,7,255,5,121865,10850
184,111015,7,255,6,121865,10850
184,111015,7,255,8,121865,10850
184,111015,7,255,9,121865,10850
184,111015,7,255,10,121865,10850
184,111015,7,255,11,121865,10850
184,111015,7,255,12,121865,10850
184,111015,7,255,13,121865,10850
184,111015,7,255,14,121865,10850
184,111015,7,255,15,121865,10850
185,111695,8,5,5,122545,10850
186,112375,9,12,12,123225,10850
187,113055,10,7,7,123905,10850
188,113735,11,0,0,124585,10850
189,114415,12,6,6,125265,10850
190,115095,13,4,4,125945,10850
191,115775,14,4,4,126625,10850
192,116455,15,10,10,127305,10850
177,117135,0,5,5,127985,10850
178,117815,1,12,12,128665,10850
194,128695,1,194,-1,,
179,118495,2,7,7,129345,10850
180,119175,3,1,1,130025,10850
181,119855,4,6,6,130705,10850
198,120535,5,13,13,131385,10850
199,121215,6,4,4,132065,10850
200,121895,7,3,3,132745,10850
201,122575,8,15,15,133425,10850
202,123255,9,12,12,134105,10850
203,123935,10,5,5,134785,10850
204,124615,11,1,1,135465,10850
205,125295,12,9,9,136145,10850
206,125975,13,3,3,136825,10850
207,126655,14,8,8,137505,10850
208,127335,15,1,1,138185,10850
193,128015,0,14,14,138865,10850
209,138895,0,67,-1,,
195,129375,2,12,12,140225,10850
196,130055,3,255,0,140905,10850
196,130055,3,255,1,140905,10850
196,130055,3,255,2,140905,10850
196,130055,3,255,4,140905,10850
196,130055,3,255,5,140905,10850
196,130055,3,255,6,140905,10850
196,130055,3,255,7,140905,10850
196,130055,3,255,8,140905,10850
196,130055,3,255,9,140905,10850
196,130055,3,255,10,140905,10850
196,130055,3,255,11,140905,10850
196,130055,3,255,12,140905,10850
196,130055,3,255,13,140905,10850
196,130055,3,255,14,140905,10850
196,130055,3,255,15,140905,10850
197,130735,4,2,2,141585,10850
213,141615,4,201,-1,,
214,131415,5,13,13,142265,10850
215,132095,6,255,0,142945,10850
215,132095,6,255,1,142945,10850
215,132095,6,255,2,142945,10850
215,132095,6,255,3,142945,10850
215,132095,6,255,4,142945,10850
215,132095,6,255,5,142945,10850
215,132095,6,255,7,142945,10850
215,132095,6,255,8,142945,10850
215,132095,6,255,9,142945,10850
215,132095,6,255,10,142945,10850
215,132095,6,255,11,142945,10850
215,132095,6,255,12,142945,10850
215,132095,6,255,13,142945,10850
215,132095,6,255,14,142945,10850
215,132095,6,255,15,142945,10850
231,142975,6,149,-1,,
216,132775,7,4,4,143625,10850
217,133455,8,0,0,144305,10850
218,134135,9,15,15,144985,10850
219,134815,10,8,8,145665,10850
220,135495,11,1,1,146345,10850
221,136175,12,255,0,147025,10850
221,136175,12,255,1,147025,10850
221,136175,12,255,2,147025,10850
221,136175,12,255,3,147025,10850
221,136175,12,255,4,147025,10850
221,136175,12,255,5,147025,10850
221,136175,12,255,6,147025,10850
221,136175,12,255,7,147025,10850
221,136175,12,255,8,147025,10850
221,136175,12,255,9,147025,10850
221,136175,12,255,10,147025,10850
221,136175,12,255,11,147025,10850
221,136175,12,255,13,147025,10850
221,136175,12,255,14,147025,10850
221,136175,12,255,15,147025,10850
222,136855,13,8,8,147705,10850
223,137535,14,5,5,148385,10850
224,138215,15,12,12,149065,10850
210,139575,1,13,13,150425,10850
211,140255,2,10,10,151105,10850
212,140935,3,15,15,151785,10850
230,142295,5,1,1,153145,10850
246,153175,5,176,-1,,
232,143655,7,14,14,154505,10850
233,144335,8,0,0,155185,10850
249,155215,8,233,-1,,
234,145015,9,3,3,155865,10850
235,145695,10,255,0,156545,10850
235,145695,10,255,1,156545,10850
235,145695,10,255,2,156545,10850
235,145695,10,255,3,156545,10850
235,145695,10,255,4,156545,10850
235,145695,10,255,5,156545,10850
235,145695,10,255,6,156545,10850
235,145695,10,255,7,156545,10850
235,145695,10,255,8,156545,10850
235,145695,10,255,9,156545,10850
235,145695,10,255,11,156545,10850
235,145695,10,255,12,156545,10850
235,145695,10,255,13,156545,10850
235,145695,10,255,14,156545,10850
235,145695,10,255,15,156545,10850
236,146375,11,15,15,157225,10850
237,147055,12,10,10,157905,10850
238,147735,13,6,6,158585,10850
239,148415,14,3,3,159265,10850
240,149095,15,8,8,159945,10850
225,149775,0,9,9,160625,10850
226,150455,1,8,8,161305,10850
227,151135,2,7,7,161985,10850
228,151815,3,11,11,162665,10850
229,152495,4,11,11,163345,10850
247,153855,6,13,13,164705,10850
248,154535,7,6,6,165385,10850
250,155895,9,7,7,166745,10850
251,156575,10,1,1,167425,10850
252,157255,11,15,15,168105,10850
253,157935,12,4,4,168785,10850
254,158615,13,7,7,169465,10850
255,159295,14,11,11,170145,10850
256,159975,15,1,1,170825,10850
241,160655,0,8,8,171505,10850
242,161335,1,11,11,172185,10850
243,162015,2,7,7,172865,10850
244,162695,3,9,9,173545,10850
245,163375,4,15,15,174225,10850
262,164055,5,12,12,174905,10850
263,164735,6,4,4,175585,10850
264,165415,7,10,10,176265,10850
265,166095,8,1,1,176945,10850
266,166775,9,0,0,177625,10850
267,167455,10,11,11,178305,10850
268,168135,11,7,7,178985,10850
269,168815,12,15,15,179665,10850
270,169495,13,15,15,180345,10850
271,170175,14,15,15,181025,10850
272,170855,15,2,2,181705,10850
257,171535,0,1,1,182385,10850
258,172215,1,5,5,183065,10850
259,172895,2,9,9,183745,10850
260,173575,3,0,0,184425,10850
276,184455,3,32,-1,,
261,174255,4,1,1,185105,10850
278,174935,5,4,4,185785,10850
294,185815,5,145,-1,,
279,175615,6,255,0,186465,10850
279,175615,6,255,1,186465,10850
279,175615,6,255,2,186465,10850
279,175615,6,255,3,186465,10850
279,175615,6,255,4,186465,10850
279,175615,6,255,5,186465,10850
279,175615,6,255,7,186465,10850
279,175615,6,255,8,186465,10850
279,175615,6,255,9,186465,10850
279,175615,6,255,10,186465,10850
279,175615,6,255,11,186465,10850
279,175615,6,255,12,186465,10850
279,175615,6,255,13,186465,10850
279,175615,6,255,14,186465,10850
279,175615,6,255,15,186465,10850
280,176295,7,2,2,187145,10850
296,187175,7,131,-1,,
281,176975,8,0,0,187825,10850
297,187855,8,97,-1,,
282,177655,9,7,7,188505,10850
283,178335,10,2,2,189185,10850
284,179015,11,3,3,189865,10850
285,179695,12,7,7,190545,10850
286,180375,13,3,3,191225,10850
287,181055,14,9,9,191905,10850
288,181735,15,7,7,192585,10850
273,182415,0,8,8,193265,10850
274,183095,1,5,5,193945,10850
275,183775,2,5,5,194625,10850
277,185135,4,14,14,195985,10850
295,186495,6,2,2,197345,10850
298,188535,9,1,1,199385,10850
299,189215,10,12,12,200065,10850
300,189895,11,7,7,200745,10850
301,190575,12,6,6,201425,10850
317,201455,12,92,-1,,
302,191255,13,6,6,202105,10850
303,191935,14,0,0,202785,10850
304,192615,15,3,3,203465,10850
289,193295,0,14,14,204145,10850
290,193975,1,14,14,204825,10850
291,194655,2,13,13,205505,10850
292,195335,3,1,1,206185,10850
293,196015,4,3,3,206865,10850
309,206895,4,109,-1,,
310,196695,5,11,11,207545,10850
311,197375,6,13,13,208225,10850
312,198055,7,14,14,208905,10850
313,198735,8,10,10,209585,10850
314,199415,9,8,8,210265,10850
315,200095,10,0,0,210945,10850
316,200775,11,2,2,211625,10850
318,202135,13,7,7,212985,10850
319,202815,14,10,10,213665,10850
335,213695,14,186,-1,,
320,203495,15,6,6,214345,10850
305,204175,0,255,1,215025,10850
305,204175,0,255,2,215025,10850
305,204175,0,255,3,215025,10850
305,204175,0,255,4,215025,10850
305,204175,0,255,5,215025,10850
305,204175,0,255,6,215025,10850
305,204175,0,255,7,215025,10850
305,204175,0,255,8,215025,10850
305,204175,0,255,9,215025,10850
305,204175,0,255,10,215025,10850
305,204175,0,255,11,215025,10850
305,204175,0,255,12,215025,10850
305,204175,0,255,13,215025,10850
305,204175,0,255,14,215025,10850
305,204175,0,255,15,215025,10850
306,204855,1,14,14,215705,10850
307,205535,2,7,7,216385,10850
308,206215,3,1,1,217065,10850
326,207575,5,0,0,218425,10850
327,208255,6,10,10,219105,10850
328,208935,7,6,6,219785,10850
329,209615,8,4,4,220465,10850
330,210295,9,15,15,221145,10850
331,210975,10,13,13,221825,10850
332,211655,11,13,13,222505,10850
333,212335,12,0,0,223185,10850
334,213015,13,7,7,223865,10850
336,214375,15,4,4,225225,10850
321,215055,0,255,1,225905,10850
321,215055,0,255,2,225905,10850
321,215055,0,255,3,225905,10850
321,215055,0,255,4,225905,10850
321,215055,0,255,5,225905,10850
321,215055,0,255,6,225905,10850
321,215055,0,255,7,225905,10850
321,215055,0,255,8,225905,10850
321,215055,0,255,9,225905,10850
321,215055,0,255,10,225905,10850
321,215055,0,255,11,225905,10850
321,215055,0,255,12,225905,10850
321,215055,0,255,13,225905,10850
321,215055,0,255,14,225905,10850
321,215055,0,255,15,225905,10850
322,215735,1,10,10,226585,10850
323,216415,2,7,7,227265,10850
324,217095,3,12,12,227945,10850
325,217775,4,5,5,228625,10850
342,218455,5,6,6,229305,10850
343,219135,6,11,11,229985,10850
344,219815,7,1,1,230665,10850
345,220495,8,1,1,231345,10850
346,221175,9,2,2,232025,10850
347,221855,10,1,1,232705,10850
363,232735,10,112,-1,,
348,222535,11,3,3,233385,10850
349,223215,12,14,14,234065,10850
350,223895,13,4,4,234745,10850
351,224575,14,6,6,235425,10850
352,225255,15,12,12,236105,10850
337,225935,0,255,1,236785,10850
337,225935,0,255,2,236785,10850
337,225935,0,255,3,236785,10850
337,225935,0,255,4,236785,10850
337,225935,0,255,5,236785,10850
337,225935,0,255,6,236785,10850
337,225935,0,255,7,236785,10850
337,225935,0,255,8,236785,10850
337,225935,0,255,9,236785,10850
337,225935,0,255,10,236785,10850
337,225935,0,255,11,236785,10850
337,225935,0,255,12,236785,10850
337,225935,0,255,13,236785,10850
337,225935,0,255,14,236785,10850
337,225935,0,255,15,236785,10850
338,226615,1,11,11,237465,10850
354,237495,1,143,-1,,
339,227295,2,5,5,238145,10850
355,238175,2,156,-1,,
340,227975,3,13,13,238825,10850
341,228655,4,11,11,239505,10850
358,229335,5,255,0,240185,10850
358,229335,5,255,1,240185,10850
358,229335,5,255,2,240185,10850
358,229335,5,255,3,240185,10850
358,229335,5,255,4,240185,10850
358,229335,5,255,6,240185,10850
358,229335,5,255,7,240185,10850
358,229335,5,255,8,240185,10850
358,229335,5,255,9,240185,10850
358,229335,5,255,10,240185,10850
358,229335,5,255,11,240185,10850
358,229335,5,255,12,240185,10850
358,229335,5,255,13,240185,10850
358,229335,5,255,14,240185,10850
358,229335,5,255,15,240185,10850
359,230015,6,4,4,240865,10850
375,240895,6,106,-1,,
360,230695,7,8,8,241545,10850
361,231375,8,11,11,242225,10850
377,242255,8,71,-1,,
362,232055,9,7,7,242905,10850
364,233415,11,14,14,244265,10850
365,234095,12,3,3,244945,10850
366,234775,13,8,8,245625,10850
367,235455,14,10,10,246305,10850
368,236135,15,1,1,246985,10850
353,236815,0,14,14,247665,10850
356,238855,3,2,2,249705,10850
357,239535,4,255,0,250385,10850
357,239535,4,255,1,250385,10850
357,239535,4,255,2,250385,10850
357,239535,4,255,3,250385,10850
357,239535,4,255,5,250385,10850
357,239535,4,255,6,250385,10850
357,239535,4,255,7,250385,10850
357,239535,4,255,8,250385,10850
357,239535,4,255,9,250385,10850
357,239535,4,255,10,250385,10850
357,239535,4,255,11,250385,10850
357,239535,4,255,12,250385,10850
357,239535,4,255,13,250385,10850
357,239535,4,255,14,250385,10850
357,239535,4,255,15,250385,10850
374,240215,5,11,11,251065,10850
376,241575,7,15,15,252425,10850
378,242935,9,14,14,253785,10850
379,243615,10,5,5,254465,10850
380,244295,11,15,15,255145,10850
381,244975,12,7,7,255825,10850
382,245655,13,7,7,256505,10850
383,246335,14,4,4,257185,10850
384,247015,15,13,13,257865,10850
369,247695,0,12,12,258545,10850
370,248375,1,9,9,259225,10850
371,249055,2,8,8,259905,10850
372,249735,3,255,0,260585,10850
372,249735,3,255,1,260585,10850
372,249735,3,255,2,260585,10850
372,249735,3,255,4,260585,10850
372,249735,3,255,5,260585,10850
372,249735,3,255,6,260585,10850
372,249735,3,255,7,260585,10850
372,249735,3,255,8,260585,10850
372,249735,3,255,9,260585,10850
372,249735,3,255,10,260585,10850
372,249735,3,255,11,260585,10850
372,249735,3,255,12,260585,10850
372,249735,3,255,13,260585,10850
372,249735,3,255,14,260585,10850
372,249735,3,255,15,260585,10850
388,260615,3,71,-1,,
373,250415,4,255,0,261265,10850
373,250415,4,255,1,261265,10850
373,250415,4,255,2,261265,10850
373,250415,4,255,3,261265,10850
373,250415,4,255,5,261265,10850
373,250415,4,255,6,261265,10850
373,250415,4,255,7,261265,10850
373,250415,4,255,8,261265,10850
373,250415,4,255,9,261265,10850
373,250415,4,255,10,261265,10850
373,250415,4,255,11,261265,10850
373,250415,4,255,12,261265,10850
373,250415,4,255,13,261265,10850
373,250415,4,255,14,261265,10850
373,250415,4,255,15,261265,10850
390,251095,5,3,3,261945,10850
391,251775,6,0,0,262625,10850
407,262655,6,74,-1,,
392,252455,7,4,4,263305,10850
393,253135,8,10,10,263985,10850
394,253815,9,0,0,264665,10850
395,254495,10,12,12,265345,10850
396,255175,11,7,7,266025,10850
397,255855,12,15,15,266705,10850
398,256535,13,7,7,267385,10850
399,257215,14,6,6,268065,10850
415,268095,14,196,-1,,
400,257895,15,10,10,268745,10850
385,258575,0,5,5,269425,10850
386,259255,1,12,12,270105,10850
387,259935,2,13,13,270785,10850
389,261295,4,6,6,272145,10850
406,261975,5,255,0,272825,10850
406,261975,5,255,1,272825,10850
406,261975,5,255,2,272825,10850
406,261975,5,255,3,272825,10850
406,261975,5,255,4,272825,10850
406,261975,5,255,6,272825,10850
406,261975,5,255,7,272825,10850
406,261975,5,255,8,272825,10850
406,261975,5,255,9,272825,10850
406,261975,5,255,10,272825,10850
406,261975,5,255,11,272825,10850
406,261975,5,255,12,272825,10850
406,261975,5,255,13,272825,10850
406,261975,5,255,14,272825,10850
406,261975,5,255,15,272825,10850
408,263335,7,0,0,274185,10850
409,264015,8,1,1,274865,10850
410,264695,9,4,4,275545,10850
411,265375,10,4,4,276225,10850
412,266055,11,14,14,276905,10850
413,266735,12,11,11,277585,10850
414,267415,13,9,9,278265,10850
416,268775,15,2,2,279625,10850
401,269455,0,2,2,280305,10850
402,270135,1,255,0,280985,10850
402,270135,1,255,2,280985,10850
402,270135,1,255,3,280985,10850
402,270135,1,255,4,280985,10850
402,270135,1,255,5,280985,10850
402,270135,1,255,6,280985,10850
402,270135,1,255,7,280985,10850
402,270135,1,255,8,280985,10850
402,270135,1,255,9,280985,10850
402,270135,1,255,10,280985,10850
402,270135,1,255,11,280985,10850
402,270135,1,255,12,280985,10850
402,270135,1,255,13,280985,10850
402,270135,1,255,14,280985,10850
402,270135,1,255,15,280985,10850
403,270815,2,0,0,281665,10850
404,271495,3,8,8,282345,10850
405,272175,4,6,6,283025,10850
422,272855,5,255,0,283705,10850
422,272855,5,255,1,283705,10850
422,272855,5,255,2,283705,10850
422,272855,5,255,3,283705,10850
422,272855,5,255,4,283705,10850
422,272855,5,255,6,283705,10850
422,272855,5,255,7,283705,10850
422,272855,5,255,8,283705,10850
422,272855,5,255,9,283705,10850
422,272855,5,255,10,283705,10850
422,272855,5,255,11,283705,10850
422,272855,5,255,12,283705,10850
422,272855,5,255,13,283705,10850
422,272855,5,255,14,283705,10850
422,272855,5,255,15,283705,10850
438,283735,5,139,-1,,
423,273535,6,4,4,284385,10850
424,274215,7,1,1,285065,10850
425,274895,8,15,15,285745,10850
426,275575,9,1,1,286425,10850
427,276255,10,3,3,287105,10850
428,276935,11,2,2,287785,10850
429,277615,12,255,0,288465,10850
429,277615,12,255,1,288465,10850
429,277615,12,255,2,288465,10850
429,277615,12,255,3,288465,10850
429,277615,12,255,4,288465,10850
429,277615,12,255,5,288465,10850
429,277615,12,255,6,288465,10850
429,277615,12,255,7,288465,10850
429,277615,12,255,8,288465,10850
429,277615,12,255,9,288465,10850
429,277615,12,255,10,288465,10850
429,277615,12,255,11,288465,10850
429,277615,12,255,13,288465,10850
429,277615,12,255,14,288465,10850
429,277615,12,255,15,288465,10850
430,278295,13,3,3,289145,10850
431,278975,14,2,2,289825,10850
447,289855,14,173,-1,,
432,279655,15,0,0,290505,10850
417,280335,0,11,11,291185,10850
433,291215,0,188,-1,,
418,281015,1,14,14,291865,10850
419,281695,2,255,0,292545,10850
419,281695,2,255,1,292545,10850
419,281695,2,255,3,292545,10850
419,281695,2,255,4,292545,10850
419,281695,2,255,5,292545,10850
419,281695,2,255,6,292545,10850
419,281695,2,255,7,292545,10850
419,281695,2,255,8,292545,10850
419,281695,2,255,9,292545,10850
419,281695,2,255,10,292545,10850
419,281695,2,255,11,292545,10850
419,281695,2,255,12,292545,10850
419,281695,2,255,13,292545,10850
419,281695,2,255,14,292545,10850
419,281695,2,255,15,292545,10850
420,282375,3,2,2,293225,10850
421,283055,4,3,3,293905,10850
439,284415,6,14,14,295265,10850
440,285095,7,3,3,295945,10850
441,285775,8,255,0,296625,10850
441,285775,8,255,1,296625,10850
441,285775,8,255,2,296625,10850
441,285775,8,255,3,296625,10850
441,285775,8,255,4,296625,10850
441,285775,8,255,5,296625,10850
441,285775,8,255,6,296625,10850
441,285775,8,255,7,296625,10850
441,285775,8,255,9,296625,10850
441,285775,8,255,10,296625,10850
441,285775,8,255,11,296625,10850
441,285775,8,255,12,296625,10850
441,285775,8,255,13,296625,10850
441,285775,8,255,14,296625,10850
441,285775,8,255,15,296625,10850
442,286455,9,7,7,297305,10850
458,297335,9,61,-1,,
443,287135,10,1,1,297985,10850
444,287815,11,4,4,298665,10850
445,288495,12,8,8,299345,10850
446,289175,13,15,15,300025,10850
448,290535,15,5,5,301385,10850
434,291895,1,5,5,302745,10850
435,292575,2,3,3,303425,10850
451,303455,2,209,-1,,
436,293255,3,15,15,304105,10850
437,293935,4,6,6,304785,10850
454,294615,5,255,0,305465,10850
454,294615,5,255,1,305465,10850
454,294615,5,255,2,305465,10850
454,294615,5,255,3,305465,10850
454,294615,5,255,4,305465,10850
454,294615,5,255,6,305465,10850
454,294615,5,255,7,305465,10850
454,294615,5,255,8,305465,10850
454,294615,5,255,9,305465,10850
454,294615,5,255,10,305465,10850
454,294615,5,255,11,305465,10850
454,294615,5,255,12,305465,10850
454,294615,5,255,13,305465,10850
454,294615,5,255,14,305465,10850
454,294615,5,255,15,305465,10850
455,295295,6,13,13,306145,10850
471,306175,6,207,-1,,
456,295975,7,14,14,306825,10850
457,296655,8,255,0,307505,10850
457,296655,8,255,1,307505,10850
457,296655,8,255,2,307505,10850
457,296655,8,255,3,307505,10850
457,296655,8,255,4,307505,10850
457,296655,8,255,5,307505,10850
457,296655,8,255,6,307505,10850
457,296655,8,255,7,307505,10850
457,296655,8,255,9,307505,10850
457,296655,8,255,10,307505,10850
457,296655,8,255,11,307505,10850
457,296655,8,255,12,307505,10850
457,296655,8,255,13,307505,10850
457,296655,8,255,14,307505,10850
457,296655,8,255,15,307505,10850
459,298015,10,3,3,308865,10850
460,298695,11,0,0,309545,10850
461,299375,12,6,6,310225,10850
462,300055,13,5,5,310905,10850
463,300735,14,1,1,311585,10850
464,301415,15,0,0,312265,10850
449,302095,0,9,9,312945,10850
450,302775,1,9,9,313625,10850
452,304135,3,4,4,314985,10850
453,304815,4,1,1,315665,10850
470,305495,5,10,10,316345,10850
472,306855,7,2,2,317705,10850
473,307535,8,0,0,318385,10850
474,308215,9,13,13,319065,10850
475,308895,10,6,6,319745,10850
476,309575,11,12,12,320425,10850
477,310255,12,10,10,321105,10850
478,310935,13,4,4,321785,10850
479,311615,14,12,12,322465,10850
480,312295,15,5,5,323145,10850
465,312975,0,1,1,323825,10850
466,313655,1,14,14,324505,10850
467,314335,2,10,10,325185,10850
483,325215,2,136,-1,,
468,315015,3,255,0,325865,10850
468,315015,3,255,1,325865,10850
468,315015,3,255,2,325865,10850
468,315015,3,255,4,325865,10850
468,315015,3,255,5,325865,10850
468,315015,3,255,6,325865,10850
468,315015,3,255,7,325865,10850
468,315015,3,255,8,325865,10850
468,315015,3,255,9,325865,10850
468,315015,3,255,10,325865,10850
468,315015,3,255,11,325865,10850
468,315015,3,255,12,325865,10850
468,315015,3,255,13,325865,10850
468,315015,3,255,14,325865,10850
468,315015,3,255,15,325865,10850
469,315695,4,15,15,326545,10850
486,316375,5,4,4,327225,10850
502,327255,5,203,-1,,
487,317055,6,4,4,327905,10850
488,317735,7,5,5,328585,10850
489,318415,8,5,5,329265,10850
490,319095,9,2,2,329945,10850
491,319775,10,255,0,330625,10850
491,319775,10,255,1,330625,10850
491,319775,10,255,2,330625,10850
491,319775,10,255,3,330625,10850
491,319775,10,255,4,330625,10850
491,319775,10,255,5,330625,10850
491,319775,10,255,6,330625,10850
491,319775,10,255,7,330625,10850
491,319775,10,255,8,330625,10850
491,319775,10,255,9,330625,10850
491,319775,10,255,11,330625,10850
491,319775,10,255,12,330625,10850
491,319775,10,255,13,330625,10850
491,319775,10,255,14,330625,10850
491,319775,10,255,15,330625,10850
492,320455,11,1,1,331305,10850
493,321135,12,11,11,331985,10850
494,321815,13,9,9,332665,10850
495,322495,14,5,5,333345,10850
496,323175,15,14,14,334025,10850
481,323855,0,10,10,334705,10850
482,324535,1,5,5,335385,10850
499,336095,2,118,-1,,
484,325895,3,10,10,336745,10850
485,326575,4,6,6,337425,10850
503,327935,6,13,13,338785,10850
504,328615,7,6,6,339465,10850
505,329295,8,5,5,340145,10850
506,329975,9,13,13,340825,10850
507,330655,10,11,11,341505,10850
508,331335,11,12,12,342185,10850
509,332015,12,10,10,342865,10850
510,332695,13,14,14,343545,10850
511,333375,14,7,7,344225,10850
512,334055,15,3,3,344905,10850
497,334735,0,9,9,345585,10850
498,335415,1,5,5,346265,10850
500,336775,3,6,6,347625,10850
501,337455,4,14,14,348305,10850
518,338135,5,9,9,348985,10850
519,338815,6,15,15,349665,10850
520,339495,7,4,4,350345,10850
521,340175,8,255,0,351025,10850
521,340175,8,255,1,351025,10850
521,340175,8,255,2,351025,10850
521,340175,8,255,3,351025,10850
521,340175,8,255,4,351025,10850
521,340175,8,255,5,351025,10850
521,340175,8,255,6,351025,10850
521,340175,8,255,7,351025,10850
521,340175,8,255,9,351025,10850
521,340175,8,255,10,351025,10850
521,340175,8,255,11,351025,10850
521,340175,8,255,12,351025,10850
521,340175,8,255,13,351025,10850
521,340175,8,255,14,351025,10850
521,340175,8,255,15,351025,10850
522,340855,9,4,4,351705,10850
523,341535,10,255,0,352385,10850
523,341535,10,255,1,352385,10850
523,341535,10,255,2,352385,10850
523,341535,10,255,3,352385,10850
523,341535,10,255,4,352385,10850
523,341535,10,255,5,352385,10850
523,341535,10,255,6,352385,10850
523,341535,10,255,7,352385,10850
523,341535,10,255,8,352385,10850
523,341535,10,255,9,352385,10850
523,341535,10,255,11,352385,10850
523,341535,10,255,12,352385,10850
523,341535,10,255,13,352385,10850
523,341535,10,255,14,352385,10850
523,341535,10,255,15,352385,10850
524,342215,11,0,0,353065,10850
525,342895,12,6,6,353745,10850
526,343575,13,8,8,354425,10850
527,344255,14,7,7,355105,10850
528,344935,15,8,8,355785,10850
513,345615,0,14,14,356465,10850
529,356495,0,164,-1,,
514,346295,1,11,11,357145,10850
515,346975,2,1,1,357825,10850
516,347655,3,7,7,358505,10850
517,348335,4,7,7,359185,10850
534,349015,5,6,6,359865,10850
535,349695,6,8,8,360545,10850
536,350375,7,15,15,361225,10850
537,351055,8,13,13,361905,10850
538,351735,9,1,1,362585,10850
539,352415,10,8,8,363265,10850
555,363295,10,83,-1,,
540,353095,11,5,5,363945,10850
541,353775,12,6,6,364625,10850
542,354455,13,255,0,365305,10850
542,354455,13,255,1,365305,10850
542,354455,13,255,2,365305,10850
542,354455,13,255,3,365305,10850
542,354455,13,255,4,365305,10850
542,354455,13,255,5,365305,10850
542,354455,13,255,6,365305,10850
542,354455,13,255,7,365305,10850
542,354455,13,255,8,365305,10850
542,354455,13,255,9,365305,10850
542,354455,13,255,10,365305,10850
542,354455,13,255,11,365305,10850
542,354455,13,255,12,365305,10850
542,354455,13,255,14,365305,10850
542,354455,13,255,15,365305,10850
543,355135,14,255,0,365985,10850
543,355135,14,255,1,365985,10850
543,355135,14,255,2,365985,10850
543,355135,14,255,3,365985,10850
543,355135,14,255,4,365985,10850
543,355135,14,255,5,365985,10850
543,355135,14,255,6,365985,10850
543,355135,14,255,7,365985,10850
543,355135,14,255,8,365985,10850
543,355135,14,255,9,365985,10850
543,355135,14,255,10,365985,10850
543,355135,14,255,11,365985,10850
543,355135,14,255,12,365985,10850
543,355135,14,255,13,365985,10850
543,355135,14,255,15,365985,10850
544,355815,15,7,7,366665,10850
545,367375,0,31,-1,,
530,357175,1,2,2,368025,10850
531,357855,2,8,8,368705,10850
532,358535,3,12,12,369385,10850
533,359215,4,14,14,370065,10850
550,359895,5,3,3,370745,10850
551,360575,6,1,1,371425,10850
552,361255,7,8,8,372105,10850
553,361935,8,0,0,372785,10850
554,362615,9,255,0,373465,10850
554,362615,9,255,1,373465,10850
554,362615,9,255,2,373465,10850
554,362615,9,255,3,373465,10850
554,362615,9,255,4,373465,10850
554,362615,9,255,5,373465,10850
554,362615,9,255,6,373465,10850
554,362615,9,255,7,373465,10850
554,362615,9,255,8,373465,10850
554,362615,9,255,10,373465,10850
554,362615,9,255,11,373465,10850
554,362615,9,255,12,373465,10850
554,362615,9,255,13,373465,10850
554,362615,9,255,14,373465,10850
554,362615,9,255,15,373465,10850
556,363975,11,12,12,374825,10850
557,364655,12,6,6,375505,10850
558,365335,13,14,14,376185,10850
559,366015,14,4,4,376865,10850
575,376895,14,136,-1,,
560,366695,15,3,3,377545,10850
546,368055,1,8,8,378905,10850
547,368735,2,6,6,379585,10850
548,369415,3,7,7,380265,10850
549,370095,4,9,9,380945,10850
566,370775,5,13,13,381625,10850
567,371455,6,11,11,382305,10850
568,372135,7,12,12,382985,10850
569,372815,8,7,7,383665,10850
570,373495,9,14,14,384345,10850
571,374175,10,8,8,385025,10850
572,374855,11,5,5,385705,10850
573,375535,12,7,7,386385,10850
574,376215,13,5,5,387065,10850
576,377575,15,14,14,388425,10850
561,378255,0,255,1,389105,10850
561,378255,0,255,2,389105,10850
561,378255,0,255,3,389105,10850
561,378255,0,255,4,389105,10850
561,378255,0,255,5,389105,10850
561,378255,0,255,6,389105,10850
561,378255,0,255,7,389105,10850
561,378255,0,255,8,389105,10850
561,378255,0,255,9,389105,10850
561,378255,0,255,10,389105,10850
561,378255,0,255,11,389105,10850
561,378255,0,255,12,389105,10850
561,378255,0,255,13,389105,10850
561,378255,0,255,14,389105,10850
561,378255,0,255,15,389105,10850
577,389135,0,233,-1,,
562,378935,1,7,7,389785,10850
563,379615,2,13,13,390465,10850
564,380295,3,7,7,391145,10850
565,380975,4,1,1,391825,10850
582,381655,5,6,6,392505,10850
598,392535,5,141,-1,,
583,382335,6,4,4,393185,10850
584,383015,7,6,6,393865,10850
585,383695,8,10,10,394545,10850
601,394575,8,188,-1,,
586,384375,9,3,3,395225,10850
587,385055,10,15,15,395905,10850
588,385735,11,12,12,396585,10850
589,386415,12,5,5,397265,10850
590,387095,13,5,5,397945,10850
591,387775,14,7,7,398625,10850
592,388455,15,4,4,399305,10850
578,389815,1,255,0,400665,10850
578,389815,1,255,2,400665,10850
578,389815,1,255,3,400665,10850
578,389815,1,255,4,400665,10850
578,389815,1,255,5,400665,10850
578,389815,1,255,6,400665,10850
578,389815,1,255,7,400665,10850
578,389815,1,255,8,400665,10850
578,389815,1,255,9,400665,10850
578,389815,1,255,10,400665,10850
578,389815,1,255,11,400665,10850
578,389815,1,255,12,400665,10850
578,389815,1,255,13,400665,10850
578,389815,1,255,14,400665,10850
578,389815,1,255,15,400665,10850
579,390495,2,3,3,401345,10850
580,391175,3,8,8,402025,10850
581,391855,4,14,14,402705,10850
614,403415,5,203,-1,,
599,393215,6,2,2,404065,10850
600,393895,7,13,13,404745,10850
602,395255,9,10,10,406105,10850
603,395935,10,11,11,406785,10850
604,396615,11,5,5,407465,10850
605,397295,12,13,13,408145,10850
606,397975,13,14,14,408825,10850
607,398655,14,9,9,409505,10850
608,399335,15,9,9,410185,10850
593,400015,0,9,9,410865,10850
594,400695,1,0,0,411545,10850
595,401375,2,15,15,412225,10850
596,402055,3,255,0,412905,10850
596,402055,3,255,1,412905,10850
596,402055,3,255,2,412905,10850
596,402055,3,255,4,412905,10850
596,402055,3,255,5,412905,10850
596,402055,3,255,6,412905,10850
596,402055,3,255,7,412905,10850
596,402055,3,255,8,412905,10850
596,402055,3,255,9,412905,10850
596,402055,3,255,10,412905,10850
596,402055,3,255,11,412905,10850
596,402055,3,255,12,412905,10850
596,402055,3,255,13,412905,10850
596,402055,3,255,14,412905,10850
596,402055,3,255,15,412905,10850
597,402735,4,8,8,413585,10850
615,404095,6,1,1,414945,10850
616,404775,7,3,3,415625,10850
617,405455,8,255,0,416305,10850
617,405455,8,255,1,416305,10850
617,405455,8,255,2,416305,10850
617,405455,8,255,3,416305,10850
617,405455,8,255,4,416305,10850
617,405455,8,255,5,416305,10850
617,405455,8,255,6,416305,10850
617,405455,8,255,7,416305,10850
617,405455,8,255,9,416305,10850
617,405455,8,255,10,416305,10850
617,405455,8,255,11,416305,10850
617,405455,8,255,12,416305,10850
617,405455,8,255,13,416305,10850
617,405455,8,255,14,416305,10850
617,405455,8,255,15,416305,10850
618,406135,9,11,11,416985,10850
619,406815,10,8,8,417665,10850
620,407495,11,0,0,418345,10850
621,408175,12,0,0,419025,10850
622,408855,13,7,7,419705,10850
623,409535,14,12,12,420385,10850
624,410215,15,3,3,421065,10850
609,410895,0,2,2,421745,10850
610,411575,1,8,8,422425,10850
611,412255,2,255,0,423105,10850
611,412255,2,255,1,423105,10850
611,412255,2,255,3,423105,10850
611,412255,2,255,4,423105,10850
611,412255,2,255,5,423105,10850
611,412255,2,255,6,423105,10850
611,412255,2,255,7,423105,10850
611,412255,2,255,8,423105,10850
611,412255,2,255,9,423105,10850
611,412255,2,255,10,423105,10850
611,412255,2,255,11,423105,10850
611,412255,2,255,12,423105,10850
611,412255,2,255,13,423105,10850
611,412255,2,255,14,423105,10850
611,412255,2,255,15,423105,10850
612,412935,3,14,14,423785,10850
613,413615,4,5,5,424465,10850
630,414295,5,6,6,425145,10850
631,414975,6,7,7,425825,10850
632,415655,7,11,11,426505,10850
633,416335,8,3,3,427185,10850
634,417015,9,10,10,427865,10850
635,417695,10,2,2,428545,10850
636,418375,11,2,2,429225,10850
637,419055,12,2,2,429905,10850
638,419735,13,15,15,430585,10850
639,420415,14,10,10,431265,10850
640,421095,15,11,11,431945,10850
625,421775,0,6,6,432625,10850
626,422455,1,11,11,433305,10850
627,423135,2,0,0,433985,10850
628,423815,3,255,0,434665,10850
628,423815,3,255,1,434665,10850
628,423815,3,255,2,434665,10850
628,423815,3,255,4,434665,10850
628,423815,3,255,5,434665,10850
628,423815,3,255,6,434665,10850
628,423815,3,255,7,434665,10850
628,423815,3,255,8,434665,10850
628,423815,3,255,9,434665,10850
628,423815,3,255,10,434665,10850
628,423815,3,255,11,434665,10850
628,423815,3,255,12,434665,10850
628,423815,3,255,13,434665,10850
628,423815,3,255,14,434665,10850
628,423815,3,255,15,434665,10850
629,424495,4,11,11,435345,10850
646,425175,5,7,7,436025,10850
647,425855,6,255,0,436705,10850
647,425855,6,255,1,436705,10850
647,425855,6,255,2,436705,10850
647,425855,6,255,3,436705,10850
647,425855,6,255,4,436705,10850
647,425855,6,255,5,436705,10850
647,425855,6,255,7,436705,10850
647,425855,6,255,8,436705,10850
647,425855,6,255,9,436705,10850
647,425855,6,255,10,436705,10850
647,425855,6,255,11,436705,10850
647,425855,6,255,12,436705,10850
647,425855,6,255,13,436705,10850
647,425855,6,255,14,436705,10850
647,425855,6,255,15,436705,10850
648,426535,7,9,9,437385,10850
649,427215,8,7,7,438065,10850
650,427895,9,14,14,438745,10850
651,428575,10,13,13,439425,10850
652,429255,11,255,0,440105,10850
652,429255,11,255,1,440105,10850
652,429255,11,255,2,440105,10850
652,429255,11,255,3,440105,10850
652,429255,11,255,4,440105,10850
652,429255,11,255,5,440105,10850
652,429255,11,255,6,440105,10850
652,429255,11,255,7,440105,10850
652,429255,11,255,8,440105,10850
652,429255,11,255,9,440105,10850
652,429255,11,255,10,440105,10850
652,429255,11,255,12,440105,10850
652,429255,11,255,13,440105,10850
652,429255,11,255,14,440105,10850
652,429255,11,255,15,440105,10850
653,429935,12,255,0,440785,10850
653,429935,12,255,1,440785,10850
653,429935,12,255,2,440785,10850
653,429935,12,255,3,440785,10850
653,429935,12,255,4,440785,10850
653,429935,12,255,5,440785,10850
653,429935,12,255,6,440785,10850
653,429935,12,255,7,440785,10850
653,429935,12,255,8,440785,10850
653,429935,12,255,9,440785,10850
653,429935,12,255,10,440785,10850
653,429935,12,255,11,440785,10850
653,429935,12,255,13,440785,10850
653,429935,12,255,14,440785,10850
653,429935,12,255,15,440785,10850
654,430615,13,5,5,441465,10850
655,431295,14,3,3,442145,10850
656,431975,15,0,0,442825,10850
641,432655,0,14,14,443505,10850
642,433335,1,9,9,444185,10850
643,434015,2,10,10,444865,10850
644,434695,3,13,13,445545,10850
645,435375,4,14,14,446225,10850
662,436055,5,255,0,446905,10850
662,436055,5,255,1,446905,10850
662,436055,5,255,2,446905,10850
662,436055,5,255,3,446905,10850
662,436055,5,255,4,446905,10850
662,436055,5,255,6,446905,10850
662,436055,5,255,7,446905,10850
662,436055,5,255,8,446905,10850
662,436055,5,255,9,446905,10850
662,436055,5,255,10,446905,10850
662,436055,5,255,11,446905,10850
662,436055,5,255,12,446905,10850
662,436055,5,255,13,446905,10850
662,436055,5,255,14,446905,10850
662,436055,5,255,15,446905,10850
663,436735,6,15,15,447585,10850
679,447615,6,69,-1,,
664,437415,7,9,9,448265,10850
665,438095,8,11,11,448945,10850
666,438775,9,5,5,449625,10850
667,439455,10,1,1,450305,10850
668,440135,11,255,0,450985,10850
668,440135,11,255,1,450985,10850
668,440135,11,255,2,450985,10850
668,440135,11,255,3,450985,10850
668,440135,11,255,4,450985,10850
668,440135,11,255,5,450985,10850
668,440135,11,255,6,450985,10850
668,440135,11,255,7,450985,10850
668,440135,11,255,8,450985,10850
668,440135,11,255,9,450985,10850
668,440135,11,255,10,450985,10850
668,440135,11,255,12,450985,10850
668,440135,11,255,13,450985,10850
668,440135,11,255,14,450985,10850
668,440135,11,255,15,450985,10850
684,451015,11,202,-1,,
669,440815,12,11,11,451665,10850
670,441495,13,15,15,452345,10850
671,442175,14,13,13,453025,10850
687,453055,14,253,-1,,
672,442855,15,6,6,453705,10850
657,443535,0,12,12,454385,10850
658,444215,1,11,11,455065,10850
659,444895,2,3,3,455745,10850
660,445575,3,6,6,456425,10850
661,446255,4,255,0,457105,10850
661,446255,4,255,1,457105,10850
661,446255,4,255,2,457105,10850
661,446255,4,255,3,457105,10850
661,446255,4,255,5,457105,10850
661,446255,4,255,6,457105,10850
661,446255,4,255,7,457105,10850
661,446255,4,255,8,457105,10850
661,446255,4,255,9,457105,10850
661,446255,4,255,10,457105,10850
661,446255,4,255,11,457105,10850
661,446255,4,255,12,457105,10850
661,446255,4,255,13,457105,10850
661,446255,4,255,14,457105,10850
661,446255,4,255,15,457105,10850
678,446935,5,8,8,457785,10850
680,448295,7,4,4,459145,10850
681,448975,8,11,11,459825,10850
682,449655,9,8,8,460505,10850
683,450335,10,0,0,461185,10850
685,451695,12,4,4,462545,10850
701,462575,12,172,-1,,
686,452375,13,255,0,463225,10850
686,452375,13,255,1,463225,10850
686,452375,13,255,2,463225,10850
686,452375,13,255,3,463225,10850
686,452375,13,255,4,463225,10850
686,452375,13,255,5,463225,10850
686,452375,13,255,6,463225,10850
686,452375,13,255,7,463225,10850
686,452375,13,255,8,463225,10850
686,452375,13,255,9,463225,10850
686,452375,13,255,10,463225,10850
686,452375,13,255,11,463225,10850
686,452375,13,255,12,463225,10850
686,452375,13,255,14,463225,10850
686,452375,13,255,15,463225,10850
688,453735,15,5,5,464585,10850
673,454415,0,10,10,465265,10850
674,455095,1,7,7,465945,10850
675,455775,2,10,10,466625,10850
676,456455,3,255,0,467305,10850
676,456455,3,255,1,467305,10850
676,456455,3,255,2,467305,10850
676,456455,3,255,4,467305,10850
676,456455,3,255,5,467305,10850
676,456455,3,255,6,467305,10850
676,456455,3,255,7,467305,10850
676,456455,3,255,8,467305,10850
676,456455,3,255,9,467305,10850
676,456455,3,255,10,467305,10850
676,456455,3,255,11,467305,10850
676,456455,3,255,12,467305,10850
676,456455,3,255,13,467305,10850
676,456455,3,255,14,467305,10850
676,456455,3,255,15,467305,10850
677,457135,4,255,0,467985,10850
677,457135,4,255,1,467985,10850
677,457135,4,255,2,467985,10850
677,457135,4,255,3,467985,10850
677,457135,4,255,5,467985,10850
677,457135,4,255,6,467985,10850
677,457135,4,255,7,467985,10850
677,457135,4,255,8,467985,10850
677,457135,4,255,9,467985,10850
677,457135,4,255,10,467985,10850
677,457135,4,255,11,467985,10850
677,457135,4,255,12,467985,10850
677,457135,4,255,13,467985,10850
677,457135,4,255,14,467985,10850
677,457135,4,255,15,467985,10850
694,457815,5,255,0,468665,10850
694,457815,5,255,1,468665,10850
694,457815,5,255,2,468665,10850
694,457815,5,255,3,468665,10850
694,457815,5,255,4,468665,10850
694,457815,5,255,6,468665,10850
694,457815,5,255,7,468665,10850
694,457815,5,255,8,468665,10850
694,457815,5,255,9,468665,10850
694,457815,5,255,10,468665,10850
694,457815,5,255,11,468665,10850
694,457815,5,255,12,468665,10850
694,457815,5,255,13,468665,10850
694,457815,5,255,14,468665,10850
694,457815,5,255,15,468665,10850
695,458495,6,1,1,469345,10850
711,469375,6,164,-1,,
696,459175,7,5,5,470025,10850
712,470055,7,166,-1,,
697,459855,8,13,13,470705,10850
698,460535,9,4,4,471385,10850
699,461215,10,12,12,472065,10850
700,461895,11,10,10,472745,10850
702,463255,13,10,10,474105,10850
703,463935,14,5,5,474785,10850
704,464615,15,2,2,475465,10850
689,465295,0,12,12,476145,10850
690,465975,1,5,5,476825,10850
706,476855,1,129,-1,,
691,466655,2,12,12,477505,10850
692,467335,3,9,9,478185,10850
693,468015,4,1,1,478865,10850
710,468695,5,255,0,479545,10850
710,468695,5,255,1,479545,10850
710,468695,5,255,2,479545,10850
710,468695,5,255,3,479545,10850
710,468695,5,255,4,479545,10850
710,468695,5,255,6,479545,10850
710,468695,5,255,7,479545,10850
710,468695,5,255,8,479545,10850
710,468695,5,255,9,479545,10850
710,468695,5,255,10,479545,10850
710,468695,5,255,11,479545,10850
710,468695,5,255,12,479545,10850
710,468695,5,255,13,479545,10850
710,468695,5,255,14,479545,10850
710,468695,5,255,15,479545,10850
726,479575,5,91,-1,,
728,480935,7,128,-1,,
713,470735,8,9,9,481585,10850
714,471415,9,6,6,482265,10850
715,472095,10,12,12,482945,10850
716,472775,11,12,12,483625,10850
717,473455,12,2,2,484305,10850
718,474135,13,10,10,484985,10850
719,474815,14,3,3,485665,10850
720,475495,15,11,11,486345,10850
705,476175,0,9,9,487025,10850
707,477535,2,11,11,488385,10850
708,478215,3,9,9,489065,10850
709,478895,4,3,3,489745,10850
727,480255,6,11,11,491105,10850
729,481615,8,5,5,492465,10850
730,482295,9,14,14,493145,10850
731,482975,10,8,8,493825,10850
732,483655,11,5,5,494505,10850
733,484335,12,6,6,495185,10850
749,495215,12,69,-1,,
734,485015,13,6,6,495865,10850
750,495895,13,113,-1,,
735,485695,14,9,9,496545,10850
736,486375,15,8,8,497225,10850
721,487055,0,7,7,497905,10850
722,487735,1,8,8,498585,10850
723,488415,2,10,10,499265,10850
724,489095,3,13,13,499945,10850
725,489775,4,8,8,500625,10850
742,490455,5,8,8,501305,10850
743,491135,6,0,0,501985,10850
744,491815,7,3,3,502665,10850
745,492495,8,255,0,503345,10850
745,492495,8,255,1,503345,10850
745,492495,8,255,2,503345,10850
745,492495,8,255,3,503345,10850
745,492495,8,255,4,503345,10850
745,492495,8,255,5,503345,10850
745,492495,8,255,6,503345,10850
745,492495,8,255,7,503345,10850
745,492495,8,255,9,503345,10850
745,492495,8,255,10,503345,10850
745,492495,8,255,11,503345,10850
745,492495,8,255,12,503345,10850
745,492495,8,255,13,503345,10850
745,492495,8,255,14,503345,10850
745,492495,8,255,15,503345,10850
761,503375,8,185,-1,,
746,493175,9,12,12,504025,10850
747,493855,10,9,9,504705,10850
748,494535,11,1,1,505385,10850
751,496575,14,8,8,507425,10850
752,497255,15,2,2,508105,10850
737,497935,0,8,8,508785,10850
738,498615,1,3,3,509465,10850
739,499295,2,6,6,510145,10850
740,499975,3,2,2,510825,10850
741,500655,4,255,0,511505,10850
741,500655,4,255,1,511505,10850
741,500655,4,255,2,511505,10850
741,500655,4,255,3,511505,10850
741,500655,4,255,5,511505,10850
741,500655,4,255,6,511505,10850
741,500655,4,255,7,511505,10850
741,500655,4,255,8,511505,10850
741,500655,4,255,9,511505,10850
741,500655,4,255,10,511505,10850
741,500655,4,255,11,511505,10850
741,500655,4,255,12,511505,10850
741,500655,4,255,13,511505,10850
741,500655,4,255,14,511505,10850
741,500655,4,255,15,511505,10850
758,501335,5,8,8,512185,10850
759,502015,6,7,7,512865,10850
760,502695,7,6,6,513545,10850
762,504055,9,255,0,514905,10850
762,504055,9,255,1,514905,10850
762,504055,9,255,2,514905,10850
762,504055,9,255,3,514905,10850
762,504055,9,255,4,514905,10850
762,504055,9,255,5,514905,10850
762,504055,9,255,6,514905,10850
762,504055,9,255,7,514905,10850
762,504055,9,255,8,514905,10850
762,504055,9,255,10,514905,10850
762,504055,9,255,11,514905,10850
762,504055,9,255,12,514905,10850
762,504055,9,255,13,514905,10850
762,504055,9,255,14,514905,10850
762,504055,9,255,15,514905,10850
763,504735,10,3,3,515585,10850
764,505415,11,255,0,516265,10850
764,505415,11,255,1,516265,10850
764,505415,11,255,2,516265,10850
764,505415,11,255,3,516265,10850
764,505415,11,255,4,516265,10850
764,505415,11,255,5,516265,10850
764,505415,11,255,6,516265,10850
764,505415,11,255,7,516265,10850
764,505415,11,255,8,516265,10850
764,505415,11,255,9,516265,10850
764,505415,11,255,10,516265,10850
764,505415,11,255,12,516265,10850
764,505415,11,255,13,516265,10850
764,505415,11,255,14,516265,10850
764,505415,11,255,15,516265,10850
765,506095,12,14,14,516945,10850
766,506775,13,11,11,517625,10850
767,507455,14,15,15,518305,10850
768,508135,15,6,6,518985,10850
753,508815,0,1,1,519665,10850
754,509495,1,6,6,520345,10850
755,510175,2,5,5,521025,10850
756,510855,3,255,0,521705,10850
756,510855,3,255,1,521705,10850
756,510855,3,255,2,521705,10850
756,510855,3,255,4,521705,10850
756,510855,3,255,5,521705,10850
756,510855,3,255,6,521705,10850
756,510855,3,255,7,521705,10850
756,510855,3,255,8,521705,10850
756,510855,3,255,9,521705,10850
756,510855,3,255,10,521705,10850
756,510855,3,255,11,521705,10850
756,510855,3,255,12,521705,10850
756,510855,3,255,13,521705,10850
756,510855,3,255,14,521705,10850
756,510855,3,255,15,521705,10850
757,511535,4,15,15,522385,10850
774,512215,5,255,0,523065,10850
774,512215,5,255,1,523065,10850
774,512215,5,255,2,523065,10850
774,512215,5,255,3,523065,10850
774,512215,5,255,4,523065,10850
774,512215,5,255,6,523065,10850
774,512215,5,255,7,523065,10850
774,512215,5,255,8,523065,10850
774,512215,5,255,9,523065,10850
774,512215,5,255,10,523065,10850
774,512215,5,255,11,523065,10850
774,512215,5,255,12,523065,10850
774,512215,5,255,13,523065,10850
774,512215,5,255,14,523065,10850
774,512215,5,255,15,523065,10850
775,512895,6,2,2,523745,10850
776,513575,7,255,0,524425,10850
776,513575,7,255,1,524425,10850
776,513575,7,255,2,524425,10850
776,513575,7,255,3,524425,10850
776,513575,7,255,4,524425,10850
776,513575,7,255,5,524425,10850
776,513575,7,255,6,524425,10850
776,513575,7,255,8,524425,10850
776,513575,7,255,9,524425,10850
776,513575,7,255,10,524425,10850
776,513575,7,255,11,524425,10850
776,513575,7,255,12,524425,10850
776,513575,7,255,13,524425,10850
776,513575,7,255,14,524425,10850
776,513575,7,255,15,524425,10850
777,514255,8,3,3,525105,10850
778,514935,9,1,1,525785,10850
779,515615,10,11,11,526465,10850
780,516295,11,2,2,527145,10850
781,516975,12,15,15,527825,10850
782,517655,13,4,4,528505,10850
783,518335,14,3,3,529185,10850
784,519015,15,255,0,529865,10850
784,519015,15,255,1,529865,10850
784,519015,15,255,2,529865,10850
784,519015,15,255,3,529865,10850
784,519015,15,255,4,529865,10850
784,519015,15,255,5,529865,10850
784,519015,15,255,6,529865,10850
784,519015,15,255,7,529865,10850
784,519015,15,255,8,529865,10850
784,519015,15,255,9,529865,10850
784,519015,15,255,10,529865,10850
784,519015,15,255,11,529865,10850
784,519015,15,255,12,529865,10850
784,519015,15,255,13,529865,10850
784,519015,15,255,14,529865,10850
769,519695,0,255,1,530545,10850
769,519695,0,255,2,530545,10850
769,519695,0,255,3,530545,10850
769,519695,0,255,4,530545,10850
769,519695,0,255,5,530545,10850
769,519695,0,255,6,530545,10850
769,519695,0,255,7,530545,10850
769,519695,0,255,8,530545,10850
769,519695,0,255,9,530545,10850
769,519695,0,255,10,530545,10850
769,519695,0,255,11,530545,10850
769,519695,0,255,12,530545,10850
769,519695,0,255,13,530545,10850
769,519695,0,255,14,530545,10850
769,519695,0,255,15,530545,10850
770,520375,1,5,5,531225,10850
771,521055,2,6,6,531905,10850
772,521735,3,7,7,532585,10850
773,522415,4,8,8,533265,10850
790,523095,5,4,4,533945,10850
806,533975,5,97,-1,,
791,523775,6,12,12,534625,10850
792,524455,7,4,4,535305,10850
793,525135,8,6,6,535985,10850
794,525815,9,13,13,536665,10850
795,526495,10,14,14,537345,10850
796,527175,11,10,10,538025,10850
797,527855,12,255,0,538705,10850
797,527855,12,255,1,538705,10850
797,527855,12,255,2,538705,10850
797,527855,12,255,3,538705,10850
797,527855,12,255,4,538705,10850
797,527855,12,255,5,538705,10850
797,527855,12,255,6,538705,10850
797,527855,12,255,7,538705,10850
797,527855,12,255,8,538705,10850
797,527855,12,255,9,538705,10850
797,527855,12,255,10,538705,10850
797,527855,12,255,11,538705,10850
797,527855,12,255,13,538705,10850
797,527855,12,255,14,538705,10850
797,527855,12,255,15,538705,10850
798,528535,13,9,9,539385,10850
799,529215,14,15,15,540065,10850
800,529895,15,1,1,540745,10850
785,530575,0,12,12,541425,10850
786,531255,1,0,0,542105,10850
787,531935,2,5,5,542785,10850
788,532615,3,9,9,543465,10850
804,543495,3,204,-1,,
789,533295,4,255,0,544145,10850
789,533295,4,255,1,544145,10850
789,533295,4,255,2,544145,10850
789,533295,4,255,3,544145,10850
789,533295,4,255,5,544145,10850
789,533295,4,255,6,544145,10850
789,533295,4,255,7,544145,10850
789,533295,4,255,8,544145,10850
789,533295,4,255,9,544145,10850
789,533295,4,255,10,544145,10850
789,533295,4,255,11,544145,10850
789,533295,4,255,12,544145,10850
789,533295,4,255,13,544145,10850
789,533295,4,255,14,544145,10850
789,533295,4,255,15,544145,10850
807,534655,6,8,8,545505,10850
808,535335,7,8,8,546185,10850
809,536015,8,14,14,546865,10850
810,536695,9,14,14,547545,10850
811,537375,10,12,12,548225,10850
812,538055,11,12,12,548905,10850
813,538735,12,7,7,549585,10850
814,539415,13,255,0,550265,10850
814,539415,13,255,1,550265,10850
814,539415,13,255,2,550265,10850
814,539415,13,255,3,550265,10850
814,539415,13,255,4,550265,10850
814,539415,13,255,5,550265,10850
814,539415,13,255,6,550265,10850
814,539415,13,255,7,550265,10850
814,539415,13,255,8,550265,10850
814,539415,13,255,9,550265,10850
814,539415,13,255,10,550265,10850
814,539415,13,255,11,550265,10850
814,539415,13,255,12,550265,10850
814,539415,13,255,14,550265,10850
814,539415,13,255,15,550265,10850
815,540095,14,6,6,550945,10850
816,540775,15,4,4,551625,10850
801,541455,0,10,10,552305,10850
802,542135,1,13,13,552985,10850
803,542815,2,14,14,553665,10850
805,544175,4,11,11,555025,10850
822,544855,5,6,6,555705,10850
823,545535,6,255,0,556385,10850
823,545535,6,255,1,556385,10850
823,545535,6,255,2,556385,10850
823,545535,6,255,3,556385,10850
823,545535,6,255,4,556385,10850
823,545535,6,255,5,556385,10850
823,545535,6,255,7,556385,10850
823,545535,6,255,8,556385,10850
823,545535,6,255,9,556385,10850
823,545535,6,255,10,556385,10850
823,545535,6,255,11,556385,10850
823,545535,6,255,12,556385,10850
823,545535,6,255,13,556385,10850
823,545535,6,255,14,556385,10850
823,545535,6,255,15,556385,10850
824,546215,7,15,15,557065,10850
825,546895,8,12,12,557745,10850
826,547575,9,255,0,558425,10850
826,547575,9,255,1,558425,10850
826,547575,9,255,2,558425,10850
826,547575,9,255,3,558425,10850
826,547575,9,255,4,558425,10850
826,547575,9,255,5,558425,10850
826,547575,9,255,6,558425,10850
826,547575,9,255,7,558425,10850
826,547575,9,255,8,558425,10850
826,547575,9,255,10,558425,10850
826,547575,9,255,11,558425,10850
826,547575,9,255,12,558425,10850
826,547575,9,255,13,558425,10850
826,547575,9,255,14,558425,10850
826,547575,9,255,15,558425,10850
827,548255,10,12,12,559105,10850
828,548935,11,6,6,559785,10850
829,549615,12,13,13,560465,10850
830,550295,13,8,8,561145,10850
831,550975,14,12,12,561825,10850
832,551655,15,9,9,562505,10850
817,552335,0,6,6,563185,10850
818,553015,1,3,3,563865,10850
819,553695,2,0,0,564545,10850
820,554375,3,8,8,565225,10850
821,555055,4,5,5,565905,10850
838,555735,5,10,10,566585,10850
839,556415,6,3,3,567265,10850
840,557095,7,4,4,567945,10850
841,557775,8,1,1,568625,10850
857,568655,8,126,-1,,
842,558455,9,8,8,569305,10850
843,559135,10,4,4,569985,10850
844,559815,11,8,8,570665,10850
845,560495,12,7,7,571345,10850
846,561175,13,255,0,572025,10850
846,561175,13,255,1,572025,10850
846,561175,13,255,2,572025,10850
846,561175,13,255,3,572025,10850
846,561175,13,255,4,572025,10850
846,561175,13,255,5,572025,10850
846,561175,13,255,6,572025,10850
846,561175,13,255,7,572025,10850
846,561175,13,255,8,572025,10850
846,561175,13,255,9,572025,10850
846,561175,13,255,10,572025,10850
846,561175,13,255,11,572025,10850
846,561175,13,255,12,572025,10850
846,561175,13,255,14,572025,10850
846,561175,13,255,15,572025,10850
847,561855,14,5,5,572705,10850
848,562535,15,2,2,573385,10850
833,563215,0,5,5,574065,10850
834,563895,1,7,7,574745,10850
835,564575,2,8,8,575425,10850
836,565255,3,15,15,576105,10850
837,565935,4,14,14,576785,10850
854,566615,5,2,2,577465,10850
870,577495,5,172,-1,,
855,567295,6,13,13,578145,10850
856,567975,7,9,9,578825,10850
858,569335,9,11,11,580185,10850
859,570015,10,12,12,580865,10850
860,570695,11,255,0,581545,10850
860,570695,11,255,1,581545,10850
860,570695,11,255,2,581545,10850
860,570695,11,255,3,581545,10850
860,570695,11,255,4,581545,10850
860,570695,11,255,5,581545,10850
860,570695,11,255,6,581545,10850
860,570695,11,255,7,581545,10850
860,570695,11,255,8,581545,10850
860,570695,11,255,9,581545,10850
860,570695,11,255,10,581545,10850
860,570695,11,255,12,581545,10850
860,570695,11,255,13,581545,10850
860,570695,11,255,14,581545,10850
860,570695,11,255,15,581545,10850
861,571375,12,1,1,582225,10850
862,572055,13,3,3,582905,10850
863,572735,14,0,0,583585,10850
879,583615,14,145,-1,,
864,573415,15,14,14,584265,10850
880,584295,15,252,-1,,
849,574095,0,2,2,584945,10850
850,574775,1,5,5,585625,10850
851,575455,2,255,0,586305,10850
851,575455,2,255,1,586305,10850
851,575455,2,255,3,586305,10850
851,575455,2,255,4,586305,10850
851,575455,2,255,5,586305,10850
851,575455,2,255,6,586305,10850
851,575455,2,255,7,586305,10850
851,575455,2,255,8,586305,10850
851,575455,2,255,9,586305,10850
851,575455,2,255,10,586305,10850
851,575455,2,255,11,586305,10850
851,575455,2,255,12,586305,10850
851,575455,2,255,13,586305,10850
851,575455,2,255,14,586305,10850
851,575455,2,255,15,586305,10850
852,576135,3,4,4,586985,10850
853,576815,4,13,13,587665,10850
869,587695,4,173,-1,,
871,578175,6,255,0,589025,10850
871,578175,6,255,1,589025,10850
871,578175,6,255,2,589025,10850
871,578175,6,255,3,589025,10850
871,578175,6,255,4,589025,10850
871,578175,6,255,5,589025,10850
871,578175,6,255,7,589025,10850
871,578175,6,255,8,589025,10850
871,578175,6,255,9,589025,10850
871,578175,6,255,10,589025,10850
871,578175,6,255,11,589025,10850
871,578175,6,255,12,589025,10850
871,578175,6,255,13,589025,10850
871,578175,6,255,14,589025,10850
871,578175,6,255,15,589025,10850
872,578855,7,6,6,589705,10850
873,579535,8,10,10,590385,10850
889,590415,8,107,-1,,
874,580215,9,3,3,591065,10850
875,580895,10,7,7,591745,10850
876,581575,11,4,4,592425,10850
877,582255,12,1,1,593105,10850
878,582935,13,8,8,593785,10850
896,595175,15,137,-1,,
865,584975,0,15,15,595825,10850
866,585655,1,11,11,596505,10850
867,586335,2,8,8,597185,10850
868,587015,3,8,8,597865,10850
886,588375,5,9,9,599225,10850
887,589055,6,11,11,599905,10850
903,599935,6,85,-1,,
888,589735,7,9,9,600585,10850
890,591095,9,1,1,601945,10850
891,591775,10,6,6,602625,10850
892,592455,11,12,12,603305,10850
893,593135,12,2,2,603985,10850
909,604015,12,177,-1,,
894,593815,13,7,7,604665,10850
895,594495,14,255,0,605345,10850
895,594495,14,255,1,605345,10850
895,594495,14,255,2,605345,10850
895,594495,14,255,3,605345,10850
895,594495,14,255,4,605345,10850
895,594495,14,255,5,605345,10850
895,594495,14,255,6,605345,10850
895,594495,14,255,7,605345,10850
895,594495,14,255,8,605345,10850
895,594495,14,255,9,605345,10850
895,594495,14,255,10,605345,10850
895,594495,14,255,11,605345,10850
895,594495,14,255,12,605345,10850
895,594495,14,255,13,605345,10850
895,594495,14,255,15,605345,10850
912,606055,15,248,-1,,
881,595855,0,4,4,606705,10850
882,596535,1,0,0,607385,10850
883,597215,2,1,1,608065,10850
899,608095,2,103,-1,,
884,597895,3,7,7,608745,10850
885,598575,4,5,5,609425,10850
902,599255,5,255,0,610105,10850
902,599255,5,255,1,610105,10850
902,599255,5,255,2,610105,10850
902,599255,5,255,3,610105,10850
902,599255,5,255,4,610105,10850
902,599255,5,255,6,610105,10850
902,599255,5,255,7,610105,10850
902,599255,5,255,8,610105,10850
902,599255,5,255,9,610105,10850
902,599255,5,255,10,610105,10850
902,599255,5,255,11,610105,10850
902,599255,5,255,12,610105,10850
902,599255,5,255,13,610105,10850
902,599255,5,255,14,610105,10850
902,599255,5,255,15,610105,10850
904,600615,7,255,0,611465,10850
904,600615,7,255,1,611465,10850
904,600615,7,255,2,611465,10850
904,600615,7,255,3,611465,10850
904,600615,7,255,4,611465,10850
904,600615,7,255,5,611465,10850
904,600615,7,255,6,611465,10850
904,600615,7,255,8,611465,10850
904,600615,7,255,9,611465,10850
904,600615,7,255,10,611465,10850
904,600615,7,255,11,611465,10850
904,600615,7,255,12,611465,10850
904,600615,7,255,13,611465,10850
904,600615,7,255,14,611465,10850
904,600615,7,255,15,611465,10850
905,601295,8,5,5,612145,10850
906,601975,9,13,13,612825,10850
922,612855,9,227,-1,,
907,602655,10,5,5,613505,10850
908,603335,11,15,15,614185,10850
910,604695,13,8,8,615545,10850
911,605375,14,255,0,616225,10850
911,605375,14,255,1,616225,10850
911,605375,14,255,2,616225,10850
911,605375,14,255,3,616225,10850
911,605375,14,255,4,616225,10850
911,605375,14,255,5,616225,10850
911,605375,14,255,6,616225,10850
911,605375,14,255,7,616225,10850
911,605375,14,255,8,616225,10850
911,605375,14,255,9,616225,10850
911,605375,14,255,10,616225,10850
911,605375,14,255,11,616225,10850
911,605375,14,255,12,616225,10850
911,605375,14,255,13,616225,10850
911,605375,14,255,15,616225,10850
927,616255,14,142,-1,,
897,606735,0,8,8,617585,10850
898,607415,1,0,0,618265,10850
915,618975,2,186,-1,,
900,608775,3,1,1,619625,10850
901,609455,4,0,0,620305,10850
917,620335,4,62,-1,,
918,610135,5,15,15,620985,10850
919,610815,6,12,12,621665,10850
920,611495,7,6,6,622345,10850
921,612175,8,5,5,623025,10850
938,623735,9,97,-1,,
923,613535,10,0,0,624385,10850
924,614215,11,4,4,625065,10850
925,614895,12,11,11,625745,10850
926,615575,13,6,6,626425,10850
943,627135,14,34,-1,,
928,616935,15,7,7,627785,10850
913,617615,0,255,1,628465,10850
913,617615,0,255,2,628465,10850
913,617615,0,255,3,628465,10850
913,617615,0,255,4,628465,10850
913,617615,0,255,5,628465,10850
913,617615,0,255,6,628465,10850
913,617615,0,255,7,628465,10850
913,617615,0,255,8,628465,10850
913,617615,0,255,9,628465,10850
913,617615,0,255,10,628465,10850
913,617615,0,255,11,628465,10850
913,617615,0,255,12,628465,10850
913,617615,0,255,13,628465,10850
913,617615,0,255,14,628465,10850
913,617615,0,255,15,628465,10850
914,618295,1,15,15,629145,10850
916,619655,3,7,7,630505,10850
934,621015,5,8,8,631865,10850
935,621695,6,255,0,632545,10850
935,621695,6,255,1,632545,10850
935,621695,6,255,2,632545,10850
935,621695,6,255,3,632545,10850
935,621695,6,255,4,632545,10850
935,621695,6,255,5,632545,10850
935,621695,6,255,7,632545,10850
935,621695,6,255,8,632545,10850
935,621695,6,255,9,632545,10850
935,621695,6,255,10,632545,10850
935,621695,6,255,11,632545,10850
935,621695,6,255,12,632545,10850
935,621695,6,255,13,632545,10850
935,621695,6,255,14,632545,10850
935,621695,6,255,15,632545,10850
936,622375,7,5,5,633225,10850
937,623055,8,2,2,633905,10850
939,624415,10,13,13,635265,10850
940,625095,11,6,6,635945,10850
941,625775,12,4,4,636625,10850
942,626455,13,4,4,637305,10850
944,627815,15,13,13,638665,10850
929,628495,0,7,7,639345,10850
930,629175,1,15,15,640025,10850
931,629855,2,12,12,640705,10850
932,630535,3,0,0,641385,10850
933,631215,4,5,5,642065,10850
950,631895,5,14,14,642745,10850
951,632575,6,3,3,643425,10850
952,633255,7,5,5,644105,10850
953,633935,8,3,3,644785,10850
954,634615,9,7,7,645465,10850
955,635295,10,14,14,646145,10850
956,635975,11,6,6,646825,10850
957,636655,12,11,11,647505,10850
958,637335,13,7,7,648185,10850
959,638015,14,2,2,648865,10850
960,638695,15,1,1,649545,10850
945,639375,0,7,7,650225,10850
961,650255,0,226,-1,,
946,640055,1,12,12,650905,10850
947,640735,2,9,9,651585,10850
948,641415,3,255,0,652265,10850
948,641415,3,255,1,652265,10850
948,641415,3,255,2,652265,10850
948,641415,3,255,4,652265,10850
948,641415,3,255,5,652265,10850
948,641415,3,255,6,652265,10850
948,641415,3,255,7,652265,10850
948,641415,3,255,8,652265,10850
948,641415,3,255,9,652265,10850
948,641415,3,255,10,652265,10850
948,641415,3,255,11,652265,10850
948,641415,3,255,12,652265,10850
948,641415,3,255,13,652265,10850
948,641415,3,255,14,652265,10850
948,641415,3,255,15,652265,10850
949,642095,4,8,8,652945,10850
966,642775,5,2,2,653625,10850
967,643455,6,4,4,654305,10850
968,644135,7,255,0,654985,10850
968,644135,7,255,1,654985,10850
968,644135,7,255,2,654985,10850
968,644135,7,255,3,654985,10850
968,644135,7,255,4,654985,10850
968,644135,7,255,5,654985,10850
968,644135,7,255,6,654985,10850
968,644135,7,255,8,654985,10850
968,644135,7,255,9,654985,10850
968,644135,7,255,10,654985,10850
968,644135,7,255,11,654985,10850
968,644135,7,255,12,654985,10850
968,644135,7,255,13,654985,10850
968,644135,7,255,14,654985,10850
968,644135,7,255,15,654985,10850
984,655015,7,224,-1,,
969,644815,8,10,10,655665,10850
970,645495,9,255,0,656345,10850
970,645495,9,255,1,656345,10850
970,645495,9,255,2,656345,10850
970,645495,9,255,3,656345,10850
970,645495,9,255,4,656345,10850
970,645495,9,255,5,656345,10850
970,645495,9,255,6,656345,10850
970,645495,9,255,7,656345,10850
970,645495,9,255,8,656345,10850
970,645495,9,255,10,656345,10850
970,645495,9,255,11,656345,10850
970,645495,9,255,12,656345,10850
970,645495,9,255,13,656345,10850
970,645495,9,255,14,656345,10850
970,645495,9,255,15,656345,10850
971,646175,10,4,4,657025,10850
972,646855,11,1,1,657705,10850
973,647535,12,10,10,658385,10850
974,648215,13,6,6,659065,10850
975,648895,14,2,2,659745,10850
976,649575,15,255,0,660425,10850
976,649575,15,255,1,660425,10850
976,649575,15,255,2,660425,10850
976,649575,15,255,3,660425,10850
976,649575,15,255,4,660425,10850
976,649575,15,255,5,660425,10850
976,649575,15,255,6,660425,10850
976,649575,15,255,7,660425,10850
976,649575,15,255,8,660425,10850
976,649575,15,255,9,660425,10850
976,649575,15,255,10,660425,10850
976,649575,15,255,11,660425,10850
976,649575,15,255,12,660425,10850
976,649575,15,255,13,660425,10850
976,649575,15,255,14,660425,10850
962,650935,1,15,15,661785,10850
963,651615,2,15,15,662465,10850
964,652295,3,11,11,663145,10850
965,652975,4,6,6,663825,10850
982,653655,5,14,14,664505,10850
983,654335,6,11,11,665185,10850
1000,665895,7,238,-1,,
985,655695,8,13,13,666545,10850
986,656375,9,13,13,667225,10850
987,657055,10,3,3,667905,10850
988,657735,11,14,14,668585,10850
989,658415,12,13,13,669265,10850
990,659095,13,1,1,669945,10850
991,659775,14,2,2,670625,10850
992,660455,15,3,3,671305,10850
977,661135,0,15,15,671985,10850
978,661815,1,2,2,672665,10850
979,662495,2,4,4,673345,10850
980,663175,3,6,6,674025,10850
981,663855,4,13,13,674705,10850
998,664535,5,7,7,675385,10850
999,665215,6,14,14,676065,10850
1001,666575,8,11,11,677425,10850
1002,667255,9,255,0,678105,10850
1002,667255,9,255,1,678105,10850
1002,667255,9,255,2,678105,10850
1002,667255,9,255,3,678105,10850
1002,667255,9,255,4,678105,10850
1002,667255,9,255,5,678105,10850
1002,667255,9,255,6,678105,10850
1002,667255,9,255,7,678105,10850
1002,667255,9,255,8,678105,10850
1002,667255,9,255,10,678105,10850
1002,667255,9,255,11,678105,10850
1002,667255,9,255,12,678105,10850
1002,667255,9,255,13,678105,10850
1002,667255,9,255,14,678105,10850
1002,667255,9,255,15,678105,10850
1018,678135,9,144,-1,,
1003,667935,10,255,0,678785,10850
1003,667935,10,255,1,678785,10850
1003,667935,10,255,2,678785,10850
1003,667935,10,255,3,678785,10850
1003,667935,10,255,4,678785,10850
1003,667935,10,255,5,678785,10850
1003,667935,10,255,6,678785,10850
1003,667935,10,255,7,678785,10850
1003,667935,10,255,8,678785,10850
1003,667935,10,255,9,678785,10850
1003,667935,10,255,11,678785,10850
1003,667935,10,255,12,678785,10850
1003,667935,10,255,13,678785,10850
1003,667935,10,255,14,678785,10850
1003,667935,10,255,15,678785,10850
1004,668615,11,2,2,679465,10850
1020,679495,11,172,-1,,
1005,669295,12,6,6,680145,10850
1006,669975,13,5,5,680825,10850
1007,670655,14,13,13,681505,10850
1008,671335,15,0,0,682185,10850
993,672015,0,8,8,682865,10850
994,672695,1,255,0,683545,10850
994,672695,1,255,2,683545,10850
994,672695,1,255,3,683545,10850
994,672695,1,255,4,683545,10850
994,672695,1,255,5,683545,10850
994,672695,1,255,6,683545,10850
994,672695,1,255,7,683545,10850
994,672695,1,255,8,683545,10850
994,672695,1,255,9,683545,10850
994,672695,1,255,10,683545,10850
994,672695,1,255,11,683545,10850
994,672695,1,255,12,683545,10850
994,672695,1,255,13,683545,10850
994,672695,1,255,14,683545,10850
994,672695,1,255,15,683545,10850
995,673375,2,12,12,684225,10850
1011,684255,2,211,-1,,
996,674055,3,9,9,684905,10850
997,674735,4,0,0,685585,10850
1014,675415,5,10,10,686265,10850
1015,676095,6,2,2,686945,10850
1016,676775,7,8,8,687625,10850
1017,677455,8,12,12,688305,10850
1019,678815,10,255,0,689665,10850
1019,678815,10,255,1,689665,10850
1019,678815,10,255,2,689665,10850
1019,678815,10,255,3,689665,10850
1019,678815,10,255,4,689665,10850
1019,678815,10,255,5,689665,10850
1019,678815,10,255,6,689665,10850
1019,678815,10,255,7,689665,10850
1019,678815,10,255,8,689665,10850
1019,678815,10,255,9,689665,10850
1019,678815,10,255,11,689665,10850
1019,678815,10,255,12,689665,10850
1019,678815,10,255,13,689665,10850
1019,678815,10,255,14,689665,10850
1019,678815,10,255,15,689665,10850
1035,689695,10,116,-1,,
1021,680175,12,5,5,691025,10850
1022,680855,13,15,15,691705,10850
1038,691735,13,230,-1,,
1023,681535,14,10,10,692385,10850
1024,682215,15,11,11,693065,10850
1040,693095,15,103,-1,,
1009,682895,0,6,6,693745,10850
1010,683575,1,255,0,694425,10850
1010,683575,1,255,2,694425,10850
1010,683575,1,255,3,694425,10850
1010,683575,1,255,4,694425,10850
1010,683575,1,255,5,694425,10850
1010,683575,1,255,6,694425,10850
1010,683575,1,255,7,694425,10850
1010,683575,1,255,8,694425,10850
1010,683575,1,255,9,694425,10850
1010,683575,1,255,10,694425,10850
1010,683575,1,255,11,694425,10850
1010,683575,1,255,12,694425,10850
1010,683575,1,255,13,694425,10850
1010,683575,1,255,14,694425,10850
1010,683575,1,255,15,694425,10850
1012,684935,3,12,12,695785,10850
1028,695815,3,231,-1,,
1013,685615,4,3,3,696465,10850
1030,686295,5,15,15,697145,10850
1031,686975,6,5,5,697825,10850
1047,697855,6,30,-1,,
1032,687655,7,5,5,698505,10850
1033,688335,8,13,13,699185,10850
1034,689015,9,15,15,699865,10850
1036,690375,11,10,10,701225,10850
1037,691055,12,14,14,701905,10850
1039,692415,14,4,4,703265,10850
1025,693775,0,6,6,704625,10850
1026,694455,1,15,15,705305,10850
1027,695135,2,255,0,705985,10850
1027,695135,2,255,1,705985,10850
1027,695135,2,255,3,705985,10850
1027,695135,2,255,4,705985,10850
1027,695135,2,255,5,705985,10850
1027,695135,2,255,6,705985,10850
1027,695135,2,255,7,705985,10850
1027,695135,2,255,8,705985,10850
1027,695135,2,255,9,705985,10850
1027,695135,2,255,10,705985,10850
1027,695135,2,255,11,705985,10850
1027,695135,2,255,12,705985,10850
1027,695135,2,255,13,705985,10850
1027,695135,2,255,14,705985,10850
1027,695135,2,255,15,705985,10850
1029,696495,4,9,9,707345,10850
1046,697175,5,255,0,708025,10850
1046,697175,5,255,1,708025,10850
1046,697175,5,255,2,708025,10850
1046,697175,5,255,3,708025,10850
1046,697175,5,255,4,708025,10850
1046,697175,5,255,6,708025,10850
1046,697175,5,255,7,708025,10850
1046,697175,5,255,8,708025,10850
1046,697175,5,255,9,708025,10850
1046,697175,5,255,10,708025,10850
1046,697175,5,255,11,708025,10850
1046,697175,5,255,12,708025,10850
1046,697175,5,255,13,708025,10850
1046,697175,5,255,14,708025,10850
1046,697175,5,255,15,708025,10850
1062,708055,5,145,-1,,
1048,698535,7,3,3,709385,10850
1049,699215,8,6,6,710065,10850
1050,699895,9,13,13,710745,10850
1066,710775,9,30,-1,,
1051,700575,10,3,3,711425,10850
1052,701255,11,13,13,712105,10850
1053,701935,12,2,2,712785,10850
1054,702615,13,5,5,713465,10850
1055,703295,14,6,6,714145,10850
1056,703975,15,10,10,714825,10850
1041,704655,0,14,14,715505,10850
1042,705335,1,13,13,716185,10850
1043,706015,2,3,3,716865,10850
1044,706695,3,12,12,717545,10850
1045,707375,4,255,0,718225,10850
1045,707375,4,255,1,718225,10850
1045,707375,4,255,2,718225,10850
1045,707375,4,255,3,718225,10850
1045,707375,4,255,5,718225,10850
1045,707375,4,255,6,718225,10850
1045,707375,4,255,7,718225,10850
1045,707375,4,255,8,718225,10850
1045,707375,4,255,9,718225,10850
1045,707375,4,255,10,718225,10850
1045,707375,4,255,11,718225,10850
1045,707375,4,255,12,718225,10850
1045,707375,4,255,13,718225,10850
1045,707375,4,255,14,718225,10850
1045,707375,4,255,15,718225,10850
1063,708735,6,8,8,719585,10850
1064,709415,7,13,13,720265,10850
1065,710095,8,0,0,720945,10850
1067,711455,10,3,3,722305,10850
1068,712135,11,10,10,722985,10850
1069,712815,12,255,0,723665,10850
1069,712815,12,255,1,723665,10850
1069,712815,12,255,2,723665,10850
1069,712815,12,255,3,723665,10850
1069,712815,12,255,4,723665,10850
1069,712815,12,255,5,723665,10850
1069,712815,12,255,6,723665,10850
1069,712815,12,255,7,723665,10850
1069,712815,12,255,8,723665,10850
1069,712815,12,255,9,723665,10850
1069,712815,12,255,10,723665,10850
1069,712815,12,255,11,723665,10850
1069,712815,12,255,13,723665,10850
1069,712815,12,255,14,723665,10850
1069,712815,12,255,15,723665,10850
1070,713495,13,9,9,724345,10850
1071,714175,14,255,0,725025,10850
1071,714175,14,255,1,725025,10850
1071,714175,14,255,2,725025,10850
1071,714175,14,255,3,725025,10850
1071,714175,14,255,4,725025,10850
1071,714175,14,255,5,725025,10850
1071,714175,14,255,6,725025,10850
1071,714175,14,255,7,725025,10850
1071,714175,14,255,8,725025,10850
1071,714175,14,255,9,725025,10850
1071,714175,14,255,10,725025,10850
1071,714175,14,255,11,725025,10850
1071,714175,14,255,12,725025,10850
1071,714175,14,255,13,725025,10850
1071,714175,14,255,15,725025,10850
1087,725055,14,163,-1,,
1072,714855,15,7,7,725705,10850
1088,725735,15,60,-1,,
1057,715535,0,9,9,726385,10850
1058,716215,1,14,14,727065,10850
1059,716895,2,5,5,727745,10850
1060,717575,3,12,12,728425,10850
1076,728455,3,119,-1,,
1061,718255,4,13,13,729105,10850
1077,729135,4,66,-1,,
1078,718935,5,9,9,729785,10850
1079,719615,6,2,2,730465,10850
1080,720295,7,12,12,731145,10850
1081,720975,8,255,0,731825,10850
1081,720975,8,255,1,731825,10850
1081,720975,8,255,2,731825,10850
1081,720975,8,255,3,731825,10850
1081,720975,8,255,4,731825,10850
1081,720975,8,255,5,731825,10850
1081,720975,8,255,6,731825,10850
1081,720975,8,255,7,731825,10850
1081,720975,8,255,9,731825,10850
1081,720975,8,255,10,731825,10850
1081,720975,8,255,11,731825,10850
1081,720975,8,255,12,731825,10850
1081,720975,8,255,13,731825,10850
1081,720975,8,255,14,731825,10850
1081,720975,8,255,15,731825,10850
1082,721655,9,12,12,732505,10850
1083,722335,10,255,0,733185,10850
1083,722335,10,255,1,733185,10850
1083,722335,10,255,2,733185,10850
1083,722335,10,255,3,733185,10850
1083,722335,10,255,4,733185,10850
1083,722335,10,255,5,733185,10850
1083,722335,10,255,6,733185,10850
1083,722335,10,255,7,733185,10850
1083,722335,10,255,8,733185,10850
1083,722335,10,255,9,733185,10850
1083,722335,10,255,11,733185,10850
1083,722335,10,255,12,733185,10850
1083,722335,10,255,13,733185,10850
1083,722335,10,255,14,733185,10850
1083,722335,10,255,15,733185,10850
1084,723015,11,1,1,733865,10850
1085,723695,12,2,2,734545,10850
1086,724375,13,8,8,735225,10850
1073,726415,0,9,9,737265,10850
1074,727095,1,7,7,737945,10850
1090,737975,1,37,-1,,
1075,727775,2,0,0,738625,10850
1094,729815,5,255,0,740665,10850
1094,729815,5,255,1,740665,10850
1094,729815,5,255,2,740665,10850
1094,729815,5,255,3,740665,10850
1094,729815,5,255,4,740665,10850
1094,729815,5,255,6,740665,10850
1094,729815,5,255,7,740665,10850
1094,729815,5,255,8,740665,10850
1094,729815,5,255,9,740665,10850
1094,729815,5,255,10,740665,10850
1094,729815,5,255,11,740665,10850
1094,729815,5,255,12,740665,10850
1094,729815,5,255,13,740665,10850
1094,729815,5,255,14,740665,10850
1094,729815,5,255,15,740665,10850
1095,730495,6,13,13,741345,10850
1096,731175,7,12,12,742025,10850
1097,731855,8,13,13,742705,10850
1098,732535,9,15,15,743385,10850
1099,733215,10,255,0,744065,10850
1099,733215,10,255,1,744065,10850
1099,733215,10,255,2,744065,10850
1099,733215,10,255,3,744065,10850
1099,733215,10,255,4,744065,10850
1099,733215,10,255,5,744065,10850
1099,733215,10,255,6,744065,10850
1099,733215,10,255,7,744065,10850
1099,733215,10,255,8,744065,10850
1099,733215,10,255,9,744065,10850
1099,733215,10,255,11,744065,10850
1099,733215,10,255,12,744065,10850
1099,733215,10,255,13,744065,10850
1099,733215,10,255,14,744065,10850
1099,733215,10,255,15,744065,10850
1100,733895,11,4,4,744745,10850
1101,734575,12,3,3,745425,10850
1102,735255,13,255,0,746105,10850
1102,735255,13,255,1,746105,10850
1102,735255,13,255,2,746105,10850
1102,735255,13,255,3,746105,10850
1102,735255,13,255,4,746105,10850
1102,735255,13,255,5,746105,10850
1102,735255,13,255,6,746105,10850
1102,735255,13,255,7,746105,10850
1102,735255,13,255,8,746105,10850
1102,735255,13,255,9,746105,10850
1102,735255,13,255,10,746105,10850
1102,735255,13,255,11,746105,10850
1102,735255,13,255,12,746105,10850
1102,735255,13,255,14,746105,10850
1102,735255,13,255,15,746105,10850
1103,735935,14,255,0,746785,10850
1103,735935,14,255,1,746785,10850
1103,735935,14,255,2,746785,10850
1103,735935,14,255,3,746785,10850
1103,735935,14,255,4,746785,10850
1103,735935,14,255,5,746785,10850
1103,735935,14,255,6,746785,10850
1103,735935,14,255,7,746785,10850
1103,735935,14,255,8,746785,10850
1103,735935,14,255,9,746785,10850
1103,735935,14,255,10,746785,10850
1103,735935,14,255,11,746785,10850
1103,735935,14,255,12,746785,10850
1103,735935,14,255,13,746785,10850
1103,735935,14,255,15,746785,10850
1104,736615,15,0,0,747465,10850
1089,737295,0,9,9,748145,10850
1091,738655,2,3,3,749505,10850
1092,739335,3,5,5,750185,10850
1093,740015,4,8,8,750865,10850
1110,740695,5,14,14,751545,10850
1111,741375,6,13,13,752225,10850
1112,742055,7,8,8,752905,10850
1113,742735,8,3,3,753585,10850
1114,743415,9,13,13,754265,10850
1115,744095,10,255,0,754945,10850
1115,744095,10,255,1,754945,10850
1115,744095,10,255,2,754945,10850
1115,744095,10,255,3,754945,10850
1115,744095,10,255,4,754945,10850
1115,744095,10,255,5,754945,10850
1115,744095,10,255,6,754945,10850
1115,744095,10,255,7,754945,10850
1115,744095,10,255,8,754945,10850
1115,744095,10,255,9,754945,10850
1115,744095,10,255,11,754945,10850
1115,744095,10,255,12,754945,10850
1115,744095,10,255,13,754945,10850
1115,744095,10,255,14,754945,10850
1115,744095,10,255,15,754945,10850
1116,744775,11,3,3,755625,10850
1117,745455,12,5,5,756305,10850
1118,746135,13,1,1,756985,10850
1119,746815,14,7,7,757665,10850
1120,747495,15,1,1,758345,10850
1105,748175,0,255,1,759025,10850
1105,748175,0,255,2,759025,10850
1105,748175,0,255,3,759025,10850
1105,748175,0,255,4,759025,10850
1105,748175,0,255,5,759025,10850
1105,748175,0,255,6,759025,10850
1105,748175,0,255,7,759025,10850
1105,748175,0,255,8,759025,10850
1105,748175,0,255,9,759025,10850
1105,748175,0,255,10,759025,10850
1105,748175,0,255,11,759025,10850
1105,748175,0,255,12,759025,10850
1105,748175,0,255,13,759025,10850
1105,748175,0,255,14,759025,10850
1105,748175,0,255,15,759025,10850
1121,759055,0,224,-1,,
1106,748855,1,0,0,759705,10850
1107,749535,2,11,11,760385,10850
1108,750215,3,2,2,761065,10850
1124,761095,3,29,-1,,
1109,750895,4,255,0,761745,10850
1109,750895,4,255,1,761745,10850
1109,750895,4,255,2,761745,10850
1109,750895,4,255,3,761745,10850
1109,750895,4,255,5,761745,10850
1109,750895,4,255,6,761745,10850
1109,750895,4,255,7,761745,10850
1109,750895,4,255,8,761745,10850
1109,750895,4,255,9,761745,10850
1109,750895,4,255,10,761745,10850
1109,750895,4,255,11,761745,10850
1109,750895,4,255,12,761745,10850
1109,750895,4,255,13,761745,10850
1109,750895,4,255,14,761745,10850
1109,750895,4,255,15,761745,10850
1126,751575,5,15,15,762425,10850
1127,752255,6,7,7,763105,10850
1128,752935,7,13,13,763785,10850
1129,753615,8,2,2,764465,10850
1130,754295,9,6,6,765145,10850
1146,765175,9,72,-1,,
1131,754975,10,1,1,765825,10850
1132,755655,11,1,1,766505,10850
1133,756335,12,15,15,767185,10850
1134,757015,13,14,14,767865,10850
1150,767895,13,95,-1,,
1135,757695,14,8,8,768545,10850
1136,758375,15,6,6,769225,10850
1137,769935,0,184,-1,,
1122,759735,1,15,15,770585,10850
1123,760415,2,10,10,771265,10850
1125,761775,4,1,1,772625,10850
1142,762455,5,1,1,773305,10850
1143,763135,6,3,3,773985,10850
1144,763815,7,11,11,774665,10850
1145,764495,8,11,11,775345,10850
1147,765855,10,4,4,776705,10850
1148,766535,11,9,9,777385,10850
1164,777415,11,132,-1,,
1149,767215,12,1,1,778065,10850
1151,768575,14,12,12,779425,10850
1152,769255,15,4,4,780105,10850
1138,770615,1,8,8,781465,10850
1139,771295,2,11,11,782145,10850
1140,771975,3,15,15,782825,10850
1141,772655,4,6,6,783505,10850
1158,773335,5,0,0,784185,10850
1159,774015,6,14,14,784865,10850
1160,774695,7,5,5,785545,10850
1161,775375,8,6,6,786225,10850
1162,776055,9,14,14,786905,10850
1163,776735,10,11,11,787585,10850
1180,788295,11,175,-1,,
1165,778095,12,15,15,788945,10850
1166,778775,13,2,2,789625,10850
1167,779455,14,9,9,790305,10850
1168,780135,15,5,5,790985,10850
1153,780815,0,15,15,791665,10850
1154,781495,1,0,0,792345,10850
1155,782175,2,7,7,793025,10850
1171,793055,2,165,-1,,
1156,782855,3,9,9,793705,10850
1157,783535,4,14,14,794385,10850
1174,784215,5,11,11,795065,10850
1175,784895,6,3,3,795745,10850
1176,785575,7,255,0,796425,10850
1176,785575,7,255,1,796425,10850
1176,785575,7,255,2,796425,10850
1176,785575,7,255,3,796425,10850
1176,785575,7,255,4,796425,10850
1176,785575,7,255,5,796425,10850
1176,785575,7,255,6,796425,10850
1176,785575,7,255,8,796425,10850
1176,785575,7,255,9,796425,10850
1176,785575,7,255,10,796425,10850
1176,785575,7,255,11,796425,10850
1176,785575,7,255,12,796425,10850
1176,785575,7,255,13,796425,10850
1176,785575,7,255,14,796425,10850
1176,785575,7,255,15,796425,10850
1177,786255,8,12,12,797105,10850
1178,786935,9,12,12,797785,10850
1179,787615,10,5,5,798465,10850
1196,799175,11,144,-1,,
1181,788975,12,13,13,799825,10850
1197,799855,12,172,-1,,
1182,789655,13,0,0,800505,10850
1183,790335,14,15,15,801185,10850
1184,791015,15,10,10,801865,10850
1169,791695,0,8,8,802545,10850
1170,792375,1,6,6,803225,10850
1172,793735,3,6,6,804585,10850
1173,794415,4,2,2,805265,10850
1190,795095,5,6,6,805945,10850
1191,795775,6,5,5,806625,10850
1192,796455,7,13,13,807305,10850
1193,797135,8,3,3,807985,10850
1194,797815,9,11,11,808665,10850
1195,798495,10,2,2,809345,10850
1198,800535,13,8,8,811385,10850
1199,801215,14,0,0,812065,10850
1200,801895,15,2,2,812745,10850
1185,802575,0,10,10,813425,10850
1186,803255,1,4,4,814105,10850
1187,803935,2,10,10,814785,10850
1188,804615,3,6,6,815465,10850
1189,805295,4,8,8,816145,10850
1206,805975,5,11,11,816825,10850
1207,806655,6,13,13,817505,10850
1208,807335,7,5,5,818185,10850
1209,808015,8,255,0,818865,10850
1209,808015,8,255,1,818865,10850
1209,808015,8,255,2,818865,10850
1209,808015,8,255,3,818865,10850
1209,808015,8,255,4,818865,10850
1209,808015,8,255,5,818865,10850
1209,808015,8,255,6,818865,10850
1209,808015,8,255,7,818865,10850
1209,808015,8,255,9,818865,10850
1209,808015,8,255,10,818865,10850
1209,808015,8,255,11,818865,10850
1209,808015,8,255,12,818865,10850
1209,808015,8,255,13,818865,10850
1209,808015,8,255,14,818865,10850
1209,808015,8,255,15,818865,10850
1210,808695,9,10,10,819545,10850
1211,809375,10,15,15,820225,10850
1212,810055,11,255,0,820905,10850
1212,810055,11,255,1,820905,10850
1212,810055,11,255,2,820905,10850
1212,810055,11,255,3,820905,10850
1212,810055,11,255,4,820905,10850
1212,810055,11,255,5,820905,10850
1212,810055,11,255,6,820905,10850
1212,810055,11,255,7,820905,10850
1212,810055,11,255,8,820905,10850
1212,810055,11,255,9,820905,10850
1212,810055,11,255,10,820905,10850
1212,810055,11,255,12,820905,10850
1212,810055,11,255,13,820905,10850
1212,810055,11,255,14,820905,10850
1212,810055,11,255,15,820905,10850
1213,810735,12,0,0,821585,10850
1214,811415,13,10,10,822265,10850
1215,812095,14,1,1,822945,10850
1216,812775,15,4,4,823625,10850
1201,813455,0,11,11,824305,10850
1202,814135,1,0,0,824985,10850
1203,814815,2,12,12,825665,10850
1204,815495,3,6,6,826345,10850
1205,816175,4,12,12,827025,10850
1222,816855,5,7,7,827705,10850
1223,817535,6,8,8,828385,10850
1239,828415,6,208,-1,,
1224,818215,7,8,8,829065,10850
1225,818895,8,5,5,829745,10850
1241,829775,8,192,-1,,
1226,819575,9,4,4,830425,10850
1227,820255,10,14,14,831105,10850
1228,820935,11,9,9,831785,10850
1229,821615,12,255,0,832465,10850
1229,821615,12,255,1,832465,10850
1229,821615,12,255,2,832465,10850
1229,821615,12,255,3,832465,10850
1229,821615,12,255,4,832465,10850
1229,821615,12,255,5,832465,10850
1229,821615,12,255,6,832465,10850
1229,821615,12,255,7,832465,10850
1229,821615,12,255,8,832465,10850
1229,821615,12,255,9,832465,10850
1229,821615,12,255,10,832465,10850
1229,821615,12,255,11,832465,10850
1229,821615,12,255,13,832465,10850
1229,821615,12,255,14,832465,10850
1229,821615,12,255,15,832465,10850
1245,832495,12,97,-1,,
1230,822295,13,255,0,833145,10850
1230,822295,13,255,1,833145,10850
1230,822295,13,255,2,833145,10850
1230,822295,13,255,3,833145,10850
1230,822295,13,255,4,833145,10850
1230,822295,13,255,5,833145,10850
1230,822295,13,255,6,833145,10850
1230,822295,13,255,7,833145,10850
1230,822295,13,255,8,833145,10850
1230,822295,13,255,9,833145,10850
1230,822295,13,255,10,833145,10850
1230,822295,13,255,11,833145,10850
1230,822295,13,255,12,833145,10850
1230,822295,13,255,14,833145,10850
1230,822295,13,255,15,833145,10850
1231,822975,14,13,13,833825,10850
1232,823655,15,1,1,834505,10850
1217,824335,0,255,1,835185,10850
1217,824335,0,255,2,835185,10850
1217,824335,0,255,3,835185,10850
1217,824335,0,255,4,835185,10850
1217,824335,0,255,5,835185,10850
1217,824335,0,255,6,835185,10850
1217,824335,0,255,7,835185,10850
1217,824335,0,255,8,835185,10850
1217,824335,0,255,9,835185,10850
1217,824335,0,255,10,835185,10850
1217,824335,0,255,11,835185,10850
1217,824335,0,255,12,835185,10850
1217,824335,0,255,13,835185,10850
1217,824335,0,255,14,835185,10850
1217,824335,0,255,15,835185,10850
1233,835215,0,130,-1,,
1218,825015,1,3,3,835865,10850
1234,835895,1,175,-1,,
1219,825695,2,12,12,836545,10850
1220,826375,3,255,0,837225,10850
1220,826375,3,255,1,837225,10850
1220,826375,3,255,2,837225,10850
1220,826375,3,255,4,837225,10850
1220,826375,3,255,5,837225,10850
1220,826375,3,255,6,837225,10850
1220,826375,3,255,7,837225,10850
1220,826375,3,255,8,837225,10850
1220,826375,3,255,9,837225,10850
1220,826375,3,255,10,837225,10850
1220,826375,3,255,11,837225,10850
1220,826375,3,255,12,837225,10850
1220,826375,3,255,13,837225,10850
1220,826375,3,255,14,837225,10850
1220,826375,3,255,15,837225,10850
1221,827055,4,6,6,837905,10850
1238,827735,5,1,1,838585,10850
1240,829095,7,3,3,839945,10850
1242,830455,9,13,13,841305,10850
1243,831135,10,11,11,841985,10850
1244,831815,11,0,0,842665,10850
1246,833175,13,10,10,844025,10850
1247,833855,14,2,2,844705,10850
1248,834535,15,10,10,845385,10850
1235,836575,2,0,0,847425,10850
1236,837255,3,15,15,848105,10850
1237,837935,4,7,7,848785,10850
1254,838615,5,255,0,849465,10850
1254,838615,5,255,1,849465,10850
1254,838615,5,255,2,849465,10850
1254,838615,5,255,3,849465,10850
1254,838615,5,255,4,849465,10850
1254,838615,5,255,6,849465,10850
1254,838615,5,255,7,849465,10850
1254,838615,5,255,8,849465,10850
1254,838615,5,255,9,849465,10850
1254,838615,5,255,10,849465,10850
1254,838615,5,255,11,849465,10850
1254,838615,5,255,12,849465,10850
1254,838615,5,255,13,849465,10850
1254,838615,5,255,14,849465,10850
1254,838615,5,255,15,849465,10850
1255,839295,6,5,5,850145,10850
1256,839975,7,255,0,850825,10850
1256,839975,7,255,1,850825,10850
1256,839975,7,255,2,850825,10850
1256,839975,7,255,3,850825,10850
1256,839975,7,255,4,850825,10850
1256,839975,7,255,5,850825,10850
1256,839975,7,255,6,850825,10850
1256,839975,7,255,8,850825,10850
1256,839975,7,255,9,850825,10850
1256,839975,7,255,10,850825,10850
1256,839975,7,255,11,850825,10850
1256,839975,7,255,12,850825,10850
1256,839975,7,255,13,850825,10850
1256,839975,7,255,14,850825,10850
1256,839975,7,255,15,850825,10850
1257,840655,8,7,7,851505,10850
1258,841335,9,12,12,852185,10850
1259,842015,10,5,5,852865,10850
1260,842695,11,8,8,853545,10850
1276,853575,11,39,-1,,
1261,843375,12,255,0,854225,10850
1261,843375,12,255,1,854225,10850
1261,843375,12,255,2,854225,10850
1261,843375,12,255,3,854225,10850
1261,843375,12,255,4,854225,10850
1261,843375,12,255,5,854225,10850
1261,843375,12,255,6,854225,10850
1261,843375,12,255,7,854225,10850
1261,843375,12,255,8,854225,10850
1261,843375,12,255,9,854225,10850
1261,843375,12,255,10,854225,10850
1261,843375,12,255,11,854225,10850
1261,843375,12,255,13,854225,10850
1261,843375,12,255,14,854225,10850
1261,843375,12,255,15,854225,10850
1262,844055,13,1,1,854905,10850
1263,844735,14,255,0,855585,10850
1263,844735,14,255,1,855585,10850
1263,844735,14,255,2,855585,10850
1263,844735,14,255,3,855585,10850
1263,844735,14,255,4,855585,10850
1263,844735,14,255,5,855585,10850
1263,844735,14,255,6,855585,10850
1263,844735,14,255,7,855585,10850
1263,844735,14,255,8,855585,10850
1263,844735,14,255,9,855585,10850
1263,844735,14,255,10,855585,10850
1263,844735,14,255,11,855585,10850
1263,844735,14,255,12,855585,10850
1263,844735,14,255,13,855585,10850
1263,844735,14,255,15,855585,10850
1264,845415,15,1,1,856265,10850
1249,846095,0,11,11,856945,10850
1250,846775,1,7,7,857625,10850
1251,847455,2,11,11,858305,10850
1252,848135,3,7,7,858985,10850
1253,848815,4,9,9,859665,10850
1269,859695,4,231,-1,,
1270,849495,5,2,2,860345,10850
1271,850175,6,4,4,861025,10850
1272,850855,7,12,12,861705,10850
1273,851535,8,1,1,862385,10850
1274,852215,9,1,1,863065,10850
1275,852895,10,3,3,863745,10850
1291,863775,10,46,-1,,
1277,854255,12,9,9,865105,10850
1278,854935,13,7,7,865785,10850
1279,855615,14,15,15,866465,10850
1280,856295,15,1,1,867145,10850
1265,856975,0,5,5,867825,10850
1266,857655,1,3,3,868505,10850
1267,858335,2,12,12,869185,10850
1268,859015,3,9,9,869865,10850
1286,860375,5,11,11,871225,10850
1287,861055,6,8,8,871905,10850
1288,861735,7,9,9,872585,10850
1289,862415,8,255,0,873265,10850
1289,862415,8,255,1,873265,10850
1289,862415,8,255,2,873265,10850
1289,862415,8,255,3,873265,10850
1289,862415,8,255,4,873265,10850
1289,862415,8,255,5,873265,10850
1289,862415,8,255,6,873265,10850
1289,862415,8,255,7,873265,10850
1289,862415,8,255,9,873265,10850
1289,862415,8,255,10,873265,10850
1289,862415,8,255,11,873265,10850
1289,862415,8,255,12,873265,10850
1289,862415,8,255,13,873265,10850
1289,862415,8,255,14,873265,10850
1289,862415,8,255,15,873265,10850
1290,863095,9,1,1,873945,10850
1306,873975,9,132,-1,,
1292,864455,11,5,5,875305,10850
1293,865135,12,0,0,875985,10850
1294,865815,13,7,7,876665,10850
1295,866495,14,4,4,877345,10850
1296,867175,15,14,14,878025,10850
1281,867855,0,11,11,878705,10850
1297,878735,0,178,-1,,
1282,868535,1,6,6,879385,10850
1283,869215,2,0,0,880065,10850
1284,869895,3,8,8,880745,10850
1285,870575,4,8,8,881425,10850
1302,871255,5,4,4,882105,10850
1303,871935,6,14,14,882785,10850
1304,872615,7,255,0,883465,10850
1304,872615,7,255,1,883465,10850
1304,872615,7,255,2,883465,10850
1304,872615,7,255,3,883465,10850
1304,872615,7,255,4,883465,10850
1304,872615,7,255,5,883465,10850
1304,872615,7,255,6,883465,10850
1304,872615,7,255,8,883465,10850
1304,872615,7,255,9,883465,10850
1304,872615,7,255,10,883465,10850
1304,872615,7,255,11,883465,10850
1304,872615,7,255,12,883465,10850
1304,872615,7,255,13,883465,10850
1304,872615,7,255,14,883465,10850
1304,872615,7,255,15,883465,10850
1305,873295,8,11,11,884145,10850
1307,874655,10,255,0,885505,10850
1307,874655,10,255,1,885505,10850
1307,874655,10,255,2,885505,10850
1307,874655,10,255,3,885505,10850
1307,874655,10,255,4,885505,10850
1307,874655,10,255,5,885505,10850
1307,874655,10,255,6,885505,10850
1307,874655,10,255,7,885505,10850
1307,874655,10,255,8,885505,10850
1307,874655,10,255,9,885505,10850
1307,874655,10,255,11,885505,10850
1307,874655,10,255,12,885505,10850
1307,874655,10,255,13,885505,10850
1307,874655,10,255,14,885505,10850
1307,874655,10,255,15,885505,10850
1308,875335,11,2,2,886185,10850
1309,876015,12,4,4,886865,10850
1325,886895,12,150,-1,,
1310,876695,13,255,0,887545,10850
1310,876695,13,255,1,887545,10850
1310,876695,13,255,2,887545,10850
1310,876695,13,255,3,887545,10850
1310,876695,13,255,4,887545,10850
1310,876695,13,255,5,887545,10850
1310,876695,13,255,6,887545,10850
1310,876695,13,255,7,887545,10850
1310,876695,13,255,8,887545,10850
1310,876695,13,255,9,887545,10850
1310,876695,13,255,10,887545,10850
1310,876695,13,255,11,887545,10850
1310,876695,13,255,12,887545,10850
1310,876695,13,255,14,887545,10850
1310,876695,13,255,15,887545,10850
1311,877375,14,11,11,888225,10850
1312,878055,15,14,14,888905,10850
1298,879415,1,0,0,890265,10850
1299,880095,2,8,8,890945,10850
1300,880775,3,255,0,891625,10850
1300,880775,3,255,1,891625,10850
1300,880775,3,255,2,891625,10850
1300,880775,3,255,4,891625,10850
1300,880775,3,255,5,891625,10850
1300,880775,3,255,6,891625,10850
1300,880775,3,255,7,891625,10850
1300,880775,3,255,8,891625,10850
1300,880775,3,255,9,891625,10850
1300,880775,3,255,10,891625,10850
1300,880775,3,255,11,891625,10850
1300,880775,3,255,12,891625,10850
1300,880775,3,255,13,891625,10850
1300,880775,3,255,14,891625,10850
1300,880775,3,255,15,891625,10850
1301,881455,4,12,12,892305,10850
1318,882135,5,2,2,892985,10850
1319,882815,6,7,7,893665,10850
1320,883495,7,255,0,894345,10850
1320,883495,7,255,1,894345,10850
1320,883495,7,255,2,894345,10850
1320,883495,7,255,3,894345,10850
1320,883495,7,255,4,894345,10850
1320,883495,7,255,5,894345,10850
1320,883495,7,255,6,894345,10850
1320,883495,7,255,8,894345,10850
1320,883495,7,255,9,894345,10850
1320,883495,7,255,10,894345,10850
1320,883495,7,255,11,894345,10850
1320,883495,7,255,12,894345,10850
1320,883495,7,255,13,894345,10850
1320,883495,7,255,14,894345,10850
1320,883495,7,255,15,894345,10850
1321,884175,8,11,11,895025,10850
1322,884855,9,15,15,895705,10850
1323,885535,10,5,5,896385,10850
1324,886215,11,8,8,897065,10850
1340,897095,11,99,-1,,
1326,887575,13,255,0,898425,10850
1326,887575,13,255,1,898425,10850
1326,887575,13,255,2,898425,10850
1326,887575,13,255,3,898425,10850
1326,887575,13,255,4,898425,10850
1326,887575,13,255,5,898425,10850
1326,887575,13,255,6,898425,10850
1326,887575,13,255,7,898425,10850
1326,887575,13,255,8,898425,10850
1326,887575,13,255,9,898425,10850
1326,887575,13,255,10,898425,10850
1326,887575,13,255,11,898425,10850
1326,887575,13,255,12,898425,10850
1326,887575,13,255,14,898425,10850
1326,887575,13,255,15,898425,10850
1327,888255,14,0,0,899105,10850
1328,888935,15,7,7,899785,10850
1313,889615,0,14,14,900465,10850
1314,890295,1,6,6,901145,10850
1315,890975,2,0,0,901825,10850
1316,891655,3,6,6,902505,10850
1317,892335,4,8,8,903185,10850
1334,893015,5,0,0,903865,10850
1335,893695,6,9,9,904545,10850
1351,904575,6,230,-1,,
1336,894375,7,8,8,905225,10850
1337,895055,8,11,11,905905,10850
1338,895735,9,7,7,906585,10850
1339,896415,10,4,4,907265,10850
1341,897775,12,13,13,908625,10850
1342,898455,13,3,3,909305,10850
1343,899135,14,7,7,909985,10850
1344,899815,15,8,8,910665,10850
1329,900495,0,4,4,911345,10850
1330,901175,1,10,10,912025,10850
1346,912055,1,146,-1,,
1331,901855,2,3,3,912705,10850
1332,902535,3,6,6,913385,10850
1333,903215,4,255,0,914065,10850
1333,903215,4,255,1,914065,10850
1333,903215,4,255,2,914065,10850
1333,903215,4,255,3,914065,10850
1333,903215,4,255,5,914065,10850
1333,903215,4,255,6,914065,10850
1333,903215,4,255,7,914065,10850
1333,903215,4,255,8,914065,10850
1333,903215,4,255,9,914065,10850
1333,903215,4,255,10,914065,10850
1333,903215,4,255,11,914065,10850
1333,903215,4,255,12,914065,10850
1333,903215,4,255,13,914065,10850
1333,903215,4,255,14,914065,10850
1333,903215,4,255,15,914065,10850
1350,903895,5,255,0,914745,10850
1350,903895,5,255,1,914745,10850
1350,903895,5,255,2,914745,10850
1350,903895,5,255,3,914745,10850
1350,903895,5,255,4,914745,10850
1350,903895,5,255,6,914745,10850
1350,903895,5,255,7,914745,10850
1350,903895,5,255,8,914745,10850
1350,903895,5,255,9,914745,10850
1350,903895,5,255,10,914745,10850
1350,903895,5,255,11,914745,10850
1350,903895,5,255,12,914745,10850
1350,903895,5,255,13,914745,10850
1350,903895,5,255,14,914745,10850
1350,903895,5,255,15,914745,10850
1367,915455,6,126,-1,,
1352,905255,7,8,8,916105,10850
1353,905935,8,4,4,916785,10850
1354,906615,9,10,10,917465,10850
1355,907295,10,1,1,918145,10850
1356,907975,11,255,0,918825,10850
1356,907975,11,255,1,918825,10850
1356,907975,11,255,2,918825,10850
1356,907975,11,255,3,918825,10850
1356,907975,11,255,4,918825,10850
1356,907975,11,255,5,918825,10850
1356,907975,11,255,6,918825,10850
1356,907975,11,255,7,918825,10850
1356,907975,11,255,8,918825,10850
1356,907975,11,255,9,918825,10850
1356,907975,11,255,10,918825,10850
1356,907975,11,255,12,918825,10850
1356,907975,11,255,13,918825,10850
1356,907975,11,255,14,918825,10850
1356,907975,11,255,15,918825,10850
1372,918855,11,212,-1,,
1357,908655,12,10,10,919505,10850
1358,909335,13,5,5,920185,10850
1359,910015,14,0,0,920865,10850
1360,910695,15,4,4,921545,10850
1345,911375,0,9,9,922225,10850
1347,912735,2,8,8,923585,10850
1348,913415,3,0,0,924265,10850
1349,914095,4,3,3,924945,10850
1366,914775,5,13,13,925625,10850
1368,916135,7,15,15,926985,10850
1369,916815,8,255,0,927665,10850
1369,916815,8,255,1,927665,10850
1369,916815,8,255,2,927665,10850
1369,916815,8,255,3,927665,10850
1369,916815,8,255,4,927665,10850
1369,916815,8,255,5,927665,10850
1369,916815,8,255,6,927665,10850
1369,916815,8,255,7,927665,10850
1369,916815,8,255,9,927665,10850
1369,916815,8,255,10,927665,10850
1369,916815,8,255,11,927665,10850
1369,916815,8,255,12,927665,10850
1369,916815,8,255,13,927665,10850
1369,916815,8,255,14,927665,10850
1369,916815,8,255,15,927665,10850
1370,917495,9,4,4,928345,10850
1371,918175,10,0,0,929025,10850
1373,919535,12,11,11,930385,10850
1374,920215,13,12,12,931065,10850
1390,931095,13,113,-1,,
1375,920895,14,3,3,931745,10850
1376,921575,15,4,4,932425,10850
1361,922255,0,11,11,933105,10850
1362,922935,1,5,5,933785,10850
1363,923615,2,0,0,934465,10850
1364,924295,3,0,0,935145,10850
1380,935175,3,234,-1,,
1365,924975,4,255,0,935825,10850
1365,924975,4,255,1,935825,10850
1365,924975,4,255,2,935825,10850
1365,924975,4,255,3,935825,10850
1365,924975,4,255,5,935825,10850
1365,924975,4,255,6,935825,10850
1365,924975,4,255,7,935825,10850
1365,924975,4,255,8,935825,10850
1365,924975,4,255,9,935825,10850
1365,924975,4,255,10,935825,10850
1365,924975,4,255,11,935825,10850
1365,924975,4,255,12,935825,10850
1365,924975,4,255,13,935825,10850
1365,924975,4,255,14,935825,10850
1365,924975,4,255,15,935825,10850
1382,925655,5,7,7,936505,10850
1383,926335,6,12,12,937185,10850
1384,927015,7,2,2,937865,10850
1385,927695,8,13,13,938545,10850
1386,928375,9,7,7,939225,10850
1387,929055,10,13,13,939905,10850
1388,929735,11,8,8,940585,10850
1389,930415,12,13,13,941265,10850
1391,931775,14,12,12,942625,10850
1392,932455,15,12,12,943305,10850
1377,933135,0,1,1,943985,10850
1378,933815,1,5,5,944665,10850
1379,934495,2,9,9,945345,10850
1396,946055,3,253,-1,,
1381,935855,4,5,5,946705,10850
1398,936535,5,6,6,947385,10850
1399,937215,6,3,3,948065,10850
1400,937895,7,8,8,948745,10850
1401,938575,8,0,0,949425,10850
1402,939255,9,15,15,950105,10850
1403,939935,10,13,13,950785,10850
1419,950815,10,253,-1,,
1404,940615,11,9,9,951465,10850
1405,941295,12,255,0,952145,10850
1405,941295,12,255,1,952145,10850
1405,941295,12,255,2,952145,10850
1405,941295,12,255,3,952145,10850
1405,941295,12,255,4,952145,10850
1405,941295,12,255,5,952145,10850
1405,941295,12,255,6,952145,10850
1405,941295,12,255,7,952145,10850
1405,941295,12,255,8,952145,10850
1405,941295,12,255,9,952145,10850
1405,941295,12,255,10,952145,10850
1405,941295,12,255,11,952145,10850
1405,941295,12,255,13,952145,10850
1405,941295,12,255,14,952145,10850
1405,941295,12,255,15,952145,10850
1406,941975,13,8,8,952825,10850
1422,952855,13,80,-1,,
1407,942655,14,11,11,953505,10850
1408,943335,15,14,14,954185,10850
1393,944015,0,12,12,954865,10850
1394,944695,1,12,12,955545,10850
1395,945375,2,15,15,956225,10850
1397,946735,4,15,15,957585,10850
1414,947415,5,14,14,958265,10850
1415,948095,6,15,15,958945,10850
1416,948775,7,15,15,959625,10850
1417,949455,8,11,11,960305,10850
1433,960335,8,109,-1,,
1418,950135,9,255,0,960985,10850
1418,950135,9,255,1,960985,10850
1418,950135,9,255,2,960985,10850
1418,950135,9,255,3,960985,10850
1418,950135,9,255,4,960985,10850
1418,950135,9,255,5,960985,10850
1418,950135,9,255,6,960985,10850
1418,950135,9,255,7,960985,10850
1418,950135,9,255,8,960985,10850
1418,950135,9,255,10,960985,10850
1418,950135,9,255,11,960985,10850
1418,950135,9,255,12,960985,10850
1418,950135,9,255,13,960985,10850
1418,950135,9,255,14,960985,10850
1418,950135,9,255,15,960985,10850
1420,951495,11,12,12,962345,10850
1421,952175,12,14,14,963025,10850
1423,953535,14,255,0,964385,10850
1423,953535,14,255,1,964385,10850
1423,953535,14,255,2,964385,10850
1423,953535,14,255,3,964385,10850
1423,953535,14,255,4,964385,10850
1423,953535,14,255,5,964385,10850
1423,953535,14,255,6,964385,10850
1423,953535,14,255,7,964385,10850
1423,953535,14,255,8,964385,10850
1423,953535,14,255,9,964385,10850
1423,953535,14,255,10,964385,10850
1423,953535,14,255,11,964385,10850
1423,953535,14,255,12,964385,10850
1423,953535,14,255,13,964385,10850
1423,953535,14,255,15,964385,10850
1439,964415,14,254,-1,,
1424,954215,15,12,12,965065,10850
1409,954895,0,2,2,965745,10850
1410,955575,1,8,8,966425,10850
1411,956255,2,3,3,967105,10850
1412,956935,3,13,13,967785,10850
1413,957615,4,1,1,968465,10850
1430,958295,5,13,13,969145,10850
1431,958975,6,2,2,969825,10850
1432,959655,7,11,11,970505,10850
1434,961015,9,255,0,971865,10850
1434,961015,9,255,1,971865,10850
1434,961015,9,255,2,971865,10850
1434,961015,9,255,3,971865,10850
1434,961015,9,255,4,971865,10850
1434,961015,9,255,5,971865,10850
1434,961015,9,255,6,971865,10850
1434,961015,9,255,7,971865,10850
1434,961015,9,255,8,971865,10850
1434,961015,9,255,10,971865,10850
1434,961015,9,255,11,971865,10850
1434,961015,9,255,12,971865,10850
1434,961015,9,255,13,971865,10850
1434,961015,9,255,14,971865,10850
1434,961015,9,255,15,971865,10850
1450,971895,9,183,-1,,
1435,961695,10,13,13,972545,10850
1436,962375,11,13,13,973225,10850
1437,963055,12,13,13,973905,10850
1438,963735,13,4,4,974585,10850
1440,965095,15,7,7,975945,10850
1425,965775,0,5,5,976625,10850
1426,966455,1,15,15,977305,10850
1427,967135,2,255,0,977985,10850
1427,967135,2,255,1,977985,10850
1427,967135,2,255,3,977985,10850
1427,967135,2,255,4,977985,10850
1427,967135,2,255,5,977985,10850
1427,967135,2,255,6,977985,10850
1427,967135,2,255,7,977985,10850
1427,967135,2,255,8,977985,10850
1427,967135,2,255,9,977985,10850
1427,967135,2,255,10,977985,10850
1427,967135,2,255,11,977985,10850
1427,967135,2,255,12,977985,10850
1427,967135,2,255,13,977985,10850
1427,967135,2,255,14,977985,10850
1427,967135,2,255,15,977985,10850
1428,967815,3,0,0,978665,10850
1429,968495,4,12,12,979345,10850
1446,969175,5,15,15,980025,10850
1447,969855,6,15,15,980705,10850
1448,970535,7,255,0,981385,10850
1448,970535,7,255,1,981385,10850
1448,970535,7,255,2,981385,10850
1448,970535,7,255,3,981385,10850
1448,970535,7,255,4,981385,10850
1448,970535,7,255,5,981385,10850
1448,970535,7,255,6,981385,10850
1448,970535,7,255,8,981385,10850
1448,970535,7,255,9,981385,10850
1448,970535,7,255,10,981385,10850
1448,970535,7,255,11,981385,10850
1448,970535,7,255,12,981385,10850
1448,970535,7,255,13,981385,10850
1448,970535,7,255,14,981385,10850
1448,970535,7,255,15,981385,10850
1449,971215,8,255,0,982065,10850
1449,971215,8,255,1,982065,10850
1449,971215,8,255,2,982065,10850
1449,971215,8,255,3,982065,10850
1449,971215,8,255,4,982065,10850
1449,971215,8,255,5,982065,10850
1449,971215,8,255,6,982065,10850
1449,971215,8,255,7,982065,10850
1449,971215,8,255,9,982065,10850
1449,971215,8,255,10,982065,10850
1449,971215,8,255,11,982065,10850
1449,971215,8,255,12,982065,10850
1449,971215,8,255,13,982065,10850
1449,971215,8,255,14,982065,10850
1449,971215,8,255,15,982065,10850
1451,972575,10,1,1,983425,10850
1467,983455,10,100,-1,,
1452,973255,11,1,1,984105,10850
1453,973935,12,2,2,984785,10850
1454,974615,13,15,15,985465,10850
1455,975295,14,10,10,986145,10850
1471,986175,14,65,-1,,
1456,975975,15,11,11,986825,10850
1441,976655,0,255,1,987505,10850
1441,976655,0,255,2,987505,10850
1441,976655,0,255,3,987505,10850
1441,976655,0,255,4,987505,10850
1441,976655,0,255,5,987505,10850
1441,976655,0,255,6,987505,10850
1441,976655,0,255,7,987505,10850
1441,976655,0,255,8,987505,10850
1441,976655,0,255,9,987505,10850
1441,976655,0,255,10,987505,10850
1441,976655,0,255,11,987505,10850
1441,976655,0,255,12,987505,10850
1441,976655,0,255,13,987505,10850
1441,976655,0,255,14,987505,10850
1441,976655,0,255,15,987505,10850
1442,977335,1,8,8,988185,10850
1443,978015,2,11,11,988865,10850
1444,978695,3,15,15,989545,10850
1460,989575,3,92,-1,,
1445,979375,4,3,3,990225,10850
1462,980055,5,15,15,990905,10850
1463,980735,6,0,0,991585,10850
1464,981415,7,3,3,992265,10850
1465,982095,8,10,10,992945,10850
1481,992975,8,19,-1,,
1466,982775,9,6,6,993625,10850
1468,984135,11,14,14,994985,10850
1469,984815,12,14,14,995665,10850
1470,985495,13,3,3,996345,10850
1472,986855,15,2,2,997705,10850
1457,987535,0,15,15,998385,10850
1473,998415,0,219,-1,,
1458,988215,1,0,0,999065,10850
1459,988895,2,9,9,999745,10850
1461,990255,4,11,11,1001105,10850
1478,990935,5,1,1,1001785,10850
1494,1001815,5,171,-1,,
1479,991615,6,13,13,1002465,10850
1480,992295,7,2,2,1003145,10850
1497,1003855,8,80,-1,,
1482,993655,9,1,1,1004505,10850
1483,994335,10,7,7,1005185,10850
1484,995015,11,255,0,1005865,10850
1484,995015,11,255,1,1005865,10850
1484,995015,11,255,2,1005865,10850
1484,995015,11,255,3,1005865,10850
1484,995015,11,255,4,1005865,10850
1484,995015,11,255,5,1005865,10850
1484,995015,11,255,6,1005865,10850
1484,995015,11,255,7,1005865,10850
1484,995015,11,255,8,1005865,10850
1484,995015,11,255,9,1005865,10850
1484,995015,11,255,10,1005865,10850
1484,995015,11,255,12,1005865,10850
1484,995015,11,255,13,1005865,10850
1484,995015,11,255,14,1005865,10850
1484,995015,11,255,15,1005865,10850
1485,995695,12,1,1,1006545,10850
1486,996375,13,15,15,1007225,10850
1487,997055,14,8,8,1007905,10850
1488,997735,15,8,8,1008585,10850
1474,999095,1,9,9,1009945,10850
1475,999775,2,15,15,1010625,10850
1476,1000455,3,2,2,1011305,10850
1477,1001135,4,10,10,1011985,10850
1495,1002495,6,12,12,1013345,10850
1496,1003175,7,8,8,1014025,10850
1513,1014735,8,219,-1,,
1498,1004535,9,14,14,1015385,10850
1499,1005215,10,15,15,1016065,10850
1515,1016095,10,195,-1,,
1500,1005895,11,12,12,1016745,10850
1501,1006575,12,4,4,1017425,10850
1502,1007255,13,8,8,1018105,10850
1503,1007935,14,9,9,1018785,10850
1504,1008615,15,13,13,1019465,10850
1489,1009295,0,13,13,1020145,10850
1490,1009975,1,4,4,1020825,10850
1506,1020855,1,206,-1,,
1491,1010655,2,255,0,1021505,10850
1491,1010655,2,255,1,1021505,10850
1491,1010655,2,255,3,1021505,10850
1491,1010655,2,255,4,1021505,10850
1491,1010655,2,255,5,1021505,10850
1491,1010655,2,255,6,1021505,10850
1491,1010655,2,255,7,1021505,10850
1491,1010655,2,255,8,1021505,10850
1491,1010655,2,255,9,1021505,10850
1491,1010655,2,255,10,1021505,10850
1491,1010655,2,255,11,1021505,10850
1491,1010655,2,255,12,1021505,10850
1491,1010655,2,255,13,1021505,10850
1491,1010655,2,255,14,1021505,10850
1491,1010655,2,255,15,1021505,10850
1492,1011335,3,5,5,1022185,10850
1493,1012015,4,2,2,1022865,10850
1510,1012695,5,10,10,1023545,10850
1511,1013375,6,255,0,1024225,10850
1511,1013375,6,255,1,1024225,10850
1511,1013375,6,255,2,1024225,10850
1511,1013375,6,255,3,1024225,10850
1511,1013375,6,255,4,1024225,10850
1511,1013375,6,255,5,1024225,10850
1511,1013375,6,255,7,1024225,10850
1511,1013375,6,255,8,1024225,10850
1511,1013375,6,255,9,1024225,10850
1511,1013375,6,255,10,1024225,10850
1511,1013375,6,255,11,1024225,10850
1511,1013375,6,255,12,1024225,10850
1511,1013375,6,255,13,1024225,10850
1511,1013375,6,255,14,1024225,10850
1511,1013375,6,255,15,1024225,10850
1512,1014055,7,15,15,1024905,10850
1514,1015415,9,10,10,1026265,10850
1530,1026295,9,236,-1,,
1516,1016775,11,5,5,1027625,10850
1532,1027655,11,64,-1,,
1517,1017455,12,255,0,1028305,10850
1517,1017455,12,255,1,1028305,10850
1517,1017455,12,255,2,1028305,10850
1517,1017455,12,255,3,1028305,10850
1517,1017455,12,255,4,1028305,10850
1517,1017455,12,255,5,1028305,10850
1517,1017455,12,255,6,1028305,10850
1517,1017455,12,255,7,1028305,10850
1517,1017455,12,255,8,1028305,10850
1517,1017455,12,255,9,1028305,10850
1517,1017455,12,255,10,1028305,10850
1517,1017455,12,255,11,1028305,10850
1517,1017455,12,255,13,1028305,10850
1517,1017455,12,255,14,1028305,10850
1517,1017455,12,255,15,1028305,10850
1518,1018135,13,1,1,1028985,10850
1519,1018815,14,15,15,1029665,10850
1520,1019495,15,255,0,1030345,10850
1520,1019495,15,255,1,1030345,10850
1520,1019495,15,255,2,1030345,10850
1520,1019495,15,255,3,1030345,10850
1520,1019495,15,255,4,1030345,10850
1520,1019495,15,255,5,1030345,10850
1520,1019495,15,255,6,1030345,10850
1520,1019495,15,255,7,1030345,10850
1520,1019495,15,255,8,1030345,10850
1520,1019495,15,255,9,1030345,10850
1520,1019495,15,255,10,1030345,10850
1520,1019495,15,255,11,1030345,10850
1520,1019495,15,255,12,1030345,10850
1520,1019495,15,255,13,1030345,10850
1520,1019495,15,255,14,1030345,10850
1505,1020175,0,6,6,1031025,10850
1507,1021535,2,1,1,1032385,10850
1508,1022215,3,9,9,1033065,10850
1509,1022895,4,13,13,1033745,10850
1526,1023575,5,255,0,1034425,10850
1526,1023575,5,255,1,1034425,10850
1526,1023575,5,255,2,1034425,10850
1526,1023575,5,255,3,1034425,10850
1526,1023575,5,255,4,1034425,10850
1526,1023575,5,255,6,1034425,10850
1526,1023575,5,255,7,1034425,10850
1526,1023575,5,255,8,1034425,10850
1526,1023575,5,255,9,1034425,10850
1526,1023575,5,255,10,1034425,10850
1526,1023575,5,255,11,1034425,10850
1526,1023575,5,255,12,1034425,10850
1526,1023575,5,255,13,1034425,10850
1526,1023575,5,255,14,1034425,10850
1526,1023575,5,255,15,1034425,10850
1542,1034455,5,186,-1,,
1527,1024255,6,4,4,1035105,10850
1528,1024935,7,15,15,1035785,10850
1544,1035815,7,220,-1,,
1529,1025615,8,14,14,1036465,10850
1531,1026975,10,255,0,1037825,10850
1531,1026975,10,255,1,1037825,10850
1531,1026975,10,255,2,1037825,10850
1531,1026975,10,255,3,1037825,10850
1531,1026975,10,255,4,1037825,10850
1531,1026975,10,255,5,1037825,10850
1531,1026975,10,255,6,1037825,10850
1531,1026975,10,255,7,1037825,10850
1531,1026975,10,255,8,1037825,10850
1531,1026975,10,255,9,1037825,10850
1531,1026975,10,255,11,1037825,10850
1531,1026975,10,255,12,1037825,10850
1531,1026975,10,255,13,1037825,10850
1531,1026975,10,255,14,1037825,10850
1531,1026975,10,255,15,1037825,10850
1533,1028335,12,9,9,1039185,10850
1534,1029015,13,1,1,1039865,10850
1535,1029695,14,8,8,1040545,10850
1536,1030375,15,11,11,1041225,10850
1521,1031055,0,2,2,1041905,10850
1522,1031735,1,4,4,1042585,10850
1538,1042615,1,115,-1,,
1523,1032415,2,0,0,1043265,10850
1524,1033095,3,7,7,1043945,10850
1525,1033775,4,255,0,1044625,10850
1525,1033775,4,255,1,1044625,10850
1525,1033775,4,255,2,1044625,10850
1525,1033775,4,255,3,1044625,10850
1525,1033775,4,255,5,1044625,10850
1525,1033775,4,255,6,1044625,10850
1525,1033775,4,255,7,1044625,10850
1525,1033775,4,255,8,1044625,10850
1525,1033775,4,255,9,1044625,10850
1525,1033775,4,255,10,1044625,10850
1525,1033775,4,255,11,1044625,10850
1525,1033775,4,255,12,1044625,10850
1525,1033775,4,255,13,1044625,10850
1525,1033775,4,255,14,1044625,10850
1525,1033775,4,255,15,1044625,10850
1543,1035135,6,2,2,1045985,10850
1545,1036495,8,1,1,1047345,10850
1546,1037175,9,5,5,1048025,10850
1547,1037855,10,13,13,1048705,10850
1548,1038535,11,7,7,1049385,10850
1549,1039215,12,11,11,1050065,10850
1565,1050095,12,168,-1,,
1550,1039895,13,15,15,1050745,10850
1551,1040575,14,15,15,1051425,10850
1552,1041255,15,14,14,1052105,10850
1537,1041935,0,14,14,1052785,10850
1539,1043295,2,11,11,1054145,10850
1540,1043975,3,6,6,1054825,10850
1556,1054855,3,121,-1,,
1541,1044655,4,13,13,1055505,10850
1558,1045335,5,2,2,1056185,10850
1559,1046015,6,2,2,1056865,10850
1560,1046695,7,12,12,1057545,10850
1561,1047375,8,9,9,1058225,10850
1562,1048055,9,13,13,1058905,10850
1563,1048735,10,5,5,1059585,10850
1564,1049415,11,4,4,1060265,10850
1566,1050775,13,3,3,1061625,10850
1567,1051455,14,255,0,1062305,10850
1567,1051455,14,255,1,1062305,10850
1567,1051455,14,255,2,1062305,10850
1567,1051455,14,255,3,1062305,10850
1567,1051455,14,255,4,1062305,10850
1567,1051455,14,255,5,1062305,10850
1567,1051455,14,255,6,1062305,10850
1567,1051455,14,255,7,1062305,10850
1567,1051455,14,255,8,1062305,10850
1567,1051455,14,255,9,1062305,10850
1567,1051455,14,255,10,1062305,10850
1567,1051455,14,255,11,1062305,10850
1567,1051455,14,255,12,1062305,10850
1567,1051455,14,255,13,1062305,10850
1567,1051455,14,255,15,1062305,10850
1568,1052135,15,12,12,1062985,10850
1553,1052815,0,9,9,1063665,10850
1554,1053495,1,15,15,1064345,10850
1555,1054175,2,4,4,1065025,10850
1572,1065735,3,21,-1,,
1557,1055535,4,9,9,1066385,10850
1574,1056215,5,9,9,1067065,10850
1575,1056895,6,5,5,1067745,10850
1576,1057575,7,9,9,1068425,10850
1577,1058255,8,1,1,1069105,10850
1593,1069135,8,247,-1,,
1578,1058935,9,15,15,1069785,10850
1579,1059615,10,255,0,1070465,10850
1579,1059615,10,255,1,1070465,10850
1579,1059615,10,255,2,1070465,10850
1579,1059615,10,255,3,1070465,10850
1579,1059615,10,255,4,1070465,10850
1579,1059615,10,255,5,1070465,10850
1579,1059615,10,255,6,1070465,10850
1579,1059615,10,255,7,1070465,10850
1579,1059615,10,255,8,1070465,10850
1579,1059615,10,255,9,1070465,10850
1579,1059615,10,255,11,1070465,10850
1579,1059615,10,255,12,1070465,10850
1579,1059615,10,255,13,1070465,10850
1579,1059615,10,255,14,1070465,10850
1579,1059615,10,255,15,1070465,10850
1580,1060295,11,14,14,1071145,10850
1581,1060975,12,5,5,1071825,10850
1582,1061655,13,1,1,1072505,10850
1583,1062335,14,2,2,1073185,10850
1584,1063015,15,4,4,1073865,10850
1569,1063695,0,8,8,1074545,10850
1570,1064375,1,3,3,1075225,10850
1571,1065055,2,6,6,1075905,10850
1573,1066415,4,13,13,1077265,10850
1590,1067095,5,6,6,1077945,10850
1591,1067775,6,2,2,1078625,10850
1592,1068455,7,11,11,1079305,10850
1594,1069815,9,3,3,1080665,10850
1610,1080695,9,145,-1,,
1595,1070495,10,14,14,1081345,10850
1596,1071175,11,9,9,1082025,10850
1597,1071855,12,4,4,1082705,10850
1598,1072535,13,0,0,1083385,10850
1599,1073215,14,7,7,1084065,10850
1615,1084095,14,18,-1,,
1600,1073895,15,13,13,1084745,10850
1585,1074575,0,11,11,1085425,10850
1601,1085455,0,185,-1,,
1586,1075255,1,14,14,1086105,10850
1587,1075935,2,15,15,1086785,10850
1588,1076615,3,14,14,1087465,10850
1589,1077295,4,11,11,1088145,10850
1606,1077975,5,0,0,1088825,10850
1607,1078655,6,4,4,1089505,10850
1608,1079335,7,6,6,1090185,10850
1609,1080015,8,12,12,1090865,10850
1611,1081375,10,9,9,1092225,10850
1612,1082055,11,12,12,1092905,10850
1613,1082735,12,8,8,1093585,10850
1614,1083415,13,6,6,1094265,10850
1616,1084775,15,13,13,1095625,10850
1632,1095655,15,211,-1,,
1602,1086135,1,11,11,1096985,10850
1603,1086815,2,15,15,1097665,10850
1604,1087495,3,15,15,1098345,10850
1605,1088175,4,0,0,1099025,10850
1622,1088855,5,0,0,1099705,10850
1623,1089535,6,255,0,1100385,10850
1623,1089535,6,255,1,1100385,10850
1623,1089535,6,255,2,1100385,10850
1623,1089535,6,255,3,1100385,10850
1623,1089535,6,255,4,1100385,10850
1623,1089535,6,255,5,1100385,10850
1623,1089535,6,255,7,1100385,10850
1623,1089535,6,255,8,1100385,10850
1623,1089535,6,255,9,1100385,10850
1623,1089535,6,255,10,1100385,10850
1623,1089535,6,255,11,1100385,10850
1623,1089535,6,255,12,1100385,10850
1623,1089535,6,255,13,1100385,10850
1623,1089535,6,255,14,1100385,10850
1623,1089535,6,255,15,1100385,10850
1624,1090215,7,4,4,1101065,10850
1625,1090895,8,14,14,1101745,10850
1626,1091575,9,5,5,1102425,10850
1627,1092255,10,0,0,1103105,10850
1628,1092935,11,255,0,1103785,10850
1628,1092935,11,255,1,1103785,10850
1628,1092935,11,255,2,1103785,10850
1628,1092935,11,255,3,1103785,10850
1628,1092935,11,255,4,1103785,10850
1628,1092935,11,255,5,1103785,10850
1628,1092935,11,255,6,1103785,10850
1628,1092935,11,255,7,1103785,10850
1628,1092935,11,255,8,1103785,10850
1628,1092935,11,255,9,1103785,10850
1628,1092935,11,255,10,1103785,10850
1628,1092935,11,255,12,1103785,10850
1628,1092935,11,255,13,1103785,10850
1628,1092935,11,255,14,1103785,10850
1628,1092935,11,255,15,1103785,10850
1629,1093615,12,11,11,1104465,10850
1630,1094295,13,0,0,1105145,10850
1631,1094975,14,9,9,1105825,10850
1617,1096335,0,14,14,1107185,10850
1618,1097015,1,9,9,1107865,10850
1619,1097695,2,14,14,1108545,10850
1635,1108575,2,199,-1,,
1620,1098375,3,5,5,1109225,10850
1636,1109255,3,29,-1,,
1621,1099055,4,255,0,1109905,10850
1621,1099055,4,255,1,1109905,10850
1621,1099055,4,255,2,1109905,10850
1621,1099055,4,255,3,1109905,10850
1621,1099055,4,255,5,1109905,10850
1621,1099055,4,255,6,1109905,10850
1621,1099055,4,255,7,1109905,10850
1621,1099055,4,255,8,1109905,10850
1621,1099055,4,255,9,1109905,10850
1621,1099055,4,255,10,1109905,10850
1621,1099055,4,255,11,1109905,10850
1621,1099055,4,255,12,1109905,10850
1621,1099055,4,255,13,1109905,10850
1621,1099055,4,255,14,1109905,10850
1621,1099055,4,255,15,1109905,10850
1637,1109935,4,102,-1,,
1638,1099735,5,4,4,1110585,10850
1639,1100415,6,255,0,1111265,10850
1639,1100415,6,255,1,1111265,10850
1639,1100415,6,255,2,1111265,10850
1639,1100415,6,255,3,1111265,10850
1639,1100415,6,255,4,1111265,10850
1639,1100415,6,255,5,1111265,10850
1639,1100415,6,255,7,1111265,10850
1639,1100415,6,255,8,1111265,10850
1639,1100415,6,255,9,1111265,10850
1639,1100415,6,255,10,1111265,10850
1639,1100415,6,255,11,1111265,10850
1639,1100415,6,255,12,1111265,10850
1639,1100415,6,255,13,1111265,10850
1639,1100415,6,255,14,1111265,10850
1639,1100415,6,255,15,1111265,10850
1640,1101095,7,1,1,1111945,10850
1641,1101775,8,11,11,1112625,10850
1642,1102455,9,12,12,1113305,10850
1643,1103135,10,4,4,1113985,10850
1644,1103815,11,7,7,1114665,10850
1645,1104495,12,1,1,1115345,10850
1646,1105175,13,7,7,1116025,10850
1662,1116055,13,46,-1,,
1647,1105855,14,6,6,1116705,10850
1648,1106535,15,8,8,1117385,10850
1633,1107215,0,12,12,1118065,10850
1634,1107895,1,255,0,1118745,10850
1634,1107895,1,255,2,1118745,10850
1634,1107895,1,255,3,1118745,10850
1634,1107895,1,255,4,1118745,10850
1634,1107895,1,255,5,1118745,10850
1634,1107895,1,255,6,1118745,10850
1634,1107895,1,255,7,1118745,10850
1634,1107895,1,255,8,1118745,10850
1634,1107895,1,255,9,1118745,10850
1634,1107895,1,255,10,1118745,10850
1634,1107895,1,255,11,1118745,10850
1634,1107895,1,255,12,1118745,10850
1634,1107895,1,255,13,1118745,10850
1634,1107895,1,255,14,1118745,10850
1634,1107895,1,255,15,1118745,10850
1654,1110615,5,14,14,1121465,10850
1670,1121495,5,219,-1,,
1655,1111295,6,12,12,1122145,10850
1656,1111975,7,5,5,1122825,10850
1672,1122855,7,46,-1,,
1657,1112655,8,5,5,1123505,10850
1658,1113335,9,13,13,1124185,10850
1659,1114015,10,255,0,1124865,10850
1659,1114015,10,255,1,1124865,10850
1659,1114015,10,255,2,1124865,10850
1659,1114015,10,255,3,1124865,10850
1659,1114015,10,255,4,1124865,10850
1659,1114015,10,255,5,1124865,10850
1659,1114015,10,255,6,1124865,10850
1659,1114015,10,255,7,1124865,10850
1659,1114015,10,255,8,1124865,10850
1659,1114015,10,255,9,1124865,10850
1659,1114015,10,255,11,1124865,10850
1659,1114015,10,255,12,1124865,10850
1659,1114015,10,255,13,1124865,10850
1659,1114015,10,255,14,1124865,10850
1659,1114015,10,255,15,1124865,10850
1660,1114695,11,14,14,1125545,10850
1661,1115375,12,1,1,1126225,10850
1663,1116735,14,8,8,1127585,10850
1664,1117415,15,13,13,1128265,10850
1649,1118095,0,6,6,1128945,10850
1650,1118775,1,13,13,1129625,10850
1651,1119455,2,7,7,1130305,10850
1652,1120135,3,0,0,1130985,10850
1653,1120815,4,11,11,1131665,10850
1671,1122175,6,11,11,1133025,10850
1688,1133735,7,172,-1,,
1673,1123535,8,10,10,1134385,10850
1674,1124215,9,255,0,1135065,10850
1674,1124215,9,255,1,1135065,10850
1674,1124215,9,255,2,1135065,10850
1674,1124215,9,255,3,1135065,10850
1674,1124215,9,255,4,1135065,10850
1674,1124215,9,255,5,1135065,10850
1674,1124215,9,255,6,1135065,10850
1674,1124215,9,255,7,1135065,10850
1674,1124215,9,255,8,1135065,10850
1674,1124215,9,255,10,1135065,10850
1674,1124215,9,255,11,1135065,10850
1674,1124215,9,255,12,1135065,10850
1674,1124215,9,255,13,1135065,10850
1674,1124215,9,255,14,1135065,10850
1674,1124215,9,255,15,1135065,10850
1675,1124895,10,255,0,1135745,10850
1675,1124895,10,255,1,1135745,10850
1675,1124895,10,255,2,1135745,10850
1675,1124895,10,255,3,1135745,10850
1675,1124895,10,255,4,1135745,10850
1675,1124895,10,255,5,1135745,10850
1675,1124895,10,255,6,1135745,10850
1675,1124895,10,255,7,1135745,10850
1675,1124895,10,255,8,1135745,10850
1675,1124895,10,255,9,1135745,10850
1675,1124895,10,255,11,1135745,10850
1675,1124895,10,255,12,1135745,10850
1675,1124895,10,255,13,1135745,10850
1675,1124895,10,255,14,1135745,10850
1675,1124895,10,255,15,1135745,10850
1676,1125575,11,10,10,1136425,10850
1692,1136455,11,42,-1,,
1677,1126255,12,15,15,1137105,10850
1678,1126935,13,5,5,1137785,10850
1679,1127615,14,10,10,1138465,10850
1680,1128295,15,0,0,1139145,10850
1665,1128975,0,12,12,1139825,10850
1666,1129655,1,12,12,1140505,10850
1667,1130335,2,7,7,1141185,10850
1668,1131015,3,9,9,1141865,10850
1669,1131695,4,8,8,1142545,10850
1686,1132375,5,11,11,1143225,10850
1687,1133055,6,3,3,1143905,10850
1689,1134415,8,6,6,1145265,10850
1690,1135095,9,12,12,1145945,10850
1691,1135775,10,11,11,1146625,10850
1693,1137135,12,2,2,1147985,10850
1694,1137815,13,15,15,1148665,10850
1695,1138495,14,4,4,1149345,10850
1696,1139175,15,9,9,1150025,10850
1681,1139855,0,8,8,1150705,10850
1682,1140535,1,2,2,1151385,10850
1698,1151415,1,45,-1,,
1683,1141215,2,7,7,1152065,10850
1699,1152095,2,185,-1,,
1684,1141895,3,255,0,1152745,10850
1684,1141895,3,255,1,1152745,10850
1684,1141895,3,255,2,1152745,10850
1684,1141895,3,255,4,1152745,10850
1684,1141895,3,255,5,1152745,10850
1684,1141895,3,255,6,1152745,10850
1684,1141895,3,255,7,1152745,10850
1684,1141895,3,255,8,1152745,10850
1684,1141895,3,255,9,1152745,10850
1684,1141895,3,255,10,1152745,10850
1684,1141895,3,255,11,1152745,10850
1684,1141895,3,255,12,1152745,10850
1684,1141895,3,255,13,1152745,10850
1684,1141895,3,255,14,1152745,10850
1684,1141895,3,255,15,1152745,10850
1700,1152775,3,137,-1,,
1685,1142575,4,12,12,1153425,10850
1701,1153455,4,231,-1,,
1702,1143255,5,255,0,1154105,10850
1702,1143255,5,255,1,1154105,10850
1702,1143255,5,255,2,1154105,10850
1702,1143255,5,255,3,1154105,10850
1702,1143255,5,255,4,1154105,10850
1702,1143255,5,255,6,1154105,10850
1702,1143255,5,255,7,1154105,10850
1702,1143255,5,255,8,1154105,10850
1702,1143255,5,255,9,1154105,10850
1702,1143255,5,255,10,1154105,10850
1702,1143255,5,255,11,1154105,10850
1702,1143255,5,255,12,1154105,10850
1702,1143255,5,255,13,1154105,10850
1702,1143255,5,255,14,1154105,10850
1702,1143255,5,255,15,1154105,10850
1718,1154135,5,177,-1,,
1703,1143935,6,13,13,1154785,10850
1704,1144615,7,4,4,1155465,10850
1705,1145295,8,255,0,1156145,10850
1705,1145295,8,255,1,1156145,10850
1705,1145295,8,255,2,1156145,10850
1705,1145295,8,255,3,1156145,10850
1705,1145295,8,255,4,1156145,10850
1705,1145295,8,255,5,1156145,10850
1705,1145295,8,255,6,1156145,10850
1705,1145295,8,255,7,1156145,10850
1705,1145295,8,255,9,1156145,10850
1705,1145295,8,255,10,1156145,10850
1705,1145295,8,255,11,1156145,10850
1705,1145295,8,255,12,1156145,10850
1705,1145295,8,255,13,1156145,10850
1705,1145295,8,255,14,1156145,10850
1705,1145295,8,255,15,1156145,10850
1721,1156175,8,25,-1,,
1706,1145975,9,15,15,1156825,10850
1707,1146655,10,0,0,1157505,10850
1708,1147335,11,5,5,1158185,10850
1709,1148015,12,4,4,1158865,10850
1710,1148695,13,9,9,1159545,10850
1711,1149375,14,2,2,1160225,10850
1727,1160255,14,97,-1,,
1712,1150055,15,14,14,1160905,10850
1697,1150735,0,4,4,1161585,10850
1713,1161615,0,172,-1,,
1719,1154815,6,12,12,1165665,10850
1720,1155495,7,1,1,1166345,10850
1736,1166375,7,208,-1,,
1722,1156855,9,1,1,1167705,10850
1723,1157535,10,15,15,1168385,10850
1724,1158215,11,1,1,1169065,10850
1725,1158895,12,11,11,1169745,10850
1726,1159575,13,5,5,1170425,10850
1728,1160935,15,0,0,1171785,10850
1714,1162295,1,11,11,1173145,10850
1715,1162975,2,6,6,1173825,10850
1716,1163655,3,255,0,1174505,10850
1716,1163655,3,255,1,1174505,10850
1716,1163655,3,255,2,1174505,10850
1716,1163655,3,255,4,1174505,10850
1716,1163655,3,255,5,1174505,10850
1716,1163655,3,255,6,1174505,10850
1716,1163655,3,255,7,1174505,10850
1716,1163655,3,255,8,1174505,10850
1716,1163655,3,255,9,1174505,10850
1716,1163655,3,255,10,1174505,10850
1716,1163655,3,255,11,1174505,10850
1716,1163655,3,255,12,1174505,10850
1716,1163655,3,255,13,1174505,10850
1716,1163655,3,255,14,1174505,10850
1716,1163655,3,255,15,1174505,10850
1717,1164335,4,255,0,1175185,10850
1717,1164335,4,255,1,1175185,10850
1717,1164335,4,255,2,1175185,10850
1717,1164335,4,255,3,1175185,10850
1717,1164335,4,255,5,1175185,10850
1717,1164335,4,255,6,1175185,10850
1717,1164335,4,255,7,1175185,10850
1717,1164335,4,255,8,1175185,10850
1717,1164335,4,255,9,1175185,10850
1717,1164335,4,255,10,1175185,10850
1717,1164335,4,255,11,1175185,10850
1717,1164335,4,255,12,1175185,10850
1717,1164335,4,255,13,1175185,10850
1717,1164335,4,255,14,1175185,10850
1717,1164335,4,255,15,1175185,10850
1734,1165015,5,1,1,1175865,10850
1735,1165695,6,14,14,1176545,10850
1737,1167055,8,15,15,1177905,10850
1738,1167735,9,12,12,1178585,10850
1739,1168415,10,9,9,1179265,10850
1740,1169095,11,15,15,1179945,10850
1741,1169775,12,255,0,1180625,10850
1741,1169775,12,255,1,1180625,10850
1741,1169775,12,255,2,1180625,10850
1741,1169775,12,255,3,1180625,10850
1741,1169775,12,255,4,1180625,10850
1741,1169775,12,255,5,1180625,10850
1741,1169775,12,255,6,1180625,10850
1741,1169775,12,255,7,1180625,10850
1741,1169775,12,255,8,1180625,10850
1741,1169775,12,255,9,1180625,10850
1741,1169775,12,255,10,1180625,10850
1741,1169775,12,255,11,1180625,10850
1741,1169775,12,255,13,1180625,10850
1741,1169775,12,255,14,1180625,10850
1741,1169775,12,255,15,1180625,10850
1742,1170455,13,14,14,1181305,10850
1743,1171135,14,8,8,1181985,10850
1744,1171815,15,3,3,1182665,10850
1729,1172495,0,3,3,1183345,10850
1730,1173175,1,255,0,1184025,10850
1730,1173175,1,255,2,1184025,10850
1730,1173175,1,255,3,1184025,10850
1730,1173175,1,255,4,1184025,10850
1730,1173175,1,255,5,1184025,10850
1730,1173175,1,255,6,1184025,10850
1730,1173175,1,255,7,1184025,10850
1730,1173175,1,255,8,1184025,10850
1730,1173175,1,255,9,1184025,10850
1730,1173175,1,255,10,1184025,10850
1730,1173175,1,255,11,1184025,10850
1730,1173175,1,255,12,1184025,10850
1730,1173175,1,255,13,1184025,10850
1730,1173175,1,255,14,1184025,10850
1730,1173175,1,255,15,1184025,10850
1731,1173855,2,13,13,1184705,10850
1732,1174535,3,14,14,1185385,10850
1748,1185415,3,152,-1,,
1733,1175215,4,14,14,1186065,10850
1750,1175895,5,13,13,1186745,10850
1751,1176575,6,5,5,1187425,10850
1752,1177255,7,6,6,1188105,10850
1753,1177935,8,255,0,1188785,10850
1753,1177935,8,255,1,1188785,10850
1753,1177935,8,255,2,1188785,10850
1753,1177935,8,255,3,1188785,10850
1753,1177935,8,255,4,1188785,10850
1753,1177935,8,255,5,1188785,10850
1753,1177935,8,255,6,1188785,10850
1753,1177935,8,255,7,1188785,10850
1753,1177935,8,255,9,1188785,10850
1753,1177935,8,255,10,1188785,10850
1753,1177935,8,255,11,1188785,10850
1753,1177935,8,255,12,1188785,10850
1753,1177935,8,255,13,1188785,10850
1753,1177935,8,255,14,1188785,10850
1753,1177935,8,255,15,1188785,10850
1754,1178615,9,10,10,1189465,10850
1755,1179295,10,7,7,1190145,10850
1756,1179975,11,2,2,1190825,10850
1757,1180655,12,4,4,1191505,10850
1758,1181335,13,255,0,1192185,10850
1758,1181335,13,255,1,1192185,10850
1758,1181335,13,255,2,1192185,10850
1758,1181335,13,255,3,1192185,10850
1758,1181335,13,255,4,1192185,10850
1758,1181335,13,255,5,1192185,10850
1758,1181335,13,255,6,1192185,10850
1758,1181335,13,255,7,1192185,10850
1758,1181335,13,255,8,1192185,10850
1758,1181335,13,255,9,1192185,10850
1758,1181335,13,255,10,1192185,10850
1758,1181335,13,255,11,1192185,10850
1758,1181335,13,255,12,1192185,10850
1758,1181335,13,255,14,1192185,10850
1758,1181335,13,255,15,1192185,10850
1759,1182015,14,255,0,1192865,10850
1759,1182015,14,255,1,1192865,10850
1759,1182015,14,255,2,1192865,10850
1759,1182015,14,255,3,1192865,10850
1759,1182015,14,255,4,1192865,10850
1759,1182015,14,255,5,1192865,10850
1759,1182015,14,255,6,1192865,10850
1759,1182015,14,255,7,1192865,10850
1759,1182015,14,255,8,1192865,10850
1759,1182015,14,255,9,1192865,10850
1759,1182015,14,255,10,1192865,10850
1759,1182015,14,255,11,1192865,10850
1759,1182015,14,255,12,1192865,10850
1759,1182015,14,255,13,1192865,10850
1759,1182015,14,255,15,1192865,10850
1760,1182695,15,13,13,1193545,10850
1776,1193575,15,153,-1,,
1745,1183375,0,12,12,1194225,10850
1746,1184055,1,8,8,1194905,10850
1747,1184735,2,9,9,1195585,10850
1749,1186095,4,10,10,1196945,10850
1766,1186775,5,13,13,1197625,10850
1767,1187455,6,13,13,1198305,10850
1768,1188135,7,6,6,1198985,10850
1769,1188815,8,255,0,1199665,10850
1769,1188815,8,255,1,1199665,10850
1769,1188815,8,255,2,1199665,10850
1769,1188815,8,255,3,1199665,10850
1769,1188815,8,255,4,1199665,10850
1769,1188815,8,255,5,1199665,10850
1769,1188815,8,255,6,1199665,10850
1769,1188815,8,255,7,1199665,10850
1769,1188815,8,255,9,1199665,10850
1769,1188815,8,255,10,1199665,10850
1769,1188815,8,255,11,1199665,10850
1769,1188815,8,255,12,1199665,10850
1769,1188815,8,255,13,1199665,10850
1769,1188815,8,255,14,1199665,10850
1769,1188815,8,255,15,1199665,10850
1770,1189495,9,10,10,1200345,10850
1771,1190175,10,6,6,1201025,10850
1772,1190855,11,3,3,1201705,10850
1773,1191535,12,14,14,1202385,10850
1788,1202415,12,92,-1,,
1774,1192215,13,5,5,1203065,10850
1789,1203095,13,183,-1,,
1775,1192895,14,10,10,1203745,10850
1761,1194255,0,9,9,1205105,10850
1762,1194935,1,13,13,1205785,10850
1763,1195615,2,0,0,1206465,10850
1764,1196295,3,4,4,1207145,10850
1765,1196975,4,0,0,1207825,10850
1782,1197655,5,3,3,1208505,10850
1797,1208535,5,114,-1,,
1783,1199015,7,5,5,1209195,10180
1784,1199695,8,2,2,1209875,10180
1785,1200375,9,5,5,1210555,10180
1786,1201055,10,2,2,1211235,10180
1787,1201735,11,14,14,1211915,10180
1790,1203775,14,255,0,1213955,10180
1790,1203775,14,255,1,1213955,10180
1790,1203775,14,255,2,1213955,10180
1790,1203775,14,255,3,1213955,10180
1790,1203775,14,255,4,1213955,10180
1790,1203775,14,255,5,1213955,10180
1790,1203775,14,255,6,1213955,10180
1790,1203775,14,255,7,1213955,10180
1790,1203775,14,255,8,1213955,10180
1790,1203775,14,255,9,1213955,10180
1790,1203775,14,255,10,1213955,10180
1790,1203775,14,255,11,1213955,10180
1790,1203775,14,255,12,1213955,10180
1790,1203775,14,255,13,1213955,10180
1790,1203775,14,255,15,1213955,10180
1791,1204455,15,5,5,1214635,10180
1777,1205135,0,5,5,1215315,10180
1778,1205815,1,2,2,1215995,10180
1779,1206495,2,255,0,1216675,10180
1779,1206495,2,255,1,1216675,10180
1779,1206495,2,255,3,1216675,10180
1779,1206495,2,255,4,1216675,10180
1779,1206495,2,255,5,1216675,10180
1779,1206495,2,255,6,1216675,10180
1779,1206495,2,255,7,1216675,10180
1779,1206495,2,255,8,1216675,10180
1779,1206495,2,255,9,1216675,10180
1779,1206495,2,255,10,1216675,10180
1779,1206495,2,255,11,1216675,10180
1779,1206495,2,255,12,1216675,10180
1779,1206495,2,255,13,1216675,10180
1779,1206495,2,255,14,1216675,10180
1779,1206495,2,255,15,1216675,10180
1780,1207175,3,255,0,1217355,10180
1780,1207175,3,255,1,1217355,10180
1780,1207175,3,255,2,1217355,10180
1780,1207175,3,255,4,1217355,10180
1780,1207175,3,255,5,1217355,10180
1780,1207175,3,255,6,1217355,10180
1780,1207175,3,255,7,1217355,10180
1780,1207175,3,255,8,1217355,10180
1780,1207175,3,255,9,1217355,10180
1780,1207175,3,255,10,1217355,10180
1780,1207175,3,255,11,1217355,10180
1780,1207175,3,255,12,1217355,10180
1780,1207175,3,255,13,1217355,10180
1780,1207175,3,255,14,1217355,10180
1780,1207175,3,255,15,1217355,10180
1781,1207855,4,14,14,1218035,10180
1798,1209225,7,3,3,1219405,10180
1799,1209905,8,11,11,1220085,10180
1800,1210585,9,255,0,1220765,10180
1800,1210585,9,255,1,1220765,10180
1800,1210585,9,255,2,1220765,10180
1800,1210585,9,255,3,1220765,10180
1800,1210585,9,255,4,1220765,10180
1800,1210585,9,255,5,1220765,10180
1800,1210585,9,255,6,1220765,10180
1800,1210585,9,255,7,1220765,10180
1800,1210585,9,255,8,1220765,10180
1800,1210585,9,255,10,1220765,10180
1800,1210585,9,255,11,1220765,10180
1800,1210585,9,255,12,1220765,10180
1800,1210585,9,255,13,1220765,10180
1800,1210585,9,255,14,1220765,10180
1800,1210585,9,255,15,1220765,10180
1801,1211265,10,255,0,1221445,10180
1801,1211265,10,255,1,1221445,10180
1801,1211265,10,255,2,1221445,10180
1801,1211265,10,255,3,1221445,10180
1801,1211265,10,255,4,1221445,10180
1801,1211265,10,255,5,1221445,10180
1801,1211265,10,255,6,1221445,10180
1801,1211265,10,255,7,1221445,10180
1801,1211265,10,255,8,1221445,10180
1801,1211265,10,255,9,1221445,10180
1801,1211265,10,255,11,1221445,10180
1801,1211265,10,255,12,1221445,10180
1801,1211265,10,255,13,1221445,10180
1801,1211265,10,255,14,1221445,10180
1801,1211265,10,255,15,1221445,10180
1802,1212625,12,13,13,1222135,9510
1803,1213305,13,1,1,1222815,9510
1804,1213985,14,6,6,1223495,9510
1805,1214665,15,3,3,1224175,9510
1792,1215345,0,14,14,1224855,9510
1793,1216025,1,11,11,1225535,9510
1794,1216705,2,1,1,1226215,9510
1808,1226245,2,56,-1,,
1795,1217385,3,255,0,1226895,9510
1795,1217385,3,255,1,1226895,9510
1795,1217385,3,255,2,1226895,9510
1795,1217385,3,255,4,1226895,9510
1795,1217385,3,255,5,1226895,9510
1795,1217385,3,255,6,1226895,9510
1795,1217385,3,255,7,1226895,9510
1795,1217385,3,255,8,1226895,9510
1795,1217385,3,255,9,1226895,9510
1795,1217385,3,255,10,1226895,9510
1795,1217385,3,255,11,1226895,9510
1795,1217385,3,255,12,1226895,9510
1795,1217385,3,255,13,1226895,9510
1795,1217385,3,255,14,1226895,9510
1795,1217385,3,255,15,1226895,9510
1796,1218065,4,255,0,1227575,9510
1796,1218065,4,255,1,1227575,9510
1796,1218065,4,255,2,1227575,9510
1796,1218065,4,255,3,1227575,9510
1796,1218065,4,255,5,1227575,9510
1796,1218065,4,255,6,1227575,9510
1796,1218065,4,255,7,1227575,9510
1796,1218065,4,255,8,1227575,9510
1796,1218065,4,255,9,1227575,9510
1796,1218065,4,255,10,1227575,9510
1796,1218065,4,255,11,1227575,9510
1796,1218065,4,255,12,1227575,9510
1796,1218065,4,255,13,1227575,9510
1796,1218065,4,255,14,1227575,9510
1796,1218065,4,255,15,1227575,9510
1811,1218745,5,6,6,1228255,9510
1812,1219435,7,10,10,1228945,9510
1813,1220115,8,9,9,1229625,9510
1814,1220795,9,13,13,1230305,9510
1815,1221475,10,15,15,1230985,9510
1816,1222165,12,5,5,1231675,9510
1817,1222845,13,0,0,1232355,9510
1818,1223525,14,5,5,1233035,9510
1819,1224205,15,5,5,1233715,9510
1806,1224885,0,11,11,1234395,9510
1807,1225565,1,255,0,1235075,9510
1807,1225565,1,255,2,1235075,9510
1807,1225565,1,255,3,1235075,9510
1807,1225565,1,255,4,1235075,9510
1807,1225565,1,255,5,1235075,9510
1807,1225565,1,255,6,1235075,9510
1807,1225565,1,255,7,1235075,9510
1807,1225565,1,255,8,1235075,9510
1807,1225565,1,255,9,1235075,9510
1807,1225565,1,255,10,1235075,9510
1807,1225565,1,255,11,1235075,9510
1807,1225565,1,255,12,1235075,9510
1807,1225565,1,255,13,1235075,9510
1807,1225565,1,255,14,1235075,9510
1807,1225565,1,255,15,1235075,9510
1809,1226925,3,4,4,1236435,9510
1810,1227605,4,7,7,1237115,9510
1824,1237145,4,253,-1,,
1825,1228285,5,255,0,1237795,9510
1825,1228285,5,255,1,1237795,9510
1825,1228285,5,255,2,1237795,9510
1825,1228285,5,255,3,1237795,9510
1825,1228285,5,255,4,1237795,9510
1825,1228285,5,255,6,1237795,9510
1825,1228285,5,255,7,1237795,9510
1825,1228285,5,255,8,1237795,9510
1825,1228285,5,255,9,1237795,9510
1825,1228285,5,255,10,1237795,9510
1825,1228285,5,255,11,1237795,9510
1825,1228285,5,255,12,1237795,9510
1825,1228285,5,255,13,1237795,9510
1825,1228285,5,255,14,1237795,9510
1825,1228285,5,255,15,1237795,9510
1826,1228975,7,1,1,1238485,9510
1827,1229655,8,0,0,1239165,9510
1828,1230335,9,15,15,1239845,9510
1829,1231015,10,255,0,1240525,9510
1829,1231015,10,255,1,1240525,9510
1829,1231015,10,255,2,1240525,9510
1829,1231015,10,255,3,1240525,9510
1829,1231015,10,255,4,1240525,9510
1829,1231015,10,255,5,1240525,9510
1829,1231015,10,255,6,1240525,9510
1829,1231015,10,255,7,1240525,9510
1829,1231015,10,255,8,1240525,9510
1829,1231015,10,255,9,1240525,9510
1829,1231015,10,255,11,1240525,9510
1829,1231015,10,255,12,1240525,9510
1829,1231015,10,255,13,1240525,9510
1829,1231015,10,255,14,1240525,9510
1829,1231015,10,255,15,1240525,9510
1830,1231705,12,255,0,1241215,9510
1830,1231705,12,255,1,1241215,9510
1830,1231705,12,255,2,1241215,9510
1830,1231705,12,255,3,1241215,9510
1830,1231705,12,255,4,1241215,9510
1830,1231705,12,255,5,1241215,9510
1830,1231705,12,255,6,1241215,9510
1830,1231705,12,255,7,1241215,9510
1830,1231705,12,255,8,1241215,9510
1830,1231705,12,255,9,1241215,9510
1830,1231705,12,255,10,1241215,9510
1830,1231705,12,255,11,1241215,9510
1830,1231705,12,255,13,1241215,9510
1830,1231705,12,255,14,1241215,9510
1830,1231705,12,255,15,1241215,9510
1831,1232385,13,3,3,1241895,9510
1832,1233065,14,9,9,1242575,9510
1833,1233745,15,6,6,1243255,9510
1820,1234425,0,11,11,1243935,9510
1821,1235105,1,2,2,1244615,9510
1822,1235785,2,15,15,1245295,9510
1823,1236465,3,255,0,1245975,9510
1823,1236465,3,255,1,1245975,9510
1823,1236465,3,255,2,1245975,9510
1823,1236465,3,255,4,1245975,9510
1823,1236465,3,255,5,1245975,9510
1823,1236465,3,255,6,1245975,9510
1823,1236465,3,255,7,1245975,9510
1823,1236465,3,255,8,1245975,9510
1823,1236465,3,255,9,1245975,9510
1823,1236465,3,255,10,1245975,9510
1823,1236465,3,255,11,1245975,9510
1823,1236465,3,255,12,1245975,9510
1823,1236465,3,255,13,1245975,9510
1823,1236465,3,255,14,1245975,9510
1823,1236465,3,255,15,1245975,9510
1839,1237825,5,15,15,1247335,9510
1840,1238515,7,6,6,1248025,9510
1854,1248055,7,238,-1,,
1841,1239195,8,11,11,1248705,9510
1842,1239875,9,6,6,1249385,9510
1843,1240555,10,2,2,1250065,9510
1857,1250095,10,114,-1,,
1844,1241245,12,255,0,1250755,9510
1844,1241245,12,255,1,1250755,9510
1844,1241245,12,255,2,1250755,9510
1844,1241245,12,255,3,1250755,9510
1844,1241245,12,255,4,1250755,9510
1844,1241245,12,255,5,1250755,9510
1844,1241245,12,255,6,1250755,9510
1844,1241245,12,255,7,1250755,9510
1844,1241245,12,255,8,1250755,9510
1844,1241245,12,255,9,1250755,9510
1844,1241245,12,255,10,1250755,9510
1844,1241245,12,255,11,1250755,9510
1844,1241245,12,255,13,1250755,9510
1844,1241245,12,255,14,1250755,9510
1844,1241245,12,255,15,1250755,9510
1845,1241925,13,7,7,1251435,9510
1859,1251465,13,163,-1,,
1846,1242605,14,12,12,1252115,9510
1847,1243285,15,13,13,1252795,9510
1834,1243965,0,10,10,1253475,9510
1835,1244645,1,2,2,1254155,9510
1836,1245325,2,4,4,1254835,9510
1837,1246005,3,5,5,1255515,9510
1838,1246685,4,0,0,1256195,9510
1853,1247365,5,8,8,1256875,9510
1868,1257595,7,142,-1,,
1855,1248735,8,3,3,1258245,9510
1856,1249415,9,7,7,1258925,9510
1858,1250785,12,255,0,1260295,9510
1858,1250785,12,255,1,1260295,9510
1858,1250785,12,255,2,1260295,9510
1858,1250785,12,255,3,1260295,9510
1858,1250785,12,255,4,1260295,9510
1858,1250785,12,255,5,1260295,9510
1858,1250785,12,255,6,1260295,9510
1858,1250785,12,255,7,1260295,9510
1858,1250785,12,255,8,1260295,9510
1858,1250785,12,255,9,1260295,9510
1858,1250785,12,255,10,1260295,9510
1858,1250785,12,255,11,1260295,9510
1858,1250785,12,255,13,1260295,9510
1858,1250785,12,255,14,1260295,9510
1858,1250785,12,255,15,1260295,9510
1860,1252145,14,255,0,1261655,9510
1860,1252145,14,255,1,1261655,9510
1860,1252145,14,255,2,1261655,9510
1860,1252145,14,255,3,1261655,9510
1860,1252145,14,255,4,1261655,9510
1860,1252145,14,255,5,1261655,9510
1860,1252145,14,255,6,1261655,9510
1860,1252145,14,255,7,1261655,9510
1860,1252145,14,255,8,1261655,9510
1860,1252145,14,255,9,1261655,9510
1860,1252145,14,255,10,1261655,9510
1860,1252145,14,255,11,1261655,9510
1860,1252145,14,255,12,1261655,9510
1860,1252145,14,255,13,1261655,9510
1860,1252145,14,255,15,1261655,9510
1861,1252825,15,5,5,1262335,9510
1848,1253505,0,11,11,1263015,9510
1849,1254185,1,12,12,1263695,9510
1850,1254865,2,14,14,1264375,9510
1851,1255545,3,2,2,1265055,9510
1852,1256225,4,6,6,1265735,9510
1867,1256905,5,6,6,1266415,9510
1869,1258275,8,15,15,1267785,9510
1870,1258955,9,10,10,1268465,9510
1871,1259635,10,4,4,1269145,9510
1872,1260325,12,1,1,1269835,9510
1873,1261005,13,9,9,1270515,9510
1874,1261685,14,0,0,1271195,9510
1875,1262365,15,11,11,1271875,9510
1862,1263045,0,12,12,1272555,9510
1863,1263725,1,15,15,1273235,9510
1864,1264405,2,8,8,1273915,9510
1865,1265085,3,4,4,1274595,9510
1866,1265765,4,5,5,1275275,9510
1881,1266445,5,9,9,1275955,9510
1882,1267135,7,1,1,1276645,9510
1883,1267815,8,15,15,1277325,9510
1884,1268495,9,5,5,1278005,9510
1885,1269175,10,14,14,1278685,9510
1886,1269865,12,4,4,1279375,9510
1887,1270545,13,6,6,1280055,9510
1888,1271225,14,7,7,1280735,9510
1889,1271905,15,4,4,1281415,9510
1876,1272585,0,1,1,1282095,9510
1877,1273265,1,3,3,1282775,9510
1878,1273945,2,7,7,1283455,9510
1879,1274625,3,2,2,1284135,9510
1893,1284165,3,138,-1,,
1880,1275305,4,8,8,1284815,9510
1895,1275985,5,255,0,1285495,9510
1895,1275985,5,255,1,1285495,9510
1895,1275985,5,255,2,1285495,9510
1895,1275985,5,255,3,1285495,9510
1895,1275985,5,255,4,1285495,9510
1895,1275985,5,255,6,1285495,9510
1895,1275985,5,255,7,1285495,9510
1895,1275985,5,255,8,1285495,9510
1895,1275985,5,255,9,1285495,9510
1895,1275985,5,255,10,1285495,9510
1895,1275985,5,255,11,1285495,9510
1895,1275985,5,255,12,1285495,9510
1895,1275985,5,255,13,1285495,9510
1895,1275985,5,255,14,1285495,9510
1895,1275985,5,255,15,1285495,9510
1896,1276675,7,13,13,1286185,9510
1897,1277355,8,255,0,1286865,9510
1897,1277355,8,255,1,1286865,9510
1897,1277355,8,255,2,1286865,9510
1897,1277355,8,255,3,1286865,9510
1897,1277355,8,255,4,1286865,9510
1897,1277355,8,255,5,1286865,9510
1897,1277355,8,255,6,1286865,9510
1897,1277355,8,255,7,1286865,9510
1897,1277355,8,255,9,1286865,9510
1897,1277355,8,255,10,1286865,9510
1897,1277355,8,255,11,1286865,9510
1897,1277355,8,255,12,1286865,9510
1897,1277355,8,255,13,1286865,9510
1897,1277355,8,255,14,1286865,9510
1897,1277355,8,255,15,1286865,9510
1898,1278035,9,2,2,1287545,9510
1899,1278715,10,255,0,1288225,9510
1899,1278715,10,255,1,1288225,9510
1899,1278715,10,255,2,1288225,9510
1899,1278715,10,255,3,1288225,9510
1899,1278715,10,255,4,1288225,9510
1899,1278715,10,255,5,1288225,9510
1899,1278715,10,255,6,1288225,9510
1899,1278715,10,255,7,1288225,9510
1899,1278715,10,255,8,1288225,9510
1899,1278715,10,255,9,1288225,9510
1899,1278715,10,255,11,1288225,9510
1899,1278715,10,255,12,1288225,9510
1899,1278715,10,255,13,1288225,9510
1899,1278715,10,255,14,1288225,9510
1899,1278715,10,255,15,1288225,9510
1900,1279405,12,7,7,1288915,9510
1901,1280085,13,1,1,1289595,9510
1902,1280765,14,255,0,1290275,9510
1902,1280765,14,255,1,1290275,9510
1902,1280765,14,255,2,1290275,9510
1902,1280765,14,255,3,1290275,9510
1902,1280765,14,255,4,1290275,9510
1902,1280765,14,255,5,1290275,9510
1902,1280765,14,255,6,1290275,9510
1902,1280765,14,255,7,1290275,9510
1902,1280765,14,255,8,1290275,9510
1902,1280765,14,255,9,1290275,9510
1902,1280765,14,255,10,1290275,9510
1902,1280765,14,255,11,1290275,9510
1902,1280765,14,255,12,1290275,9510
1902,1280765,14,255,13,1290275,9510
1902,1280765,14,255,15,1290275,9510
1903,1281445,15,9,9,1290955,9510
1890,1282125,0,2,2,1291635,9510
1891,1282805,1,7,7,1292315,9510
1892,1283485,2,6,6,1292995,9510
1894,1284845,4,255,0,1294355,9510
1894,1284845,4,255,1,1294355,9510
1894,1284845,4,255,2,1294355,9510
1894,1284845,4,255,3,1294355,9510
1894,1284845,4,255,5,1294355,9510
1894,1284845,4,255,6,1294355,9510
1894,1284845,4,255,7,1294355,9510
1894,1284845,4,255,8,1294355,9510
1894,1284845,4,255,9,1294355,9510
1894,1284845,4,255,10,1294355,9510
1894,1284845,4,255,11,1294355,9510
1894,1284845,4,255,12,1294355,9510
1894,1284845,4,255,13,1294355,9510
1894,1284845,4,255,14,1294355,9510
1894,1284845,4,255,15,1294355,9510
1908,1285525,5,10,10,1295035,9510
1909,1286215,7,6,6,1295725,9510
1910,1286895,8,15,15,1296405,9510
1911,1287575,9,255,0,1297085,9510
1911,1287575,9,255,1,1297085,9510
1911,1287575,9,255,2,1297085,9510
1911,1287575,9,255,3,1297085,9510
1911,1287575,9,255,4,1297085,9510
1911,1287575,9,255,5,1297085,9510
1911,1287575,9,255,6,1297085,9510
1911,1287575,9,255,7,1297085,9510
1911,1287575,9,255,8,1297085,9510
1911,1287575,9,255,10,1297085,9510
1911,1287575,9,255,11,1297085,9510
1911,1287575,9,255,12,1297085,9510
1911,1287575,9,255,13,1297085,9510
1911,1287575,9,255,14,1297085,9510
1911,1287575,9,255,15,1297085,9510
1912,1288255,10,15,15,1297765,9510
1913,1288945,12,1,1,1298455,9510
1914,1289625,13,11,11,1299135,9510
1927,1299165,13,122,-1,,
1915,1290305,14,1,1,1299815,9510
1916,1290985,15,14,14,1300495,9510
1904,1291665,0,14,14,1301175,9510
1905,1292345,1,6,6,1301855,9510
1906,1293025,2,14,14,1302535,9510
1907,1294385,4,12,12,1303225,8840
1921,1295065,5,14,14,1303905,8840
1934,1303935,5,183,-1,,
1922,1295755,7,5,5,1304595,8840
1935,1304625,7,230,-1,,
1923,1296435,8,1,1,1305275,8840
1924,1297115,9,1,1,1305955,8840
1925,1297795,10,255,0,1306635,8840
1925,1297795,10,255,1,1306635,8840
1925,1297795,10,255,2,1306635,8840
1925,1297795,10,255,3,1306635,8840
1925,1297795,10,255,4,1306635,8840
1925,1297795,10,255,5,1306635,8840
1925,1297795,10,255,6,1306635,8840
1925,1297795,10,255,7,1306635,8840
1925,1297795,10,255,8,1306635,8840
1925,1297795,10,255,9,1306635,8840
1925,1297795,10,255,11,1306635,8840
1925,1297795,10,255,12,1306635,8840
1925,1297795,10,255,13,1306635,8840
1925,1297795,10,255,14,1306635,8840
1925,1297795,10,255,15,1306635,8840
1926,1298485,12,5,5,1307325,8840
1940,1308035,13,195,-1,,
1928,1299845,14,255,0,1308685,8840
1928,1299845,14,255,1,1308685,8840
1928,1299845,14,255,2,1308685,8840
1928,1299845,14,255,3,1308685,8840
1928,1299845,14,255,4,1308685,8840
1928,1299845,14,255,5,1308685,8840
1928,1299845,14,255,6,1308685,8840
1928,1299845,14,255,7,1308685,8840
1928,1299845,14,255,8,1308685,8840
1928,1299845,14,255,9,1308685,8840
1928,1299845,14,255,10,1308685,8840
1928,1299845,14,255,11,1308685,8840
1928,1299845,14,255,12,1308685,8840
1928,1299845,14,255,13,1308685,8840
1928,1299845,14,255,15,1308685,8840
1929,1300525,15,6,6,1309365,8840
1917,1301205,0,255,1,1310045,8840
1917,1301205,0,255,2,1310045,8840
1917,1301205,0,255,3,1310045,8840
1917,1301205,0,255,4,1310045,8840
1917,1301205,0,255,5,1310045,8840
1917,1301205,0,255,6,1310045,8840
1917,1301205,0,255,7,1310045,8840
1917,1301205,0,255,8,1310045,8840
1917,1301205,0,255,9,1310045,8840
1917,1301205,0,255,10,1310045,8840
1917,1301205,0,255,11,1310045,8840
1917,1301205,0,255,12,1310045,8840
1917,1301205,0,255,13,1310045,8840
1917,1301205,0,255,14,1310045,8840
1917,1301205,0,255,15,1310045,8840
1918,1301885,1,14,14,1310725,8840
1919,1302565,2,11,11,1311405,8840
1920,1303255,4,255,0,1312095,8840
1920,1303255,4,255,1,1312095,8840
1920,1303255,4,255,2,1312095,8840
1920,1303255,4,255,3,1312095,8840
1920,1303255,4,255,5,1312095,8840
1920,1303255,4,255,6,1312095,8840
1920,1303255,4,255,7,1312095,8840
1920,1303255,4,255,8,1312095,8840
1920,1303255,4,255,9,1312095,8840
1920,1303255,4,255,10,1312095,8840
1920,1303255,4,255,11,1312095,8840
1920,1303255,4,255,12,1312095,8840
1920,1303255,4,255,13,1312095,8840
1920,1303255,4,255,14,1312095,8840
1920,1303255,4,255,15,1312095,8840
1933,1312125,4,127,-1,,
1936,1305305,8,2,2,1314145,8840
1937,1305985,9,15,15,1314825,8840
1938,1306665,10,9,9,1315505,8840
1939,1307355,12,255,0,1316195,8840
1939,1307355,12,255,1,1316195,8840
1939,1307355,12,255,2,1316195,8840
1939,1307355,12,255,3,1316195,8840
1939,1307355,12,255,4,1316195,8840
1939,1307355,12,255,5,1316195,8840
1939,1307355,12,255,6,1316195,8840
1939,1307355,12,255,7,1316195,8840
1939,1307355,12,255,8,1316195,8840
1939,1307355,12,255,9,1316195,8840
1939,1307355,12,255,10,1316195,8840
1939,1307355,12,255,11,1316195,8840
1939,1307355,12,255,13,1316195,8840
1939,1307355,12,255,14,1316195,8840
1939,1307355,12,255,15,1316195,8840
1941,1308715,14,13,13,1317555,8840
1954,1317585,14,163,-1,,
1942,1309395,15,11,11,1318235,8840
1930,1310075,0,11,11,1318915,8840
1931,1310755,1,255,0,1319595,8840
1931,1310755,1,255,2,1319595,8840
1931,1310755,1,255,3,1319595,8840
1931,1310755,1,255,4,1319595,8840
1931,1310755,1,255,5,1319595,8840
1931,1310755,1,255,6,1319595,8840
1931,1310755,1,255,7,1319595,8840
1931,1310755,1,255,8,1319595,8840
1931,1310755,1,255,9,1319595,8840
1931,1310755,1,255,10,1319595,8840
1931,1310755,1,255,11,1319595,8840
1931,1310755,1,255,12,1319595,8840
1931,1310755,1,255,13,1319595,8840
1931,1310755,1,255,14,1319595,8840
1931,1310755,1,255,15,1319595,8840
1944,1319625,1,170,-1,,
1932,1311435,2,5,5,1320275,8840
1947,1312805,5,3,3,1321645,8840
1948,1313495,7,10,10,1322335,8840
1949,1314175,8,255,0,1323015,8840
1949,1314175,8,255,1,1323015,8840
1949,1314175,8,255,2,1323015,8840
1949,1314175,8,255,3,1323015,8840
1949,1314175,8,255,4,1323015,8840
1949,1314175,8,255,5,1323015,8840
1949,1314175,8,255,6,1323015,8840
1949,1314175,8,255,7,1323015,8840
1949,1314175,8,255,9,1323015,8840
1949,1314175,8,255,10,1323015,8840
1949,1314175,8,255,11,1323015,8840
1949,1314175,8,255,12,1323015,8840
1949,1314175,8,255,13,1323015,8840
1949,1314175,8,255,14,1323015,8840
1949,1314175,8,255,15,1323015,8840
1950,1314855,9,13,13,1323695,8840
1951,1315535,10,6,6,1324375,8840
1952,1316225,12,15,15,1325065,8840
1953,1316905,13,11,11,1325745,8840
1955,1318265,15,255,0,1327105,8840
1955,1318265,15,255,1,1327105,8840
1955,1318265,15,255,2,1327105,8840
1955,1318265,15,255,3,1327105,8840
1955,1318265,15,255,4,1327105,8840
1955,1318265,15,255,5,1327105,8840
1955,1318265,15,255,6,1327105,8840
1955,1318265,15,255,7,1327105,8840
1955,1318265,15,255,8,1327105,8840
1955,1318265,15,255,9,1327105,8840
1955,1318265,15,255,10,1327105,8840
1955,1318265,15,255,11,1327105,8840
1955,1318265,15,255,12,1327105,8840
1955,1318265,15,255,13,1327105,8840
1955,1318265,15,255,14,1327105,8840
1943,1318945,0,3,3,1327785,8840
1945,1320305,2,1,1,1329145,8840
1946,1320995,4,3,3,1329835,8840
1960,1321675,5,8,8,1330515,8840
1961,1322365,7,255,0,1331205,8840
1961,1322365,7,255,1,1331205,8840
1961,1322365,7,255,2,1331205,8840
1961,1322365,7,255,3,1331205,8840
1961,1322365,7,255,4,1331205,8840
1961,1322365,7,255,5,1331205,8840
1961,1322365,7,255,6,1331205,8840
1961,1322365,7,255,8,1331205,8840
1961,1322365,7,255,9,1331205,8840
1961,1322365,7,255,10,1331205,8840
1961,1322365,7,255,11,1331205,8840
1961,1322365,7,255,12,1331205,8840
1961,1322365,7,255,13,1331205,8840
1961,1322365,7,255,14,1331205,8840
1961,1322365,7,255,15,1331205,8840
1962,1323045,8,0,0,1331885,8840
1963,1323725,9,11,11,1332565,8840
1964,1324405,10,4,4,1333245,8840
1965,1325095,12,7,7,1333935,8840
1966,1325775,13,0,0,1334615,8840
1967,1326455,14,4,4,1335295,8840
1968,1327135,15,2,2,1335975,8840
1956,1327815,0,2,2,1336655,8840
1957,1328495,1,7,7,1337335,8840
1958,1329175,2,8,8,1338015,8840
1959,1329865,4,11,11,1338705,8840
1973,1330545,5,9,9,1339385,8840
1986,1339415,5,127,-1,,
1974,1331235,7,5,5,1340075,8840
1975,1331915,8,255,0,1340755,8840
1975,1331915,8,255,1,1340755,8840
1975,1331915,8,255,2,1340755,8840
1975,1331915,8,255,3,1340755,8840
1975,1331915,8,255,4,1340755,8840
1975,1331915,8,255,5,1340755,8840
1975,1331915,8,255,6,1340755,8840
1975,1331915,8,255,7,1340755,8840
1975,1331915,8,255,9,1340755,8840
1975,1331915,8,255,10,1340755,8840
1975,1331915,8,255,11,1340755,8840
1975,1331915,8,255,12,1340755,8840
1975,1331915,8,255,13,1340755,8840
1975,1331915,8,255,14,1340755,8840
1975,1331915,8,255,15,1340755,8840
1988,1340785,8,165,-1,,
1976,1332595,9,8,8,1341435,8840
1977,1333275,10,9,9,1342115,8840
1978,1333965,12,11,11,1342805,8840
1979,1334645,13,2,2,1343485,8840
1980,1335325,14,2,2,1344165,8840
1981,1336005,15,5,5,1344845,8840
1969,1336685,0,7,7,1345525,8840
1970,1337365,1,6,6,1346205,8840
1971,1338045,2,7,7,1346885,8840
1972,1338735,4,7,7,1347575,8840
1987,1340105,7,15,15,1348945,8840
1989,1341465,9,11,11,1350305,8840
1990,1342145,10,3,3,1350985,8840
1991,1342835,12,6,6,1351675,8840
1992,1343515,13,255,0,1352355,8840
1992,1343515,13,255,1,1352355,8840
1992,1343515,13,255,2,1352355,8840
1992,1343515,13,255,3,1352355,8840
1992,1343515,13,255,4,1352355,8840
1992,1343515,13,255,5,1352355,8840
1992,1343515,13,255,6,1352355,8840
1992,1343515,13,255,7,1352355,8840
1992,1343515,13,255,8,1352355,8840
1992,1343515,13,255,9,1352355,8840
1992,1343515,13,255,10,1352355,8840
1992,1343515,13,255,11,1352355,8840
1992,1343515,13,255,12,1352355,8840
1992,1343515,13,255,14,1352355,8840
1992,1343515,13,255,15,1352355,8840
1993,1344195,14,13,13,1353035,8840
1994,1344875,15,10,10,1353715,8840
1982,1345555,0,6,6,1354395,8840
1983,1346235,1,255,0,1355075,8840
1983,1346235,1,255,2,1355075,8840
1983,1346235,1,255,3,1355075,8840
1983,1346235,1,255,4,1355075,8840
1983,1346235,1,255,5,1355075,8840
1983,1346235,1,255,6,1355075,8840
1983,1346235,1,255,7,1355075,8840
1983,1346235,1,255,8,1355075,8840
1983,1346235,1,255,9,1355075,8840
1983,1346235,1,255,10,1355075,8840
1983,1346235,1,255,11,1355075,8840
1983,1346235,1,255,12,1355075,8840
1983,1346235,1,255,13,1355075,8840
1983,1346235,1,255,14,1355075,8840
1983,1346235,1,255,15,1355075,8840
1984,1346915,2,5,5,1355755,8840
1985,1347605,4,3,3,1356445,8840
1999,1348285,5,8,8,1357125,8840
2000,1348975,7,5,5,1357815,8840
2001,1349655,8,5,5,1358495,8840
2002,1350335,9,8,8,1359175,8840
2003,1351015,10,15,15,1359855,8840
2004,1351705,12,15,15,1360545,8840
2005,1352385,13,10,10,1361225,8840
2006,1353065,14,255,0,1361905,8840
2006,1353065,14,255,1,1361905,8840
2006,1353065,14,255,2,1361905,8840
2006,1353065,14,255,3,1361905,8840
2006,1353065,14,255,4,1361905,8840
2006,1353065,14,255,5,1361905,8840
2006,1353065,14,255,6,1361905,8840
2006,1353065,14,255,7,1361905,8840
2006,1353065,14,255,8,1361905,8840
2006,1353065,14,255,9,1361905,8840
2006,1353065,14,255,10,1361905,8840
2006,1353065,14,255,11,1361905,8840
2006,1353065,14,255,12,1361905,8840
2006,1353065,14,255,13,1361905,8840
2006,1353065,14,255,15,1361905,8840
1995,1354425,0,14,14,1362595,8170
1996,1355105,1,14,14,1363275,8170
2008,1363305,1,121,-1,,
1997,1355785,2,8,8,1363955,8170
1998,1356475,4,0,0,1364645,8170
2011,1357155,5,8,8,1365325,8170
2012,1357845,7,2,2,1366015,8170
2013,1358525,8,5,5,1366695,8170
2014,1359205,9,1,1,1367375,8170
2015,1359885,10,4,4,1368055,8170
2016,1360575,12,255,0,1368745,8170
2016,1360575,12,255,1,1368745,8170
2016,1360575,12,255,2,1368745,8170
2016,1360575,12,255,3,1368745,8170
2016,1360575,12,255,4,1368745,8170
2016,1360575,12,255,5,1368745,8170
2016,1360575,12,255,6,1368745,8170
2016,1360575,12,255,7,1368745,8170
2016,1360575,12,255,8,1368745,8170
2016,1360575,12,255,9,1368745,8170
2016,1360575,12,255,10,1368745,8170
2016,1360575,12,255,11,1368745,8170
2016,1360575,12,255,13,1368745,8170
2016,1360575,12,255,14,1368745,8170
2016,1360575,12,255,15,1368745,8170
2017,1361255,13,10,10,1369425,8170
2018,1361935,14,255,0,1370105,8170
2018,1361935,14,255,1,1370105,8170
2018,1361935,14,255,2,1370105,8170
2018,1361935,14,255,3,1370105,8170
2018,1361935,14,255,4,1370105,8170
2018,1361935,14,255,5,1370105,8170
2018,1361935,14,255,6,1370105,8170
2018,1361935,14,255,7,1370105,8170
2018,1361935,14,255,8,1370105,8170
2018,1361935,14,255,9,1370105,8170
2018,1361935,14,255,10,1370105,8170
2018,1361935,14,255,11,1370105,8170
2018,1361935,14,255,12,1370105,8170
2018,1361935,14,255,13,1370105,8170
2018,1361935,14,255,15,1370105,8170
2007,1362625,0,2,2,1370795,8170
2009,1363985,2,5,5,1372155,8170
2010,1364675,4,2,2,1372845,8170
2023,1365355,5,9,9,1373525,8170
2024,1366045,7,5,5,1374215,8170
2025,1366725,8,7,7,1374895,8170
2026,1367405,9,10,10,1375575,8170
2027,1368085,10,15,15,1376255,8170
2028,1368775,12,9,9,1376945,8170
2029,1369455,13,1,1,1377625,8170
2030,1370135,14,5,5,1378305,8170
2019,1370825,0,7,7,1378995,8170
2020,1371505,1,15,15,1379675,8170
2032,1379705,1,180,-1,,
2021,1372185,2,5,5,1380355,8170
2022,1372875,4,8,8,1381045,8170
2035,1373555,5,13,13,1381725,8170
2036,1374245,7,2,2,1382415,8170
2037,1374925,8,1,1,1383095,8170
2038,1375605,9,3,3,1383775,8170
2039,1376285,10,3,3,1384455,8170
2040,1376975,12,7,7,1385145,8170
2041,1377655,13,1,1,1385825,8170
2042,1378335,14,13,13,1386505,8170
2031,1379025,0,3,3,1387195,8170
2033,1380385,2,8,8,1388555,8170
2034,1381075,4,15,15,1389245,8170
2047,1381755,5,8,8,1389925,8170
2059,1389955,5,166,-1,,
2048,1382445,7,6,6,1390615,8170
2049,1383125,8,12,12,1391295,8170
2050,1383805,9,4,4,1391975,8170
2051,1384485,10,255,0,1392655,8170
2051,1384485,10,255,1,1392655,8170
2051,1384485,10,255,2,1392655,8170
2051,1384485,10,255,3,1392655,8170
2051,1384485,10,255,4,1392655,8170
2051,1384485,10,255,5,1392655,8170
2051,1384485,10,255,6,1392655,8170
2051,1384485,10,255,7,1392655,8170
2051,1384485,10,255,8,1392655,8170
2051,1384485,10,255,9,1392655,8170
2051,1384485,10,255,11,1392655,8170
2051,1384485,10,255,12,1392655,8170
2051,1384485,10,255,13,1392655,8170
2051,1384485,10,255,14,1392655,8170
2051,1384485,10,255,15,1392655,8170
2063,1392685,10,37,-1,,
2052,1385175,12,4,4,1393345,8170
2053,1385855,13,4,4,1394025,8170
2054,1386535,14,4,4,1394705,8170
2043,1387225,0,13,13,1395395,8170
2044,1387905,1,7,7,1396075,8170
2045,1388585,2,12,12,1396755,8170
2046,1389275,4,1,1,1397445,8170
2060,1390645,7,2,2,1398815,8170
2061,1391325,8,9,9,1399495,8170
2062,1392005,9,12,12,1400175,8170
2075,1400885,10,50,-1,,
2064,1393375,12,2,2,1401545,8170
2065,1394055,13,255,0,1402225,8170
2065,1394055,13,255,1,1402225,8170
2065,1394055,13,255,2,1402225,8170
2065,1394055,13,255,3,1402225,8170
2065,1394055,13,255,4,1402225,8170
2065,1394055,13,255,5,1402225,8170
2065,1394055,13,255,6,1402225,8170
2065,1394055,13,255,7,1402225,8170
2065,1394055,13,255,8,1402225,8170
2065,1394055,13,255,9,1402225,8170
2065,1394055,13,255,10,1402225,8170
2065,1394055,13,255,11,1402225,8170
2065,1394055,13,255,12,1402225,8170
2065,1394055,13,255,14,1402225,8170
2065,1394055,13,255,15,1402225,8170
2077,1402255,13,177,-1,,
2066,1394735,14,5,5,1402905,8170
2055,1395425,0,8,8,1403595,8170
2056,1396105,1,11,11,1404275,8170
2057,1396785,2,12,12,1404955,8170
2058,1397475,4,9,9,1405645,8170
2071,1398155,5,2,2,1406325,8170
2072,1398845,7,12,12,1407015,8170
2073,1399525,8,6,6,1407695,8170
2085,1407725,8,238,-1,,
2074,1400205,9,2,2,1408375,8170
2076,1401575,12,10,10,1409745,8170
2078,1402935,14,4,4,1411105,8170
2067,1403625,0,255,1,1411795,8170
2067,1403625,0,255,2,1411795,8170
2067,1403625,0,255,3,1411795,8170
2067,1403625,0,255,4,1411795,8170
2067,1403625,0,255,5,1411795,8170
2067,1403625,0,255,6,1411795,8170
2067,1403625,0,255,7,1411795,8170
2067,1403625,0,255,8,1411795,8170
2067,1403625,0,255,9,1411795,8170
2067,1403625,0,255,10,1411795,8170
2067,1403625,0,255,11,1411795,8170
2067,1403625,0,255,12,1411795,8170
2067,1403625,0,255,13,1411795,8170
2067,1403625,0,255,14,1411795,8170
2067,1403625,0,255,15,1411795,8170
2068,1404305,1,8,8,1412475,8170
2069,1404985,2,7,7,1413155,8170
2070,1405675,4,2,2,1413845,8170
2083,1406355,5,4,4,1414525,8170
2084,1407045,7,255,0,1415215,8170
2084,1407045,7,255,1,1415215,8170
2084,1407045,7,255,2,1415215,8170
2084,1407045,7,255,3,1415215,8170
2084,1407045,7,255,4,1415215,8170
2084,1407045,7,255,5,1415215,8170
2084,1407045,7,255,6,1415215,8170
2084,1407045,7,255,8,1415215,8170
2084,1407045,7,255,9,1415215,8170
2084,1407045,7,255,10,1415215,8170
2084,1407045,7,255,11,1415215,8170
2084,1407045,7,255,12,1415215,8170
2084,1407045,7,255,13,1415215,8170
2084,1407045,7,255,14,1415215,8170
2084,1407045,7,255,15,1415215,8170
2086,1408405,9,2,2,1416575,8170
2087,1409085,10,4,4,1417255,8170
2088,1409775,12,6,6,1417945,8170
2100,1417975,12,153,-1,,
2089,1410455,13,7,7,1418625,8170
2090,1411135,14,8,8,1419305,8170
2079,1411825,0,11,11,1419995,8170
2080,1412505,1,10,10,1420675,8170
2081,1413185,2,0,0,1421355,8170
2082,1413875,4,1,1,1422045,8170
2095,1414555,5,15,15,1422725,8170
2096,1415245,7,14,14,1423415,8170
2097,1415925,8,9,9,1424095,8170
2098,1416605,9,14,14,1424775,8170
2099,1417285,10,9,9,1425455,8170
2101,1418655,13,8,8,1426825,8170
2113,1426855,13,140,-1,,
2102,1419335,14,6,6,1427505,8170
2091,1420025,0,13,13,1428195,8170
2103,1428225,0,242,-1,,
2092,1420705,1,6,6,1428875,8170
2093,1421385,2,15,15,1429555,8170
2094,1422075,4,10,10,1430245,8170
2107,1422755,5,2,2,1430925,8170
2108,1423445,7,10,10,1431615,8170
2109,1424125,8,255,0,1432295,8170
2109,1424125,8,255,1,1432295,8170
2109,1424125,8,255,2,1432295,8170
2109,1424125,8,255,3,1432295,8170
2109,1424125,8,255,4,1432295,8170
2109,1424125,8,255,5,1432295,8170
2109,1424125,8,255,6,1432295,8170
2109,1424125,8,255,7,1432295,8170
2109,1424125,8,255,9,1432295,8170
2109,1424125,8,255,10,1432295,8170
2109,1424125,8,255,11,1432295,8170
2109,1424125,8,255,12,1432295,8170
2109,1424125,8,255,13,1432295,8170
2109,1424125,8,255,14,1432295,8170
2109,1424125,8,255,15,1432295,8170
2110,1424805,9,4,4,1432975,8170
2111,1425485,10,5,5,1433655,8170
2112,1426175,12,7,7,1434345,8170
2114,1427535,14,7,7,1435705,8170
2104,1428905,1,8,8,1437075,8170
2105,1429585,2,7,7,1437755,8170
2106,1430275,4,10,10,1438445,8170
2119,1430955,5,10,10,1439125,8170
2120,1431645,7,3,3,1439815,8170
2121,1432325,8,255,0,1440495,8170
2121,1432325,8,255,1,1440495,8170
2121,1432325,8,255,2,1440495,8170
2121,1432325,8,255,3,1440495,8170
2121,1432325,8,255,4,1440495,8170
2121,1432325,8,255,5,1440495,8170
2121,1432325,8,255,6,1440495,8170
2121,1432325,8,255,7,1440495,8170
2121,1432325,8,255,9,1440495,8170
2121,1432325,8,255,10,1440495,8170
2121,1432325,8,255,11,1440495,8170
2121,1432325,8,255,12,1440495,8170
2121,1432325,8,255,13,1440495,8170
2121,1432325,8,255,14,1440495,8170
2121,1432325,8,255,15,1440495,8170
2122,1433005,9,3,3,1441175,8170
2123,1433685,10,7,7,1441855,8170
2124,1434375,12,255,0,1442545,8170
2124,1434375,12,255,1,1442545,8170
2124,1434375,12,255,2,1442545,8170
2124,1434375,12,255,3,1442545,8170
2124,1434375,12,255,4,1442545,8170
2124,1434375,12,255,5,1442545,8170
2124,1434375,12,255,6,1442545,8170
2124,1434375,12,255,7,1442545,8170
2124,1434375,12,255,8,1442545,8170
2124,1434375,12,255,9,1442545,8170
2124,1434375,12,255,10,1442545,8170
2124,1434375,12,255,11,1442545,8170
2124,1434375,12,255,13,1442545,8170
2124,1434375,12,255,14,1442545,8170
2124,1434375,12,255,15,1442545,8170
2125,1435055,13,12,12,1443225,8170
2126,1435735,14,11,11,1443905,8170
2138,1443935,14,22,-1,,
2115,1436425,0,15,15,1444595,8170
2116,1437105,1,4,4,1445275,8170
2117,1437785,2,11,11,1445955,8170
2118,1438475,4,8,8,1446645,8170
2131,1439155,5,1,1,1447325,8170
2132,1439845,7,10,10,1448015,8170
2133,1440525,8,15,15,1448695,8170
2134,1441205,9,5,5,1449375,8170
2135,1441885,10,15,15,1450055,8170
2136,1442575,12,8,8,1450745,8170
2137,1443255,13,9,9,1451425,8170
2149,1451455,13,62,-1,,
2127,1444625,0,9,9,1452795,8170
2128,1445305,1,4,4,1453475,8170
2129,1445985,2,10,10,1454155,8170
2130,1446675,4,14,14,1454845,8170
2142,1454875,4,180,-1,,
2143,1447355,5,6,6,1455525,8170
2144,1448045,7,255,0,1456215,8170
2144,1448045,7,255,1,1456215,8170
2144,1448045,7,255,2,1456215,8170
2144,1448045,7,255,3,1456215,8170
2144,1448045,7,255,4,1456215,8170
2144,1448045,7,255,5,1456215,8170
2144,1448045,7,255,6,1456215,8170
2144,1448045,7,255,8,1456215,8170
2144,1448045,7,255,9,1456215,8170
2144,1448045,7,255,10,1456215,8170
2144,1448045,7,255,11,1456215,8170
2144,1448045,7,255,12,1456215,8170
2144,1448045,7,255,13,1456215,8170
2144,1448045,7,255,14,1456215,8170
2144,1448045,7,255,15,1456215,8170
2145,1448725,8,7,7,1456895,8170
2146,1449405,9,255,0,1457575,8170
2146,1449405,9,255,1,1457575,8170
2146,1449405,9,255,2,1457575,8170
2146,1449405,9,255,3,1457575,8170
2146,1449405,9,255,4,1457575,8170
2146,1449405,9,255,5,1457575,8170
2146,1449405,9,255,6,1457575,8170
2146,1449405,9,255,7,1457575,8170
2146,1449405,9,255,8,1457575,8170
2146,1449405,9,255,10,1457575,8170
2146,1449405,9,255,11,1457575,8170
2146,1449405,9,255,12,1457575,8170
2146,1449405,9,255,13,1457575,8170
2146,1449405,9,255,14,1457575,8170
2146,1449405,9,255,15,1457575,8170
2147,1450085,10,5,5,1458255,8170
2148,1450775,12,11,11,1458945,8170
2150,1452135,14,15,15,1460305,8170
2139,1452825,0,4,4,1460995,8170
2140,1453505,1,2,2,1461675,8170
2141,1454185,2,255,0,1462355,8170
2141,1454185,2,255,1,1462355,8170
2141,1454185,2,255,3,1462355,8170
2141,1454185,2,255,4,1462355,8170
2141,1454185,2,255,5,1462355,8170
2141,1454185,2,255,6,1462355,8170
2141,1454185,2,255,7,1462355,8170
2141,1454185,2,255,8,1462355,8170
2141,1454185,2,255,9,1462355,8170
2141,1454185,2,255,10,1462355,8170
2141,1454185,2,255,11,1462355,8170
2141,1454185,2,255,12,1462355,8170
2141,1454185,2,255,13,1462355,8170
2141,1454185,2,255,14,1462355,8170
2141,1454185,2,255,15,1462355,8170
2155,1455555,5,6,6,1463725,8170
2156,1456245,7,10,10,1464415,8170
2157,1456925,8,15,15,1465095,8170
2158,1457605,9,0,0,1465775,8170
2159,1458285,10,3,3,1466455,8170
2160,1458975,12,255,0,1467145,8170
2160,1458975,12,255,1,1467145,8170
2160,1458975,12,255,2,1467145,8170
2160,1458975,12,255,3,1467145,8170
2160,1458975,12,255,4,1467145,8170
2160,1458975,12,255,5,1467145,8170
2160,1458975,12,255,6,1467145,8170
2160,1458975,12,255,7,1467145,8170
2160,1458975,12,255,8,1467145,8170
2160,1458975,12,255,9,1467145,8170
2160,1458975,12,255,10,1467145,8170
2160,1458975,12,255,11,1467145,8170
2160,1458975,12,255,13,1467145,8170
2160,1458975,12,255,14,1467145,8170
2160,1458975,12,255,15,1467145,8170
2161,1459655,13,255,0,1467825,8170
2161,1459655,13,255,1,1467825,8170
2161,1459655,13,255,2,1467825,8170
2161,1459655,13,255,3,1467825,8170
2161,1459655,13,255,4,1467825,8170
2161,1459655,13,255,5,1467825,8170
2161,1459655,13,255,6,1467825,8170
2161,1459655,13,255,7,1467825,8170
2161,1459655,13,255,8,1467825,8170
2161,1459655,13,255,9,1467825,8170
2161,1459655,13,255,10,1467825,8170
2161,1459655,13,255,11,1467825,8170
2161,1459655,13,255,12,1467825,8170
2161,1459655,13,255,14,1467825,8170
2161,1459655,13,255,15,1467825,8170
2162,1460335,14,10,10,1468505,8170
2151,1461025,0,8,8,1469195,8170
2152,1461705,1,11,11,1469875,8170
2153,1462385,2,0,0,1470555,8170
2165,1470585,2,38,-1,,
2154,1463075,4,255,0,1471245,8170
2154,1463075,4,255,1,1471245,8170
2154,1463075,4,255,2,1471245,8170
2154,1463075,4,255,3,1471245,8170
2154,1463075,4,255,5,1471245,8170
2154,1463075,4,255,6,1471245,8170
2154,1463075,4,255,7,1471245,8170
2154,1463075,4,255,8,1471245,8170
2154,1463075,4,255,9,1471245,8170
2154,1463075,4,255,10,1471245,8170
2154,1463075,4,255,11,1471245,8170
2154,1463075,4,255,12,1471245,8170
2154,1463075,4,255,13,1471245,8170
2154,1463075,4,255,14,1471245,8170
2154,1463075,4,255,15,1471245,8170
2167,1463755,5,11,11,1471925,8170
2168,1464445,7,11,11,1472615,8170
2169,1465125,8,14,14,1473295,8170
2170,1465805,9,5,5,1473975,8170
2171,1466485,10,8,8,1474655,8170
2172,1467175,12,0,0,1475345,8170
2173,1467855,13,15,15,1476025,8170
2174,1468535,14,3,3,1476705,8170
2186,1476735,14,253,-1,,
2163,1469225,0,2,2,1477395,8170
2164,1469905,1,14,14,1478075,8170
2177,1478785,2,166,-1,,
2166,1471275,4,5,5,1479445,8170
2179,1471955,5,13,13,1480125,8170
2180,1472645,7,14,14,1480815,8170
2192,1480845,7,150,-1,,
2181,1473325,8,255,0,1481495,8170
2181,1473325,8,255,1,1481495,8170
2181,1473325,8,255,2,1481495,8170
2181,1473325,8,255,3,1481495,8170
2181,1473325,8,255,4,1481495,8170
2181,1473325,8,255,5,1481495,8170
2181,1473325,8,255,6,1481495,8170
2181,1473325,8,255,7,1481495,8170
2181,1473325,8,255,9,1481495,8170
2181,1473325,8,255,10,1481495,8170
2181,1473325,8,255,11,1481495,8170
2181,1473325,8,255,12,1481495,8170
2181,1473325,8,255,13,1481495,8170
2181,1473325,8,255,14,1481495,8170
2181,1473325,8,255,15,1481495,8170
2182,1474005,9,5,5,1482175,8170
2183,1474685,10,6,6,1482855,8170
2184,1475375,12,255,0,1483545,8170
2184,1475375,12,255,1,1483545,8170
2184,1475375,12,255,2,1483545,8170
2184,1475375,12,255,3,1483545,8170
2184,1475375,12,255,4,1483545,8170
2184,1475375,12,255,5,1483545,8170
2184,1475375,12,255,6,1483545,8170
2184,1475375,12,255,7,1483545,8170
2184,1475375,12,255,8,1483545,8170
2184,1475375,12,255,9,1483545,8170
2184,1475375,12,255,10,1483545,8170
2184,1475375,12,255,11,1483545,8170
2184,1475375,12,255,13,1483545,8170
2184,1475375,12,255,14,1483545,8170
2184,1475375,12,255,15,1483545,8170
2185,1476055,13,9,9,1484225,8170
2175,1477425,0,14,14,1485595,8170
2176,1478105,1,3,3,1486275,8170
2188,1486305,1,49,-1,,
2178,1479475,4,255,0,1487645,8170
2178,1479475,4,255,1,1487645,8170
2178,1479475,4,255,2,1487645,8170
2178,1479475,4,255,3,1487645,8170
2178,1479475,4,255,5,1487645,8170
2178,1479475,4,255,6,1487645,8170
2178,1479475,4,255,7,1487645,8170
2178,1479475,4,255,8,1487645,8170
2178,1479475,4,255,9,1487645,8170
2178,1479475,4,255,10,1487645,8170
2178,1479475,4,255,11,1487645,8170
2178,1479475,4,255,12,1487645,8170
2178,1479475,4,255,13,1487645,8170
2178,1479475,4,255,14,1487645,8170
2178,1479475,4,255,15,1487645,8170
2191,1480155,5,255,0,1488325,8170
2191,1480155,5,255,1,1488325,8170
2191,1480155,5,255,2,1488325,8170
2191,1480155,5,255,3,1488325,8170
2191,1480155,5,255,4,1488325,8170
2191,1480155,5,255,6,1488325,8170
2191,1480155,5,255,7,1488325,8170
2191,1480155,5,255,8,1488325,8170
2191,1480155,5,255,9,1488325,8170
2191,1480155,5,255,10,1488325,8170
2191,1480155,5,255,11,1488325,8170
2191,1480155,5,255,12,1488325,8170
2191,1480155,5,255,13,1488325,8170
2191,1480155,5,255,14,1488325,8170
2191,1480155,5,255,15,1488325,8170
2193,1481525,8,2,2,1489695,8170
2194,1482205,9,2,2,1490375,8170
2195,1482885,10,15,15,1491055,8170
2196,1483575,12,11,11,1491745,8170
2197,1484255,13,14,14,1492425,8170
2198,1484935,14,1,1,1493105,8170
2187,1485625,0,2,2,1493795,8170
2189,1486985,2,11,11,1495155,8170
2190,1487675,4,15,15,1495845,8170
2203,1488355,5,3,3,1496525,8170
2204,1489045,7,5,5,1497215,8170
2205,1490405,9,1,1,1497905,7500
2206,1491085,10,5,5,1498585,7500
2207,1491775,12,0,0,1499275,7500
2208,1492455,13,8,8,1499955,7500
2209,1493135,14,1,1,1500635,7500
2220,1500665,14,82,-1,,
2199,1493825,0,255,1,1501325,7500
2199,1493825,0,255,2,1501325,7500
2199,1493825,0,255,3,1501325,7500
2199,1493825,0,255,4,1501325,7500
2199,1493825,0,255,5,1501325,7500
2199,1493825,0,255,6,1501325,7500
2199,1493825,0,255,7,1501325,7500
2199,1493825,0,255,8,1501325,7500
2199,1493825,0,255,9,1501325,7500
2199,1493825,0,255,10,1501325,7500
2199,1493825,0,255,11,1501325,7500
2199,1493825,0,255,12,1501325,7500
2199,1493825,0,255,13,1501325,7500
2199,1493825,0,255,14,1501325,7500
2199,1493825,0,255,15,1501325,7500
2200,1494505,1,14,14,1502005,7500
2201,1495185,2,7,7,1502685,7500
2202,1495875,4,5,5,1503375,7500
2213,1503405,4,69,-1,,
2214,1496555,5,10,10,1504055,7500
2215,1497245,7,1,1,1504745,7500
2216,1497935,9,6,6,1505435,7500
2217,1498615,10,255,0,1506115,7500
2217,1498615,10,255,1,1506115,7500
2217,1498615,10,255,2,1506115,7500
2217,1498615,10,255,3,1506115,7500
2217,1498615,10,255,4,1506115,7500
2217,1498615,10,255,5,1506115,7500
2217,1498615,10,255,6,1506115,7500
2217,1498615,10,255,7,1506115,7500
2217,1498615,10,255,8,1506115,7500
2217,1498615,10,255,9,1506115,7500
2217,1498615,10,255,11,1506115,7500
2217,1498615,10,255,12,1506115,7500
2217,1498615,10,255,13,1506115,7500
2217,1498615,10,255,14,1506115,7500
2217,1498615,10,255,15,1506115,7500
2218,1499305,12,8,8,1506805,7500
2229,1506835,12,109,-1,,
2219,1499985,13,8,8,1507485,7500
2210,1501355,0,4,4,1508855,7500
2221,1508885,0,228,-1,,
2211,1502035,1,14,14,1509535,7500
2212,1502715,2,11,11,1510215,7500
2225,1504085,5,6,6,1511585,7500
2226,1504775,7,2,2,1512275,7500
2227,1505465,9,0,0,1512965,7500
2228,1506145,10,4,4,1513645,7500
2230,1507515,13,8,8,1515015,7500
2231,1508195,14,6,6,1515695,7500
2222,1509565,1,15,15,1517065,7500
2223,1510245,2,3,3,1517745,7500
2224,1510935,4,13,13,1518435,7500
2235,1518465,4,210,-1,,
2236,1511615,5,1,1,1519115,7500
2237,1512305,7,8,8,1519805,7500
2238,1512995,9,13,13,1520495,7500
2239,1513675,10,9,9,1521175,7500
2240,1514365,12,2,2,1521865,7500
2241,1515045,13,3,3,1522545,7500
2242,1515725,14,12,12,1523225,7500
2232,1516415,0,4,4,1523915,7500
2233,1517095,1,5,5,1524595,7500
2234,1517775,2,13,13,1525275,7500
2247,1519145,5,11,11,1526645,7500
2248,1519835,7,9,9,1527335,7500
2249,1520525,9,14,14,1528025,7500
2250,1521205,10,12,12,1528705,7500
2251,1521895,12,0,0,1529395,7500
2252,1522575,13,1,1,1530075,7500
2253,1523255,14,5,5,1530755,7500
2243,1523945,0,4,4,1531445,7500
2244,1524625,1,14,14,1532125,7500
2245,1525305,2,0,0,1532805,7500
2246,1525995,4,5,5,1533495,7500
2258,1526675,5,255,0,1534175,7500
2258,1526675,5,255,1,1534175,7500
2258,1526675,5,255,2,1534175,7500
2258,1526675,5,255,3,1534175,7500
2258,1526675,5,255,4,1534175,7500
2258,1526675,5,255,6,1534175,7500
2258,1526675,5,255,7,1534175,7500
2258,1526675,5,255,8,1534175,7500
2258,1526675,5,255,9,1534175,7500
2258,1526675,5,255,10,1534175,7500
2258,1526675,5,255,11,1534175,7500
2258,1526675,5,255,12,1534175,7500
2258,1526675,5,255,13,1534175,7500
2258,1526675,5,255,14,1534175,7500
2258,1526675,5,255,15,1534175,7500
2259,1527365,7,5,5,1534865,7500
2260,1528055,9,15,15,1535555,7500
2261,1528735,10,12,12,1536235,7500
2262,1529425,12,6,6,1536925,7500
2273,1536955,12,53,-1,,
2263,1530105,13,14,14,1537605,7500
2264,1530785,14,11,11,1538285,7500
2254,1531475,0,8,8,1538975,7500
2255,1532155,1,15,15,1539655,7500
2256,1532835,2,5,5,1540335,7500
2257,1533525,4,8,8,1541025,7500
2269,1534205,5,7,7,1541705,7500
2270,1534895,7,6,6,1542395,7500
2271,1535585,9,3,3,1543085,7500
2272,1536265,10,8,8,1543765,7500
2274,1537635,13,15,15,1545135,7500
2285,1545165,13,93,-1,,
2275,1538315,14,4,4,1545815,7500
2265,1539005,0,14,14,1546505,7500
2266,1539685,1,255,0,1547185,7500
2266,1539685,1,255,2,1547185,7500
2266,1539685,1,255,3,1547185,7500
2266,1539685,1,255,4,1547185,7500
2266,1539685,1,255,5,1547185,7500
2266,1539685,1,255,6,1547185,7500
2266,1539685,1,255,7,1547185,7500
2266,1539685,1,255,8,1547185,7500
2266,1539685,1,255,9,1547185,7500
2266,1539685,1,255,10,1547185,7500
2266,1539685,1,255,11,1547185,7500
2266,1539685,1,255,12,1547185,7500
2266,1539685,1,255,13,1547185,7500
2266,1539685,1,255,14,1547185,7500
2266,1539685,1,255,15,1547185,7500
2267,1540365,2,15,15,1547865,7500
2268,1541055,4,1,1,1548555,7500
2280,1541735,5,11,11,1549235,7500
2281,1542425,7,3,3,1549925,7500
2282,1543115,9,12,12,1550615,7500
2283,1543795,10,9,9,1551295,7500
2284,1544485,12,10,10,1551985,7500
2286,1545845,14,11,11,1553345,7500
2276,1546535,0,8,8,1554035,7500
2277,1547215,1,10,10,1554715,7500
2278,1547895,2,9,9,1555395,7500
2279,1548585,4,0,0,1556085,7500
2291,1549265,5,0,0,1556765,7500
2292,1549955,7,12,12,1557455,7500
2293,1550645,9,255,0,1558145,7500
2293,1550645,9,255,1,1558145,7500
2293,1550645,9,255,2,1558145,7500
2293,1550645,9,255,3,1558145,7500
2293,1550645,9,255,4,1558145,7500
2293,1550645,9,255,5,1558145,7500
2293,1550645,9,255,6,1558145,7500
2293,1550645,9,255,7,1558145,7500
2293,1550645,9,255,8,1558145,7500
2293,1550645,9,255,10,1558145,7500
2293,1550645,9,255,11,1558145,7500
2293,1550645,9,255,12,1558145,7500
2293,1550645,9,255,13,1558145,7500
2293,1550645,9,255,14,1558145,7500
2293,1550645,9,255,15,1558145,7500
2294,1551325,10,8,8,1558825,7500
2295,1552015,12,15,15,1559515,7500
2296,1552695,13,10,10,1560195,7500
2297,1553375,14,11,11,1560875,7500
2287,1554065,0,1,1,1561565,7500
2288,1554745,1,255,0,1562245,7500
2288,1554745,1,255,2,1562245,7500
2288,1554745,1,255,3,1562245,7500
2288,1554745,1,255,4,1562245,7500
2288,1554745,1,255,5,1562245,7500
2288,1554745,1,255,6,1562245,7500
2288,1554745,1,255,7,1562245,7500
2288,1554745,1,255,8,1562245,7500
2288,1554745,1,255,9,1562245,7500
2288,1554745,1,255,10,1562245,7500
2288,1554745,1,255,11,1562245,7500
2288,1554745,1,255,12,1562245,7500
2288,1554745,1,255,13,1562245,7500
2288,1554745,1,255,14,1562245,7500
2288,1554745,1,255,15,1562245,7500
2289,1555425,2,8,8,1562925,7500
2290,1556115,4,5,5,1563615,7500
2302,1556795,5,9,9,1564295,7500
2303,1557485,7,6,6,1564985,7500
2304,1558175,9,255,0,1565675,7500
2304,1558175,9,255,1,1565675,7500
2304,1558175,9,255,2,1565675,7500
2304,1558175,9,255,3,1565675,7500
2304,1558175,9,255,4,1565675,7500
2304,1558175,9,255,5,1565675,7500
2304,1558175,9,255,6,1565675,7500
2304,1558175,9,255,7,1565675,7500
2304,1558175,9,255,8,1565675,7500
2304,1558175,9,255,10,1565675,7500
2304,1558175,9,255,11,1565675,7500
2304,1558175,9,255,12,1565675,7500
2304,1558175,9,255,13,1565675,7500
2304,1558175,9,255,14,1565675,7500
2304,1558175,9,255,15,1565675,7500
2305,1558855,10,8,8,1566355,7500
2306,1559545,12,0,0,1567045,7500
2307,1560225,13,0,0,1567725,7500
2308,1560905,14,255,0,1568405,7500
2308,1560905,14,255,1,1568405,7500
2308,1560905,14,255,2,1568405,7500
2308,1560905,14,255,3,1568405,7500
2308,1560905,14,255,4,1568405,7500
2308,1560905,14,255,5,1568405,7500
2308,1560905,14,255,6,1568405,7500
2308,1560905,14,255,7,1568405,7500
2308,1560905,14,255,8,1568405,7500
2308,1560905,14,255,9,1568405,7500
2308,1560905,14,255,10,1568405,7500
2308,1560905,14,255,11,1568405,7500
2308,1560905,14,255,12,1568405,7500
2308,1560905,14,255,13,1568405,7500
2308,1560905,14,255,15,1568405,7500
2319,1568435,14,56,-1,,
2298,1561595,0,12,12,1569095,7500
2299,1562275,1,9,9,1569775,7500
2300,1562955,2,4,4,1570455,7500
2301,1563645,4,255,0,1571145,7500
2301,1563645,4,255,1,1571145,7500
2301,1563645,4,255,2,1571145,7500
2301,1563645,4,255,3,1571145,7500
2301,1563645,4,255,5,1571145,7500
2301,1563645,4,255,6,1571145,7500
2301,1563645,4,255,7,1571145,7500
2301,1563645,4,255,8,1571145,7500
2301,1563645,4,255,9,1571145,7500
2301,1563645,4,255,10,1571145,7500
2301,1563645,4,255,11,1571145,7500
2301,1563645,4,255,12,1571145,7500
2301,1563645,4,255,13,1571145,7500
2301,1563645,4,255,14,1571145,7500
2301,1563645,4,255,15,1571145,7500
2313,1564325,5,7,7,1571825,7500
2314,1565015,7,3,3,1572515,7500
2315,1565705,9,255,0,1573205,7500
2315,1565705,9,255,1,1573205,7500
2315,1565705,9,255,2,1573205,7500
2315,1565705,9,255,3,1573205,7500
2315,1565705,9,255,4,1573205,7500
2315,1565705,9,255,5,1573205,7500
2315,1565705,9,255,6,1573205,7500
2315,1565705,9,255,7,1573205,7500
2315,1565705,9,255,8,1573205,7500
2315,1565705,9,255,10,1573205,7500
2315,1565705,9,255,11,1573205,7500
2315,1565705,9,255,12,1573205,7500
2315,1565705,9,255,13,1573205,7500
2315,1565705,9,255,14,1573205,7500
2315,1565705,9,255,15,1573205,7500
2316,1566385,10,12,12,1573885,7500
2317,1567075,12,9,9,1574575,7500
2318,1567755,13,255,0,1575255,7500
2318,1567755,13,255,1,1575255,7500
2318,1567755,13,255,2,1575255,7500
2318,1567755,13,255,3,1575255,7500
2318,1567755,13,255,4,1575255,7500
2318,1567755,13,255,5,1575255,7500
2318,1567755,13,255,6,1575255,7500
2318,1567755,13,255,7,1575255,7500
2318,1567755,13,255,8,1575255,7500
2318,1567755,13,255,9,1575255,7500
2318,1567755,13,255,10,1575255,7500
2318,1567755,13,255,11,1575255,7500
2318,1567755,13,255,12,1575255,7500
2318,1567755,13,255,14,1575255,7500
2318,1567755,13,255,15,1575255,7500
2309,1569125,0,5,5,1576625,7500
2310,1569805,1,15,15,1577305,7500
2311,1570485,2,10,10,1577985,7500
2312,1571175,4,255,0,1578675,7500
2312,1571175,4,255,1,1578675,7500
2312,1571175,4,255,2,1578675,7500
2312,1571175,4,255,3,1578675,7500
2312,1571175,4,255,5,1578675,7500
2312,1571175,4,255,6,1578675,7500
2312,1571175,4,255,7,1578675,7500
2312,1571175,4,255,8,1578675,7500
2312,1571175,4,255,9,1578675,7500
2312,1571175,4,255,10,1578675,7500
2312,1571175,4,255,11,1578675,7500
2312,1571175,4,255,12,1578675,7500
2312,1571175,4,255,13,1578675,7500
2312,1571175,4,255,14,1578675,7500
2312,1571175,4,255,15,1578675,7500
2324,1571855,5,1,1,1579355,7500
2325,1572545,7,10,10,1580045,7500
2326,1573235,9,7,7,1580735,7500
2327,1573915,10,255,0,1581415,7500
2327,1573915,10,255,1,1581415,7500
2327,1573915,10,255,2,1581415,7500
2327,1573915,10,255,3,1581415,7500
2327,1573915,10,255,4,1581415,7500
2327,1573915,10,255,5,1581415,7500
2327,1573915,10,255,6,1581415,7500
2327,1573915,10,255,7,1581415,7500
2327,1573915,10,255,8,1581415,7500
2327,1573915,10,255,9,1581415,7500
2327,1573915,10,255,11,1581415,7500
2327,1573915,10,255,12,1581415,7500
2327,1573915,10,255,13,1581415,7500
2327,1573915,10,255,14,1581415,7500
2327,1573915,10,255,15,1581415,7500
2338,1581445,10,164,-1,,
2328,1574605,12,4,4,1582105,7500
2339,1582135,12,190,-1,,
2329,1575285,13,1,1,1582785,7500
2330,1575965,14,7,7,1583465,7500
2320,1576655,0,13,13,1584155,7500
2321,1577335,1,255,0,1584835,7500
2321,1577335,1,255,2,1584835,7500
2321,1577335,1,255,3,1584835,7500
2321,1577335,1,255,4,1584835,7500
2321,1577335,1,255,5,1584835,7500
2321,1577335,1,255,6,1584835,7500
2321,1577335,1,255,7,1584835,7500
2321,1577335,1,255,8,1584835,7500
2321,1577335,1,255,9,1584835,7500
2321,1577335,1,255,10,1584835,7500
2321,1577335,1,255,11,1584835,7500
2321,1577335,1,255,12,1584835,7500
2321,1577335,1,255,13,1584835,7500
2321,1577335,1,255,14,1584835,7500
2321,1577335,1,255,15,1584835,7500
2322,1578015,2,0,0,1585515,7500
2323,1578705,4,255,0,1586205,7500
2323,1578705,4,255,1,1586205,7500
2323,1578705,4,255,2,1586205,7500
2323,1578705,4,255,3,1586205,7500
2323,1578705,4,255,5,1586205,7500
2323,1578705,4,255,6,1586205,7500
2323,1578705,4,255,7,1586205,7500
2323,1578705,4,255,8,1586205,7500
2323,1578705,4,255,9,1586205,7500
2323,1578705,4,255,10,1586205,7500
2323,1578705,4,255,11,1586205,7500
2323,1578705,4,255,12,1586205,7500
2323,1578705,4,255,13,1586205,7500
2323,1578705,4,255,14,1586205,7500
2323,1578705,4,255,15,1586205,7500
2335,1579385,5,13,13,1586885,7500
2336,1580075,7,5,5,1587575,7500
2337,1580765,9,255,0,1588265,7500
2337,1580765,9,255,1,1588265,7500
2337,1580765,9,255,2,1588265,7500
2337,1580765,9,255,3,1588265,7500
2337,1580765,9,255,4,1588265,7500
2337,1580765,9,255,5,1588265,7500
2337,1580765,9,255,6,1588265,7500
2337,1580765,9,255,7,1588265,7500
2337,1580765,9,255,8,1588265,7500
2337,1580765,9,255,10,1588265,7500
2337,1580765,9,255,11,1588265,7500
2337,1580765,9,255,12,1588265,7500
2337,1580765,9,255,13,1588265,7500
2337,1580765,9,255,14,1588265,7500
2337,1580765,9,255,15,1588265,7500
2340,1582815,13,12,12,1590315,7500
2341,1583495,14,12,12,1590995,7500
2331,1584185,0,10,10,1591685,7500
2342,1591715,0,127,-1,,
2332,1584865,1,4,4,1592365,7500
2333,1585545,2,3,3,1593045,7500
2334,1586235,4,3,3,1593735,7500
2346,1586915,5,6,6,1594415,7500
2347,1587605,7,11,11,1595105,7500
2348,1588295,9,0,0,1595795,7500
2349,1588975,10,15,15,1596475,7500
2350,1589665,12,8,8,1597165,7500
2351,1590345,13,12,12,1597845,7500
2352,1591025,14,11,11,1598525,7500
2343,1592395,1,8,8,1599895,7500
2344,1593075,2,8,8,1600575,7500
2345,1593765,4,255,0,1601265,7500
2345,1593765,4,255,1,1601265,7500
2345,1593765,4,255,2,1601265,7500
2345,1593765,4,255,3,1601265,7500
2345,1593765,4,255,5,1601265,7500
2345,1593765,4,255,6,1601265,7500
2345,1593765,4,255,7,1601265,7500
2345,1593765,4,255,8,1601265,7500
2345,1593765,4,255,9,1601265,7500
2345,1593765,4,255,10,1601265,7500
2345,1593765,4,255,11,1601265,7500
2345,1593765,4,255,12,1601265,7500
2345,1593765,4,255,13,1601265,7500
2345,1593765,4,255,14,1601265,7500
2345,1593765,4,255,15,1601265,7500
2357,1594445,5,13,13,1601945,7500
2358,1595135,7,255,0,1602635,7500
2358,1595135,7,255,1,1602635,7500
2358,1595135,7,255,2,1602635,7500
2358,1595135,7,255,3,1602635,7500
2358,1595135,7,255,4,1602635,7500
2358,1595135,7,255,5,1602635,7500
2358,1595135,7,255,6,1602635,7500
2358,1595135,7,255,8,1602635,7500
2358,1595135,7,255,9,1602635,7500
2358,1595135,7,255,10,1602635,7500
2358,1595135,7,255,11,1602635,7500
2358,1595135,7,255,12,1602635,7500
2358,1595135,7,255,13,1602635,7500
2358,1595135,7,255,14,1602635,7500
2358,1595135,7,255,15,1602635,7500
2359,1595825,9,5,5,1603325,7500
2360,1596505,10,1,1,1604005,7500
2361,1597195,12,5,5,1604695,7500
2362,1597875,13,0,0,1605375,7500
2372,1605405,13,212,-1,,
2363,1598555,14,7,7,1606055,7500
2353,1599245,0,14,14,1606745,7500
2364,1606775,0,118,-1,,
2354,1599925,1,13,13,1607425,7500
2365,1607455,1,134,-1,,
2355,1600605,2,3,3,1608105,7500
2356,1601295,4,255,0,1608795,7500
2356,1601295,4,255,1,1608795,7500
2356,1601295,4,255,2,1608795,7500
2356,1601295,4,255,3,1608795,7500
2356,1601295,4,255,5,1608795,7500
2356,1601295,4,255,6,1608795,7500
2356,1601295,4,255,7,1608795,7500
2356,1601295,4,255,8,1608795,7500
2356,1601295,4,255,9,1608795,7500
2356,1601295,4,255,10,1608795,7500
2356,1601295,4,255,11,1608795,7500
2356,1601295,4,255,12,1608795,7500
2356,1601295,4,255,13,1608795,7500
2356,1601295,4,255,14,1608795,7500
2356,1601295,4,255,15,1608795,7500
2368,1601975,5,7,7,1609475,7500
2369,1602665,7,6,6,1610165,7500
2370,1603355,9,2,2,1610855,7500
2380,1610885,9,70,-1,,
2371,1604035,10,14,14,1611535,7500
2373,1606085,14,7,7,1612925,6840
2366,1608135,2,12,12,1614975,6840
2367,1608825,4,6,6,1615665,6840
2378,1609505,5,7,7,1616345,6840
2379,1610195,7,11,11,1617035,6840
2381,1611565,10,1,1,1618405,6840
2382,1612275,13,7,7,1619115,6840
2383,1612955,14,1,1,1619795,6840
2374,1613645,0,2,2,1620485,6840
2375,1614325,1,7,7,1621165,6840
2376,1615005,2,5,5,1621845,6840
2377,1615695,4,7,7,1622535,6840
2388,1616375,5,12,12,1623215,6840
2389,1617065,7,1,1,1623905,6840
2399,1623935,7,174,-1,,
2390,1617755,9,5,5,1624595,6840
2391,1618435,10,5,5,1625275,6840
2392,1619145,13,10,10,1625985,6840
2402,1626015,13,161,-1,,
2393,1619825,14,1,1,1626665,6840
2384,1620515,0,255,1,1627355,6840
2384,1620515,0,255,2,1627355,6840
2384,1620515,0,255,3,1627355,6840
2384,1620515,0,255,4,1627355,6840
2384,1620515,0,255,5,1627355,6840
2384,1620515,0,255,6,1627355,6840
2384,1620515,0,255,7,1627355,6840
2384,1620515,0,255,8,1627355,6840
2384,1620515,0,255,9,1627355,6840
2384,1620515,0,255,10,1627355,6840
2384,1620515,0,255,11,1627355,6840
2384,1620515,0,255,12,1627355,6840
2384,1620515,0,255,13,1627355,6840
2384,1620515,0,255,14,1627355,6840
2384,1620515,0,255,15,1627355,6840
2385,1621195,1,2,2,1628035,6840
2395,1628065,1,171,-1,,
2386,1621875,2,11,11,1628715,6840
2387,1622565,4,3,3,1629405,6840
2398,1623245,5,13,13,1630085,6840
2400,1624625,9,15,15,1631465,6840
2401,1625305,10,0,0,1632145,6840
2403,1626695,14,255,0,1633535,6840
2403,1626695,14,255,1,1633535,6840
2403,1626695,14,255,2,1633535,6840
2403,1626695,14,255,3,1633535,6840
2403,1626695,14,255,4,1633535,6840
2403,1626695,14,255,5,1633535,6840
2403,1626695,14,255,6,1633535,6840
2403,1626695,14,255,7,1633535,6840
2403,1626695,14,255,8,1633535,6840
2403,1626695,14,255,9,1633535,6840
2403,1626695,14,255,10,1633535,6840
2403,1626695,14,255,11,1633535,6840
2403,1626695,14,255,12,1633535,6840
2403,1626695,14,255,13,1633535,6840
2403,1626695,14,255,15,1633535,6840
2394,1627385,0,12,12,1634225,6840
2396,1628745,2,15,15,1635585,6840
2406,1635615,2,108,-1,,
2397,1629435,4,9,9,1636275,6840
2408,1630115,5,1,1,1636955,6840
2409,1630805,7,10,10,1637645,6840
2410,1631495,9,13,13,1638335,6840
2411,1632175,10,1,1,1639015,6840
2412,1632885,13,5,5,1639725,6840
2413,1633565,14,255,0,1640405,6840
2413,1633565,14,255,1,1640405,6840
2413,1633565,14,255,2,1640405,6840
2413,1633565,14,255,3,1640405,6840
2413,1633565,14,255,4,1640405,6840
2413,1633565,14,255,5,1640405,6840
2413,1633565,14,255,6,1640405,6840
2413,1633565,14,255,7,1640405,6840
2413,1633565,14,255,8,1640405,6840
2413,1633565,14,255,9,1640405,6840
2413,1633565,14,255,10,1640405,6840
2413,1633565,14,255,11,1640405,6840
2413,1633565,14,255,12,1640405,6840
2413,1633565,14,255,13,1640405,6840
2413,1633565,14,255,15,1640405,6840
2404,1634255,0,12,12,1641095,6840
2405,1634935,1,2,2,1641775,6840
2415,1641805,1,116,-1,,
2407,1636305,4,15,15,1643145,6840
2418,1636985,5,11,11,1643825,6840
2419,1637675,7,6,6,1644515,6840
2420,1638365,9,11,11,1645205,6840
2421,1639045,10,3,3,1645885,6840
2422,1639755,13,255,0,1646595,6840
2422,1639755,13,255,1,1646595,6840
2422,1639755,13,255,2,1646595,6840
2422,1639755,13,255,3,1646595,6840
2422,1639755,13,255,4,1646595,6840
2422,1639755,13,255,5,1646595,6840
2422,1639755,13,255,6,1646595,6840
2422,1639755,13,255,7,1646595,6840
2422,1639755,13,255,8,1646595,6840
2422,1639755,13,255,9,1646595,6840
2422,1639755,13,255,10,1646595,6840
2422,1639755,13,255,11,1646595,6840
2422,1639755,13,255,12,1646595,6840
2422,1639755,13,255,14,1646595,6840
2422,1639755,13,255,15,1646595,6840
2423,1640435,14,8,8,1647275,6840
2414,1641125,0,15,15,1647965,6840
2424,1647995,0,242,-1,,
2416,1642485,2,8,8,1649325,6840
2417,1643175,4,7,7,1650015,6840
2428,1643855,5,0,0,1650695,6840
2429,1644545,7,10,10,1651385,6840
2430,1645235,9,255,0,1652075,6840
2430,1645235,9,255,1,1652075,6840
2430,1645235,9,255,2,1652075,6840
2430,1645235,9,255,3,1652075,6840
2430,1645235,9,255,4,1652075,6840
2430,1645235,9,255,5,1652075,6840
2430,1645235,9,255,6,1652075,6840
2430,1645235,9,255,7,1652075,6840
2430,1645235,9,255,8,1652075,6840
2430,1645235,9,255,10,1652075,6840
2430,1645235,9,255,11,1652075,6840
2430,1645235,9,255,12,1652075,6840
2430,1645235,9,255,13,1652075,6840
2430,1645235,9,255,14,1652075,6840
2430,1645235,9,255,15,1652075,6840
2431,1645915,10,11,11,1652755,6840
2432,1646625,13,0,0,1653465,6840
2442,1653495,13,81,-1,,
2433,1647305,14,11,11,1654145,6840
2434,1654865,0,150,-1,,
2425,1648675,1,3,3,1655515,6840
2426,1649355,2,12,12,1656195,6840
2427,1650045,4,12,12,1656885,6840
2438,1650725,5,13,13,1657565,6840
2439,1651415,7,15,15,1658255,6840
2440,1652105,9,11,11,1658945,6840
2441,1652785,10,255,0,1659625,6840
2441,1652785,10,255,1,1659625,6840
2441,1652785,10,255,2,1659625,6840
2441,1652785,10,255,3,1659625,6840
2441,1652785,10,255,4,1659625,6840
2441,1652785,10,255,5,1659625,6840
2441,1652785,10,255,6,1659625,6840
2441,1652785,10,255,7,1659625,6840
2441,1652785,10,255,8,1659625,6840
2441,1652785,10,255,9,1659625,6840
2441,1652785,10,255,11,1659625,6840
2441,1652785,10,255,12,1659625,6840
2441,1652785,10,255,13,1659625,6840
2441,1652785,10,255,14,1659625,6840
2441,1652785,10,255,15,1659625,6840
2443,1654175,14,10,10,1661015,6840
2435,1655545,1,4,4,1662385,6840
2436,1656225,2,255,0,1663065,6840
2436,1656225,2,255,1,1663065,6840
2436,1656225,2,255,3,1663065,6840
2436,1656225,2,255,4,1663065,6840
2436,1656225,2,255,5,1663065,6840
2436,1656225,2,255,6,1663065,6840
2436,1656225,2,255,7,1663065,6840
2436,1656225,2,255,8,1663065,6840
2436,1656225,2,255,9,1663065,6840
2436,1656225,2,255,10,1663065,6840
2436,1656225,2,255,11,1663065,6840
2436,1656225,2,255,12,1663065,6840
2436,1656225,2,255,13,1663065,6840
2436,1656225,2,255,14,1663065,6840
2436,1656225,2,255,15,1663065,6840
2437,1656915,4,255,0,1663755,6840
2437,1656915,4,255,1,1663755,6840
2437,1656915,4,255,2,1663755,6840
2437,1656915,4,255,3,1663755,6840
2437,1656915,4,255,5,1663755,6840
2437,1656915,4,255,6,1663755,6840
2437,1656915,4,255,7,1663755,6840
2437,1656915,4,255,8,1663755,6840
2437,1656915,4,255,9,1663755,6840
2437,1656915,4,255,10,1663755,6840
2437,1656915,4,255,11,1663755,6840
2437,1656915,4,255,12,1663755,6840
2437,1656915,4,255,13,1663755,6840
2437,1656915,4,255,14,1663755,6840
2437,1656915,4,255,15,1663755,6840
2448,1657595,5,7,7,1664435,6840
2449,1658285,7,8,8,1665125,6840
2450,1659655,10,15,15,1665835,6180
2451,1660365,13,14,14,1666545,6180
2452,1661045,14,5,5,1667225,6180
2444,1661735,0,9,9,1667915,6180
2445,1662415,1,255,0,1668595,6180
2445,1662415,1,255,2,1668595,6180
2445,1662415,1,255,3,1668595,6180
2445,1662415,1,255,4,1668595,6180
2445,1662415,1,255,5,1668595,6180
2445,1662415,1,255,6,1668595,6180
2445,1662415,1,255,7,1668595,6180
2445,1662415,1,255,8,1668595,6180
2445,1662415,1,255,9,1668595,6180
2445,1662415,1,255,10,1668595,6180
2445,1662415,1,255,11,1668595,6180
2445,1662415,1,255,12,1668595,6180
2445,1662415,1,255,13,1668595,6180
2445,1662415,1,255,14,1668595,6180
2445,1662415,1,255,15,1668595,6180
2446,1663095,2,4,4,1669275,6180
2447,1663785,4,3,3,1669965,6180
2457,1664465,5,6,6,1670645,6180
2458,1665155,7,0,0,1671335,6180
2459,1665865,10,2,2,1672045,6180
2460,1666575,13,11,11,1672755,6180
2461,1667255,14,7,7,1673435,6180
2453,1667945,0,255,1,1674125,6180
2453,1667945,0,255,2,1674125,6180
2453,1667945,0,255,3,1674125,6180
2453,1667945,0,255,4,1674125,6180
2453,1667945,0,255,5,1674125,6180
2453,1667945,0,255,6,1674125,6180
2453,1667945,0,255,7,1674125,6180
2453,1667945,0,255,8,1674125,6180
2453,1667945,0,255,9,1674125,6180
2453,1667945,0,255,10,1674125,6180
2453,1667945,0,255,11,1674125,6180
2453,1667945,0,255,12,1674125,6180
2453,1667945,0,255,13,1674125,6180
2453,1667945,0,255,14,1674125,6180
2453,1667945,0,255,15,1674125,6180
2454,1668625,1,9,9,1674805,6180
2463,1674835,1,210,-1,,
2455,1669305,2,7,7,1675485,6180
2456,1669995,4,9,9,1676175,6180
2466,1670675,5,3,3,1676855,6180
2467,1671365,7,15,15,1677545,6180
2468,1672075,10,3,3,1678255,6180
2469,1672785,13,8,8,1678965,6180
2470,1673465,14,6,6,1679645,6180
2462,1674155,0,5,5,1680335,6180
2472,1681045,1,194,-1,,
2464,1675515,2,13,13,1681695,6180
2465,1676205,4,6,6,1682385,6180
2475,1676885,5,4,4,1683065,6180
2476,1677575,7,6,6,1683755,6180
2477,1678285,10,255,0,1684465,6180
2477,1678285,10,255,1,1684465,6180
2477,1678285,10,255,2,1684465,6180
2477,1678285,10,255,3,1684465,6180
2477,1678285,10,255,4,1684465,6180
2477,1678285,10,255,5,1684465,6180
2477,1678285,10,255,6,1684465,6180
2477,1678285,10,255,7,1684465,6180
2477,1678285,10,255,8,1684465,6180
2477,1678285,10,255,9,1684465,6180
2477,1678285,10,255,11,1684465,6180
2477,1678285,10,255,12,1684465,6180
2477,1678285,10,255,13,1684465,6180
2477,1678285,10,255,14,1684465,6180
2477,1678285,10,255,15,1684465,6180
2485,1684495,10,226,-1,,
2478,1678995,13,10,10,1685175,6180
2479,1679675,14,1,1,1685855,6180
2487,1685885,14,35,-1,,
2471,1680365,0,11,11,1686545,6180
2473,1681725,2,12,12,1687905,6180
2474,1682415,4,12,12,1688595,6180
2483,1683095,5,255,0,1689275,6180
2483,1683095,5,255,1,1689275,6180
2483,1683095,5,255,2,1689275,6180
2483,1683095,5,255,3,1689275,6180
2483,1683095,5,255,4,1689275,6180
2483,1683095,5,255,6,1689275,6180
2483,1683095,5,255,7,1689275,6180
2483,1683095,5,255,8,1689275,6180
2483,1683095,5,255,9,1689275,6180
2483,1683095,5,255,10,1689275,6180
2483,1683095,5,255,11,1689275,6180
2483,1683095,5,255,12,1689275,6180
2483,1683095,5,255,13,1689275,6180
2483,1683095,5,255,14,1689275,6180
2483,1683095,5,255,15,1689275,6180
2491,1689305,5,89,-1,,
2484,1683785,7,255,0,1689965,6180
2484,1683785,7,255,1,1689965,6180
2484,1683785,7,255,2,1689965,6180
2484,1683785,7,255,3,1689965,6180
2484,1683785,7,255,4,1689965,6180
2484,1683785,7,255,5,1689965,6180
2484,1683785,7,255,6,1689965,6180
2484,1683785,7,255,8,1689965,6180
2484,1683785,7,255,9,1689965,6180
2484,1683785,7,255,10,1689965,6180
2484,1683785,7,255,11,1689965,6180
2484,1683785,7,255,12,1689965,6180
2484,1683785,7,255,13,1689965,6180
2484,1683785,7,255,14,1689965,6180
2484,1683785,7,255,15,1689965,6180
2492,1689995,7,102,-1,,
2486,1685205,13,15,15,1691385,6180
2480,1687255,1,11,11,1692775,5520
2481,1687935,2,3,3,1693455,5520
2482,1688625,4,2,2,1694145,5520
2493,1690705,10,4,4,1696225,5520
2501,1696255,10,75,-1,,
2494,1691415,13,6,6,1696935,5520
2495,1692095,14,3,3,1697615,5520
2488,1692805,1,6,6,1698325,5520
2489,1693485,2,14,14,1699005,5520
2490,1694175,4,7,7,1699695,5520
2499,1694855,5,0,0,1700375,5520
2500,1695545,7,4,4,1701065,5520
2502,1696965,13,255,0,1702485,5520
2502,1696965,13,255,1,1702485,5520
2502,1696965,13,255,2,1702485,5520
2502,1696965,13,255,3,1702485,5520
2502,1696965,13,255,4,1702485,5520
2502,1696965,13,255,5,1702485,5520
2502,1696965,13,255,6,1702485,5520
2502,1696965,13,255,7,1702485,5520
2502,1696965,13,255,8,1702485,5520
2502,1696965,13,255,9,1702485,5520
2502,1696965,13,255,10,1702485,5520
2502,1696965,13,255,11,1702485,5520
2502,1696965,13,255,12,1702485,5520
2502,1696965,13,255,14,1702485,5520
2502,1696965,13,255,15,1702485,5520
2503,1697645,14,0,0,1703165,5520
2496,1698355,1,7,7,1703875,5520
2504,1703905,1,208,-1,,
2497,1699035,2,5,5,1704555,5520
2498,1699725,4,0,0,1705245,5520
2507,1700405,5,255,0,1705925,5520
2507,1700405,5,255,1,1705925,5520
2507,1700405,5,255,2,1705925,5520
2507,1700405,5,255,3,1705925,5520
2507,1700405,5,255,4,1705925,5520
2507,1700405,5,255,6,1705925,5520
2507,1700405,5,255,7,1705925,5520
2507,1700405,5,255,8,1705925,5520
2507,1700405,5,255,9,1705925,5520
2507,1700405,5,255,10,1705925,5520
2507,1700405,5,255,11,1705925,5520
2507,1700405,5,255,12,1705925,5520
2507,1700405,5,255,13,1705925,5520
2507,1700405,5,255,14,1705925,5520
2507,1700405,5,255,15,1705925,5520
2515,1705955,5,142,-1,,
2508,1701095,7,13,13,1706615,5520
2509,1701805,10,15,15,1707325,5520
2510,1702515,13,15,15,1708035,5520
2511,1703195,14,11,11,1708715,5520
2505,1704585,2,11,11,1710105,5520
2506,1705275,4,255,0,1710795,5520
2506,1705275,4,255,1,1710795,5520
2506,1705275,4,255,2,1710795,5520
2506,1705275,4,255,3,1710795,5520
2506,1705275,4,255,5,1710795,5520
2506,1705275,4,255,6,1710795,5520
2506,1705275,4,255,7,1710795,5520
2506,1705275,4,255,8,1710795,5520
2506,1705275,4,255,9,1710795,5520
2506,1705275,4,255,10,1710795,5520
2506,1705275,4,255,11,1710795,5520
2506,1705275,4,255,12,1710795,5520
2506,1705275,4,255,13,1710795,5520
2506,1705275,4,255,14,1710795,5520
2506,1705275,4,255,15,1710795,5520
2516,1706645,7,14,14,1712165,5520
2517,1707355,10,255,0,1712875,5520
2517,1707355,10,255,1,1712875,5520
2517,1707355,10,255,2,1712875,5520
2517,1707355,10,255,3,1712875,5520
2517,1707355,10,255,4,1712875,5520
2517,1707355,10,255,5,1712875,5520
2517,1707355,10,255,6,1712875,5520
2517,1707355,10,255,7,1712875,5520
2517,1707355,10,255,8,1712875,5520
2517,1707355,10,255,9,1712875,5520
2517,1707355,10,255,11,1712875,5520
2517,1707355,10,255,12,1712875,5520
2517,1707355,10,255,13,1712875,5520
2517,1707355,10,255,14,1712875,5520
2517,1707355,10,255,15,1712875,5520
2525,1712905,10,205,-1,,
2518,1708065,13,10,10,1713585,5520
2519,1708745,14,13,13,1714265,5520
2512,1709455,1,15,15,1714975,5520
2513,1710135,2,14,14,1715655,5520
2514,1710825,4,2,2,1716345,5520
2523,1711505,5,11,11,1717025,5520
2524,1712195,7,5,5,1717715,5520
2526,1713615,13,3,3,1719135,5520
2527,1714295,14,2,2,1719815,5520
2520,1715005,1,14,14,1720525,5520
2521,1715685,2,11,11,1721205,5520
2522,1716375,4,12,12,1721895,5520
2531,1717055,5,1,1,1722575,5520
2532,1718455,10,13,13,1723325,4870
2533,1719165,13,10,10,1724035,4870
2540,1724065,13,123,-1,,
2534,1719845,14,10,10,1724715,4870
2528,1720555,1,3,3,1725425,4870
2529,1721235,2,15,15,1726105,4870
2530,1721925,4,5,5,1726795,4870
2538,1722605,5,255,0,1727475,4870
2538,1722605,5,255,1,1727475,4870
2538,1722605,5,255,2,1727475,4870
2538,1722605,5,255,3,1727475,4870
2538,1722605,5,255,4,1727475,4870
2538,1722605,5,255,6,1727475,4870
2538,1722605,5,255,7,1727475,4870
2538,1722605,5,255,8,1727475,4870
2538,1722605,5,255,9,1727475,4870
2538,1722605,5,255,10,1727475,4870
2538,1722605,5,255,11,1727475,4870
2538,1722605,5,255,12,1727475,4870
2538,1722605,5,255,13,1727475,4870
2538,1722605,5,255,14,1727475,4870
2538,1722605,5,255,15,1727475,4870
2545,1727505,5,226,-1,,
2539,1723355,10,12,12,1728225,4870
2541,1724745,14,9,9,1729615,4870
2535,1725455,1,15,15,1730325,4870
2536,1726135,2,8,8,1731005,4870
2537,1726825,4,8,8,1731695,4870
2546,1728255,10,1,1,1733125,4870
2547,1728965,13,255,0,1733835,4870
2547,1728965,13,255,1,1733835,4870
2547,1728965,13,255,2,1733835,4870
2547,1728965,13,255,3,1733835,4870
2547,1728965,13,255,4,1733835,4870
2547,1728965,13,255,5,1733835,4870
2547,1728965,13,255,6,1733835,4870
2547,1728965,13,255,7,1733835,4870
2547,1728965,13,255,8,1733835,4870
2547,1728965,13,255,9,1733835,4870
2547,1728965,13,255,10,1733835,4870
2547,1728965,13,255,11,1733835,4870
2547,1728965,13,255,12,1733835,4870
2547,1728965,13,255,14,1733835,4870
2547,1728965,13,255,15,1733835,4870
2548,1729645,14,13,13,1734515,4870
2542,1730355,1,2,2,1735225,4870
2543,1731035,2,0,0,1735905,4870
2544,1731725,4,0,0,1736595,4870
2551,1732405,5,14,14,1737275,4870
2552,1733155,10,11,11,1738025,4870
2553,1733865,13,11,11,1738735,4870
2554,1734545,14,13,13,1739415,4870
2560,1739445,14,235,-1,,
2549,1735255,1,2,2,1740125,4870
2550,1735935,2,10,10,1740805,4870
2557,1737305,5,13,13,1741515,4210
2558,1738055,10,1,1,1742265,4210
2559,1738765,13,2,2,1742975,4210
2555,1740155,1,8,8,1744365,4210
2556,1740835,2,255,0,1745045,4210
2556,1740835,2,255,1,1745045,4210
2556,1740835,2,255,3,1745045,4210
2556,1740835,2,255,4,1745045,4210
2556,1740835,2,255,5,1745045,4210
2556,1740835,2,255,6,1745045,4210
2556,1740835,2,255,7,1745045,4210
2556,1740835,2,255,8,1745045,4210
2556,1740835,2,255,9,1745045,4210
2556,1740835,2,255,10,1745045,4210
2556,1740835,2,255,11,1745045,4210
2556,1740835,2,255,12,1745045,4210
2556,1740835,2,255,13,1745045,4210
2556,1740835,2,255,14,1745045,4210
2556,1740835,2,255,15,1745045,4210
2562,1745075,2,194,-1,,
2563,1741545,5,14,14,1745755,4210
2569,1745785,5,169,-1,,
2564,1742295,10,13,13,1746505,4210
2565,1743005,13,14,14,1747215,4210
2566,1743685,14,15,15,1747895,4210
2561,1744395,1,11,11,1748605,4210
2570,1747245,13,9,9,1750805,3560
2575,1750835,13,161,-1,,
2571,1747925,14,12,12,1751485,3560
2567,1748635,1,4,4,1752195,3560
2568,1749315,2,8,8,1752875,3560
2574,1750025,5,1,1,1753585,3560
2578,1753615,5,38,-1,,
2576,1751515,14,5,5,1755075,3560
2572,1752225,1,255,0,1755785,3560
2572,1752225,1,255,2,1755785,3560
2572,1752225,1,255,3,1755785,3560
2572,1752225,1,255,4,1755785,3560
2572,1752225,1,255,5,1755785,3560
2572,1752225,1,255,6,1755785,3560
2572,1752225,1,255,7,1755785,3560
2572,1752225,1,255,8,1755785,3560
2572,1752225,1,255,9,1755785,3560
2572,1752225,1,255,10,1755785,3560
2572,1752225,1,255,11,1755785,3560
2572,1752225,1,255,12,1755785,3560
2572,1752225,1,255,13,1755785,3560
2572,1752225,1,255,14,1755785,3560
2572,1752225,1,255,15,1755785,3560
2573,1752905,2,13,13,1756465,3560
2579,1754425,13,11,11,1757985,3560
2580,1755105,14,11,11,1758665,3560
2577,1756495,2,0,0,1759395,2900
2582,1757205,5,4,4,1760105,2900
2583,1758015,13,6,6,1760915,2900
2584,1758695,14,0,0,1761595,2900
2581,1759425,2,11,11,1762325,2900
2586,1760135,5,4,4,1763035,2900
2587,1760945,13,0,0,1763845,2900
2588,1761625,14,0,0,1764525,2900
2585,1762355,2,8,8,1765255,2900
2590,1763065,5,6,6,1765965,2900
2591,1763875,13,8,8,1766775,2900
2592,1764555,14,7,7,1767455,2900
2596,1767485,14,181,-1,,
2589,1765285,2,0,0,1768185,2900
2594,1765995,5,15,15,1768895,2900
2595,1766805,13,14,14,1769705,2900
2593,1768215,2,9,9,1771115,2900
2598,1768925,5,8,8,1771825,2900
2597,1771145,2,0,0,1772735,1590
2600,1771855,5,2,2,1773445,1590
2599,1772765,2,4,4,1774355,1590
2602,1773475,5,15,15,1775065,1590
2601,1774385,2,8,8,1775975,1590
2604,1775095,5,6,6,1776685,1590
2606,1776715,5,97,-1,,
2603,1776005,2,10,10,1777595,1590
2605,1777625,2,4,4,1779215,1590
2608,1778335,5,3,3,1779925,1590
2607,1779245,2,0,0,1780835,1590
2610,1779955,5,10,10,1781545,1590
2609,1780865,2,0,0,1782455,1590
2612,1781575,5,9,9,1783165,1590
2611,1782485,2,13,13,1784075,1590
2614,1783195,5,6,6,1784785,1590
2613,1784105,2,11,11,1785695,1590
2615,1784815,5,7,7,1786405,1590
