id_transaccion,t_envio,d_origen,d_destino,terminal,t_recibido,retraso
8,235,7,226,-1,,
9,135,8,3,3,395,260
10,225,9,255,0,595,370
10,225,9,255,1,595,370
10,225,9,255,2,595,370
10,225,9,255,3,595,370
10,225,9,255,4,595,370
10,225,9,255,5,595,370
10,225,9,255,6,595,370
10,225,9,255,7,595,370
10,225,9,255,8,595,370
10,225,9,255,10,595,370
10,225,9,255,11,595,370
10,225,9,255,12,595,370
10,225,9,255,13,595,370
10,225,9,255,14,595,370
10,225,9,255,15,595,370
11,205,10,4,4,795,590
12,115,11,255,0,995,880
12,115,11,255,1,995,880
12,115,11,255,2,995,880
12,115,11,255,3,995,880
12,115,11,255,4,995,880
12,115,11,255,5,995,880
12,115,11,255,6,995,880
12,115,11,255,7,995,880
12,115,11,255,8,995,880
12,115,11,255,9,995,880
12,115,11,255,10,995,880
12,115,11,255,12,995,880
12,115,11,255,13,995,880
12,115,11,255,14,995,880
12,115,11,255,15,995,880
28,1025,11,84,-1,,
13,125,12,7,7,1195,1070
14,185,13,0,0,1395,1210
15,165,14,1,1,1595,1430
16,135,15,8,8,1795,1660
32,1825,15,115,-1,,
1,165,0,5,5,1995,1830
17,2025,0,145,-1,,
2,145,1,11,11,2195,2050
3,165,2,15,15,2395,2230
4,245,3,5,5,2595,2350
5,195,4,15,15,2795,2600
6,205,5,7,7,2995,2790
7,205,6,12,12,3195,2990
25,425,8,9,9,3595,3170
26,625,9,15,15,3795,3170
27,825,10,255,0,3995,3170
27,825,10,255,1,3995,3170
27,825,10,255,2,3995,3170
27,825,10,255,3,3995,3170
27,825,10,255,4,3995,3170
27,825,10,255,5,3995,3170
27,825,10,255,6,3995,3170
27,825,10,255,7,3995,3170
27,825,10,255,8,3995,3170
27,825,10,255,9,3995,3170
27,825,10,255,11,3995,3170
27,825,10,255,12,3995,3170
27,825,10,255,13,3995,3170
27,825,10,255,14,3995,3170
27,825,10,255,15,3995,3170
29,1225,12,2,2,4395,3170
30,1425,13,255,0,4595,3170
30,1425,13,255,1,4595,3170
30,1425,13,255,2,4595,3170
30,1425,13,255,3,4595,3170
30,1425,13,255,4,4595,3170
30,1425,13,255,5,4595,3170
30,1425,13,255,6,4595,3170
30,1425,13,255,7,4595,3170
30,1425,13,255,8,4595,3170
30,1425,13,255,9,4595,3170
30,1425,13,255,10,4595,3170
30,1425,13,255,11,4595,3170
30,1425,13,255,12,4595,3170
30,1425,13,255,14,4595,3170
30,1425,13,255,15,4595,3170
31,1625,14,10,10,4795,3170
18,2225,1,11,11,5395,3170
19,2425,2,5,5,5595,3170
20,2625,3,14,14,5795,3170
21,2825,4,11,11,5995,3170
22,3025,5,9,9,6195,3170
23,3225,6,255,0,6395,3170
23,3225,6,255,1,6395,3170
23,3225,6,255,2,6395,3170
23,3225,6,255,3,6395,3170
23,3225,6,255,4,6395,3170
23,3225,6,255,5,6395,3170
23,3225,6,255,7,6395,3170
23,3225,6,255,8,6395,3170
23,3225,6,255,9,6395,3170
23,3225,6,255,10,6395,3170
23,3225,6,255,11,6395,3170
23,3225,6,255,12,6395,3170
23,3225,6,255,13,6395,3170
23,3225,6,255,14,6395,3170
23,3225,6,255,15,6395,3170
24,3425,7,11,11,6595,3170
41,3625,8,11,11,6795,3170
42,3825,9,255,0,6995,3170
42,3825,9,255,1,6995,3170
42,3825,9,255,2,6995,3170
42,3825,9,255,3,6995,3170
42,3825,9,255,4,6995,3170
42,3825,9,255,5,6995,3170
42,3825,9,255,6,6995,3170
42,3825,9,255,7,6995,3170
42,3825,9,255,8,6995,3170
42,3825,9,255,10,6995,3170
42,3825,9,255,11,6995,3170
42,3825,9,255,12,6995,3170
42,3825,9,255,13,6995,3170
42,3825,9,255,14,6995,3170
42,3825,9,255,15,6995,3170
43,4025,10,15,15,7195,3170
44,4225,11,255,0,7395,3170
44,4225,11,255,1,7395,3170
44,4225,11,255,2,7395,3170
44,4225,11,255,3,7395,3170
44,4225,11,255,4,7395,3170
44,4225,11,255,5,7395,3170
44,4225,11,255,6,7395,3170
44,4225,11,255,7,7395,3170
44,4225,11,255,8,7395,3170
44,4225,11,255,9,7395,3170
44,4225,11,255,10,7395,3170
44,4225,11,255,12,7395,3170
44,4225,11,255,13,7395,3170
44,4225,11,255,14,7395,3170
44,4225,11,255,15,7395,3170
45,4425,12,3,3,7595,3170
46,4625,13,2,2,7795,3170
47,4825,14,9,9,7995,3170
48,5025,15,2,2,8195,3170
33,5225,0,15,15,8395,3170
34,5425,1,255,0,8595,3170
34,5425,1,255,2,8595,3170
34,5425,1,255,3,8595,3170
34,5425,1,255,4,8595,3170
34,5425,1,255,5,8595,3170
34,5425,1,255,6,8595,3170
34,5425,1,255,7,8595,3170
34,5425,1,255,8,8595,3170
34,5425,1,255,9,8595,3170
34,5425,1,255,10,8595,3170
34,5425,1,255,11,8595,3170
34,5425,1,255,12,8595,3170
34,5425,1,255,13,8595,3170
34,5425,1,255,14,8595,3170
34,5425,1,255,15,8595,3170
35,5625,2,255,0,8795,3170
35,5625,2,255,1,8795,3170
35,5625,2,255,3,8795,3170
35,5625,2,255,4,8795,3170
35,5625,2,255,5,8795,3170
35,5625,2,255,6,8795,3170
35,5625,2,255,7,8795,3170
35,5625,2,255,8,8795,3170
35,5625,2,255,9,8795,3170
35,5625,2,255,10,8795,3170
35,5625,2,255,11,8795,3170
35,5625,2,255,12,8795,3170
35,5625,2,255,13,8795,3170
35,5625,2,255,14,8795,3170
35,5625,2,255,15,8795,3170
36,5825,3,255,0,8995,3170
36,5825,3,255,1,8995,3170
36,5825,3,255,2,8995,3170
36,5825,3,255,4,8995,3170
36,5825,3,255,5,8995,3170
36,5825,3,255,6,8995,3170
36,5825,3,255,7,8995,3170
36,5825,3,255,8,8995,3170
36,5825,3,255,9,8995,3170
36,5825,3,255,10,8995,3170
36,5825,3,255,11,8995,3170
36,5825,3,255,12,8995,3170
36,5825,3,255,13,8995,3170
36,5825,3,255,14,8995,3170
36,5825,3,255,15,8995,3170
37,6025,4,15,15,9195,3170
38,6225,5,8,8,9395,3170
39,6425,6,8,8,9595,3170
40,6625,7,9,9,9795,3170
57,6825,8,15,15,9995,3170
58,7025,9,15,15,10195,3170
59,7225,10,4,4,10395,3170
60,7425,11,13,13,10595,3170
61,7625,12,10,10,10795,3170
62,7825,13,8,8,10995,3170
63,8025,14,12,12,11195,3170
64,8225,15,10,10,11395,3170
49,8425,0,255,1,11595,3170
49,8425,0,255,2,11595,3170
49,8425,0,255,3,11595,3170
49,8425,0,255,4,11595,3170
49,8425,0,255,5,11595,3170
49,8425,0,255,6,11595,3170
49,8425,0,255,7,11595,3170
49,8425,0,255,8,11595,3170
49,8425,0,255,9,11595,3170
49,8425,0,255,10,11595,3170
49,8425,0,255,11,11595,3170
49,8425,0,255,12,11595,3170
49,8425,0,255,13,11595,3170
49,8425,0,255,14,11595,3170
49,8425,0,255,15,11595,3170
50,8625,1,13,13,11795,3170
51,8825,2,7,7,11995,3170
52,9025,3,255,0,12195,3170
52,9025,3,255,1,12195,3170
52,9025,3,255,2,12195,3170
52,9025,3,255,4,12195,3170
52,9025,3,255,5,12195,3170
52,9025,3,255,6,12195,3170
52,9025,3,255,7,12195,3170
52,9025,3,255,8,12195,3170
52,9025,3,255,9,12195,3170
52,9025,3,255,10,12195,3170
52,9025,3,255,11,12195,3170
52,9025,3,255,12,12195,3170
52,9025,3,255,13,12195,3170
52,9025,3,255,14,12195,3170
52,9025,3,255,15,12195,3170
53,9225,4,7,7,12395,3170
54,9425,5,0,0,12595,3170
55,9625,6,12,12,12795,3170
56,9825,7,11,11,12995,3170
73,10025,8,15,15,13195,3170
74,10225,9,14,14,13395,3170
75,10425,10,4,4,13595,3170
76,10625,11,2,2,13795,3170
77,10825,12,2,2,13995,3170
78,11025,13,6,6,14195,3170
79,11225,14,3,3,14395,3170
80,11425,15,6,6,14595,3170
65,11625,0,7,7,14795,3170
66,11825,1,6,6,14995,3170
82,15025,1,21,-1,,
67,12025,2,14,14,15195,3170
68,12225,3,11,11,15395,3170
69,12425,4,6,6,15595,3170
70,12625,5,1,1,15795,3170
86,15825,5,22,-1,,
71,12825,6,7,7,15995,3170
72,13025,7,5,5,16195,3170
89,13225,8,12,12,16395,3170
105,16425,8,200,-1,,
90,13425,9,11,11,16595,3170
91,13625,10,6,6,16795,3170
107,16825,10,27,-1,,
92,13825,11,255,0,16995,3170
92,13825,11,255,1,16995,3170
92,13825,11,255,2,16995,3170
92,13825,11,255,3,16995,3170
92,13825,11,255,4,16995,3170
92,13825,11,255,5,16995,3170
92,13825,11,255,6,16995,3170
92,13825,11,255,7,16995,3170
92,13825,11,255,8,16995,3170
92,13825,11,255,9,16995,3170
92,13825,11,255,10,16995,3170
92,13825,11,255,12,16995,3170
92,13825,11,255,13,16995,3170
92,13825,11,255,14,16995,3170
92,13825,11,255,15,16995,3170
93,14025,12,2,2,17195,3170
109,17225,12,112,-1,,
94,14225,13,11,11,17395,3170
95,14425,14,6,6,17595,3170
96,14625,15,11,11,17795,3170
112,17825,15,190,-1,,
81,14825,0,12,12,17995,3170
83,15225,2,14,14,18395,3170
84,15425,3,15,15,18595,3170
85,15625,4,255,0,18795,3170
85,15625,4,255,1,18795,3170
85,15625,4,255,2,18795,3170
85,15625,4,255,3,18795,3170
85,15625,4,255,5,18795,3170
85,15625,4,255,6,18795,3170
85,15625,4,255,7,18795,3170
85,15625,4,255,8,18795,3170
85,15625,4,255,9,18795,3170
85,15625,4,255,10,18795,3170
85,15625,4,255,11,18795,3170
85,15625,4,255,12,18795,3170
85,15625,4,255,13,18795,3170
85,15625,4,255,14,18795,3170
85,15625,4,255,15,18795,3170
87,16025,6,255,0,19195,3170
87,16025,6,255,1,19195,3170
87,16025,6,255,2,19195,3170
87,16025,6,255,3,19195,3170
87,16025,6,255,4,19195,3170
87,16025,6,255,5,19195,3170
87,16025,6,255,7,19195,3170
87,16025,6,255,8,19195,3170
87,16025,6,255,9,19195,3170
87,16025,6,255,10,19195,3170
87,16025,6,255,11,19195,3170
87,16025,6,255,12,19195,3170
87,16025,6,255,13,19195,3170
87,16025,6,255,14,19195,3170
87,16025,6,255,15,19195,3170
88,16225,7,6,6,19395,3170
106,16625,9,7,7,19795,3170
122,19825,9,164,-1,,
108,17025,11,13,13,20195,3170
110,17425,13,4,4,20595,3170
111,17625,14,8,8,20795,3170
97,18025,0,13,13,21195,3170
98,18225,1,13,13,21395,3170
114,21425,1,120,-1,,
99,18425,2,3,3,21595,3170
115,21625,2,203,-1,,
100,18625,3,14,14,21795,3170
101,18825,4,0,0,21995,3170
102,19025,5,9,9,22195,3170
103,19225,6,0,0,22395,3170
104,19425,7,13,13,22595,3170
121,19625,8,7,7,22795,3170
123,20025,10,12,12,23195,3170
124,20225,11,1,1,23395,3170
125,20425,12,14,14,23595,3170
126,20625,13,12,12,23795,3170
142,23825,13,132,-1,,
127,20825,14,15,15,23995,3170
128,21025,15,10,10,24195,3170
113,21225,0,12,12,24395,3170
116,21825,3,8,8,24995,3170
117,22025,4,9,9,25195,3170
118,22225,5,15,15,25395,3170
119,22425,6,255,0,25595,3170
119,22425,6,255,1,25595,3170
119,22425,6,255,2,25595,3170
119,22425,6,255,3,25595,3170
119,22425,6,255,4,25595,3170
119,22425,6,255,5,25595,3170
119,22425,6,255,7,25595,3170
119,22425,6,255,8,25595,3170
119,22425,6,255,9,25595,3170
119,22425,6,255,10,25595,3170
119,22425,6,255,11,25595,3170
119,22425,6,255,12,25595,3170
119,22425,6,255,13,25595,3170
119,22425,6,255,14,25595,3170
119,22425,6,255,15,25595,3170
120,22625,7,13,13,25795,3170
137,22825,8,11,11,25995,3170
138,23025,9,7,7,26195,3170
154,26225,9,181,-1,,
139,23225,10,255,0,26395,3170
139,23225,10,255,1,26395,3170
139,23225,10,255,2,26395,3170
139,23225,10,255,3,26395,3170
139,23225,10,255,4,26395,3170
139,23225,10,255,5,26395,3170
139,23225,10,255,6,26395,3170
139,23225,10,255,7,26395,3170
139,23225,10,255,8,26395,3170
139,23225,10,255,9,26395,3170
139,23225,10,255,11,26395,3170
139,23225,10,255,12,26395,3170
139,23225,10,255,13,26395,3170
139,23225,10,255,14,26395,3170
139,23225,10,255,15,26395,3170
140,23425,11,6,6,26595,3170
141,23625,12,6,6,26795,3170
158,27025,13,175,-1,,
143,24025,14,3,3,27195,3170
144,24225,15,2,2,27395,3170
129,24425,0,255,1,27595,3170
129,24425,0,255,2,27595,3170
129,24425,0,255,3,27595,3170
129,24425,0,255,4,27595,3170
129,24425,0,255,5,27595,3170
129,24425,0,255,6,27595,3170
129,24425,0,255,7,27595,3170
129,24425,0,255,8,27595,3170
129,24425,0,255,9,27595,3170
129,24425,0,255,10,27595,3170
129,24425,0,255,11,27595,3170
129,24425,0,255,12,27595,3170
129,24425,0,255,13,27595,3170
129,24425,0,255,14,27595,3170
129,24425,0,255,15,27595,3170
130,24625,1,0,0,27795,3170
131,24825,2,9,9,27995,3170
147,28025,2,179,-1,,
132,25025,3,255,0,28195,3170
132,25025,3,255,1,28195,3170
132,25025,3,255,2,28195,3170
132,25025,3,255,4,28195,3170
132,25025,3,255,5,28195,3170
132,25025,3,255,6,28195,3170
132,25025,3,255,7,28195,3170
132,25025,3,255,8,28195,3170
132,25025,3,255,9,28195,3170
132,25025,3,255,10,28195,3170
132,25025,3,255,11,28195,3170
132,25025,3,255,12,28195,3170
132,25025,3,255,13,28195,3170
132,25025,3,255,14,28195,3170
132,25025,3,255,15,28195,3170
133,25225,4,10,10,28395,3170
134,25425,5,14,14,28595,3170
135,25625,6,2,2,28795,3170
136,25825,7,11,11,28995,3170
153,26025,8,11,11,29195,3170
155,26425,10,255,0,29595,3170
155,26425,10,255,1,29595,3170
155,26425,10,255,2,29595,3170
155,26425,10,255,3,29595,3170
155,26425,10,255,4,29595,3170
155,26425,10,255,5,29595,3170
155,26425,10,255,6,29595,3170
155,26425,10,255,7,29595,3170
155,26425,10,255,8,29595,3170
155,26425,10,255,9,29595,3170
155,26425,10,255,11,29595,3170
155,26425,10,255,12,29595,3170
155,26425,10,255,13,29595,3170
155,26425,10,255,14,29595,3170
155,26425,10,255,15,29595,3170
156,26625,11,6,6,29795,3170
172,29825,11,21,-1,,
157,26825,12,14,14,29995,3170
159,27225,14,255,0,30395,3170
159,27225,14,255,1,30395,3170
159,27225,14,255,2,30395,3170
159,27225,14,255,3,30395,3170
159,27225,14,255,4,30395,3170
159,27225,14,255,5,30395,3170
159,27225,14,255,6,30395,3170
159,27225,14,255,7,30395,3170
159,27225,14,255,8,30395,3170
159,27225,14,255,9,30395,3170
159,27225,14,255,10,30395,3170
159,27225,14,255,11,30395,3170
159,27225,14,255,12,30395,3170
159,27225,14,255,13,30395,3170
159,27225,14,255,15,30395,3170
160,27425,15,255,0,30595,3170
160,27425,15,255,1,30595,3170
160,27425,15,255,2,30595,3170
160,27425,15,255,3,30595,3170
160,27425,15,255,4,30595,3170
160,27425,15,255,5,30595,3170
160,27425,15,255,6,30595,3170
160,27425,15,255,7,30595,3170
160,27425,15,255,8,30595,3170
160,27425,15,255,9,30595,3170
160,27425,15,255,10,30595,3170
160,27425,15,255,11,30595,3170
160,27425,15,255,12,30595,3170
160,27425,15,255,13,30595,3170
160,27425,15,255,14,30595,3170
145,27625,0,1,1,30795,3170
146,27825,1,255,0,30995,3170
146,27825,1,255,2,30995,3170
146,27825,1,255,3,30995,3170
146,27825,1,255,4,30995,3170
146,27825,1,255,5,30995,3170
146,27825,1,255,6,30995,3170
146,27825,1,255,7,30995,3170
146,27825,1,255,8,30995,3170
146,27825,1,255,9,30995,3170
146,27825,1,255,10,30995,3170
146,27825,1,255,11,30995,3170
146,27825,1,255,12,30995,3170
146,27825,1,255,13,30995,3170
146,27825,1,255,14,30995,3170
146,27825,1,255,15,30995,3170
148,28225,3,255,0,31395,3170
148,28225,3,255,1,31395,3170
148,28225,3,255,2,31395,3170
148,28225,3,255,4,31395,3170
148,28225,3,255,5,31395,3170
148,28225,3,255,6,31395,3170
148,28225,3,255,7,31395,3170
148,28225,3,255,8,31395,3170
148,28225,3,255,9,31395,3170
148,28225,3,255,10,31395,3170
148,28225,3,255,11,31395,3170
148,28225,3,255,12,31395,3170
148,28225,3,255,13,31395,3170
148,28225,3,255,14,31395,3170
148,28225,3,255,15,31395,3170
149,28425,4,11,11,31595,3170
150,28625,5,255,0,31795,3170
150,28625,5,255,1,31795,3170
150,28625,5,255,2,31795,3170
150,28625,5,255,3,31795,3170
150,28625,5,255,4,31795,3170
150,28625,5,255,6,31795,3170
150,28625,5,255,7,31795,3170
150,28625,5,255,8,31795,3170
150,28625,5,255,9,31795,3170
150,28625,5,255,10,31795,3170
150,28625,5,255,11,31795,3170
150,28625,5,255,12,31795,3170
150,28625,5,255,13,31795,3170
150,28625,5,255,14,31795,3170
150,28625,5,255,15,31795,3170
151,28825,6,14,14,31995,3170
152,29025,7,4,4,32195,3170
169,29225,8,14,14,32395,3170
170,29425,9,8,8,32595,3170
171,29625,10,255,0,32795,3170
171,29625,10,255,1,32795,3170
171,29625,10,255,2,32795,3170
171,29625,10,255,3,32795,3170
171,29625,10,255,4,32795,3170
171,29625,10,255,5,32795,3170
171,29625,10,255,6,32795,3170
171,29625,10,255,7,32795,3170
171,29625,10,255,8,32795,3170
171,29625,10,255,9,32795,3170
171,29625,10,255,11,32795,3170
171,29625,10,255,12,32795,3170
171,29625,10,255,13,32795,3170
171,29625,10,255,14,32795,3170
171,29625,10,255,15,32795,3170
173,30025,12,2,2,33195,3170
174,30225,13,15,15,33395,3170
175,30425,14,255,0,33595,3170
175,30425,14,255,1,33595,3170
175,30425,14,255,2,33595,3170
175,30425,14,255,3,33595,3170
175,30425,14,255,4,33595,3170
175,30425,14,255,5,33595,3170
175,30425,14,255,6,33595,3170
175,30425,14,255,7,33595,3170
175,30425,14,255,8,33595,3170
175,30425,14,255,9,33595,3170
175,30425,14,255,10,33595,3170
175,30425,14,255,11,33595,3170
175,30425,14,255,12,33595,3170
175,30425,14,255,13,33595,3170
175,30425,14,255,15,33595,3170
176,30625,15,3,3,33795,3170
161,30825,0,255,1,33995,3170
161,30825,0,255,2,33995,3170
161,30825,0,255,3,33995,3170
161,30825,0,255,4,33995,3170
161,30825,0,255,5,33995,3170
161,30825,0,255,6,33995,3170
161,30825,0,255,7,33995,3170
161,30825,0,255,8,33995,3170
161,30825,0,255,9,33995,3170
161,30825,0,255,10,33995,3170
161,30825,0,255,11,33995,3170
161,30825,0,255,12,33995,3170
161,30825,0,255,13,33995,3170
161,30825,0,255,14,33995,3170
161,30825,0,255,15,33995,3170
162,31025,1,7,7,34195,3170
163,31225,2,10,10,34395,3170
164,31425,3,255,0,34595,3170
164,31425,3,255,1,34595,3170
164,31425,3,255,2,34595,3170
164,31425,3,255,4,34595,3170
164,31425,3,255,5,34595,3170
164,31425,3,255,6,34595,3170
164,31425,3,255,7,34595,3170
164,31425,3,255,8,34595,3170
164,31425,3,255,9,34595,3170
164,31425,3,255,10,34595,3170
164,31425,3,255,11,34595,3170
164,31425,3,255,12,34595,3170
164,31425,3,255,13,34595,3170
164,31425,3,255,14,34595,3170
164,31425,3,255,15,34595,3170
165,31625,4,12,12,34795,3170
166,31825,5,2,2,34995,3170
167,32025,6,8,8,35195,3170
168,32225,7,3,3,35395,3170
185,32425,8,5,5,35595,3170
186,32625,9,12,12,35795,3170
187,32825,10,7,7,35995,3170
188,33025,11,0,0,36195,3170
189,33225,12,6,6,36395,3170
190,33425,13,4,4,36595,3170
191,33625,14,4,4,36795,3170
192,33825,15,10,10,36995,3170
177,34025,0,5,5,37195,3170
178,34225,1,12,12,37395,3170
194,37425,1,194,-1,,
179,34425,2,7,7,37595,3170
180,34625,3,1,1,37795,3170
181,34825,4,6,6,37995,3170
182,35025,5,14,14,38195,3170
183,35225,6,3,3,38395,3170
184,35425,7,255,0,38595,3170
184,35425,7,255,1,38595,3170
184,35425,7,255,2,38595,3170
184,35425,7,255,3,38595,3170
184,35425,7,255,4,38595,3170
184,35425,7,255,5,38595,3170
184,35425,7,255,6,38595,3170
184,35425,7,255,8,38595,3170
184,35425,7,255,9,38595,3170
184,35425,7,255,10,38595,3170
184,35425,7,255,11,38595,3170
184,35425,7,255,12,38595,3170
184,35425,7,255,13,38595,3170
184,35425,7,255,14,38595,3170
184,35425,7,255,15,38595,3170
201,35625,8,15,15,38795,3170
202,35825,9,12,12,38995,3170
203,36025,10,5,5,39195,3170
204,36225,11,1,1,39395,3170
205,36425,12,9,9,39595,3170
206,36625,13,3,3,39795,3170
207,36825,14,8,8,39995,3170
208,37025,15,1,1,40195,3170
193,37225,0,14,14,40395,3170
209,40425,0,67,-1,,
195,37625,2,12,12,40795,3170
196,37825,3,255,0,40995,3170
196,37825,3,255,1,40995,3170
196,37825,3,255,2,40995,3170
196,37825,3,255,4,40995,3170
196,37825,3,255,5,40995,3170
196,37825,3,255,6,40995,3170
196,37825,3,255,7,40995,3170
196,37825,3,255,8,40995,3170
196,37825,3,255,9,40995,3170
196,37825,3,255,10,40995,3170
196,37825,3,255,11,40995,3170
196,37825,3,255,12,40995,3170
196,37825,3,255,13,40995,3170
196,37825,3,255,14,40995,3170
196,37825,3,255,15,40995,3170
197,38025,4,2,2,41195,3170
213,41225,4,201,-1,,
198,38225,5,13,13,41395,3170
199,38425,6,4,4,41595,3170
200,38625,7,3,3,41795,3170
217,38825,8,0,0,41995,3170
218,39025,9,15,15,42195,3170
219,39225,10,8,8,42395,3170
220,39425,11,1,1,42595,3170
221,39625,12,255,0,42795,3170
221,39625,12,255,1,42795,3170
221,39625,12,255,2,42795,3170
221,39625,12,255,3,42795,3170
221,39625,12,255,4,42795,3170
221,39625,12,255,5,42795,3170
221,39625,12,255,6,42795,3170
221,39625,12,255,7,42795,3170
221,39625,12,255,8,42795,3170
221,39625,12,255,9,42795,3170
221,39625,12,255,10,42795,3170
221,39625,12,255,11,42795,3170
221,39625,12,255,13,42795,3170
221,39625,12,255,14,42795,3170
221,39625,12,255,15,42795,3170
222,39825,13,8,8,42995,3170
223,40025,14,5,5,43195,3170
224,40225,15,12,12,43395,3170
210,40625,1,13,13,43795,3170
211,40825,2,10,10,43995,3170
212,41025,3,15,15,44195,3170
214,41425,5,13,13,44595,3170
215,41625,6,255,0,44795,3170
215,41625,6,255,1,44795,3170
215,41625,6,255,2,44795,3170
215,41625,6,255,3,44795,3170
215,41625,6,255,4,44795,3170
215,41625,6,255,5,44795,3170
215,41625,6,255,7,44795,3170
215,41625,6,255,8,44795,3170
215,41625,6,255,9,44795,3170
215,41625,6,255,10,44795,3170
215,41625,6,255,11,44795,3170
215,41625,6,255,12,44795,3170
215,41625,6,255,13,44795,3170
215,41625,6,255,14,44795,3170
215,41625,6,255,15,44795,3170
231,44825,6,149,-1,,
216,41825,7,4,4,44995,3170
233,42025,8,0,0,45195,3170
249,45225,8,233,-1,,
234,42225,9,3,3,45395,3170
235,42425,10,255,0,45595,3170
235,42425,10,255,1,45595,3170
235,42425,10,255,2,45595,3170
235,42425,10,255,3,45595,3170
235,42425,10,255,4,45595,3170
235,42425,10,255,5,45595,3170
235,42425,10,255,6,45595,3170
235,42425,10,255,7,45595,3170
235,42425,10,255,8,45595,3170
235,42425,10,255,9,45595,3170
235,42425,10,255,11,45595,3170
235,42425,10,255,12,45595,3170
235,42425,10,255,13,45595,3170
235,42425,10,255,14,45595,3170
235,42425,10,255,15,45595,3170
236,42625,11,15,15,45795,3170
237,42825,12,10,10,45995,3170
238,43025,13,6,6,46195,3170
239,43225,14,3,3,46395,3170
240,43425,15,8,8,46595,3170
225,43625,0,9,9,46795,3170
226,43825,1,8,8,46995,3170
227,44025,2,7,7,47195,3170
228,44225,3,11,11,47395,3170
229,44425,4,11,11,47595,3170
230,44625,5,1,1,47795,3170
246,47825,5,176,-1,,
232,45025,7,14,14,48195,3170
250,45425,9,7,7,48595,3170
251,45625,10,1,1,48795,3170
252,45825,11,15,15,48995,3170
253,46025,12,4,4,49195,3170
254,46225,13,7,7,49395,3170
255,46425,14,11,11,49595,3170
256,46625,15,1,1,49795,3170
241,46825,0,8,8,49995,3170
242,47025,1,11,11,50195,3170
243,47225,2,7,7,50395,3170
244,47425,3,9,9,50595,3170
245,47625,4,15,15,50795,3170
247,48025,6,13,13,51195,3170
248,48225,7,6,6,51395,3170
265,48425,8,1,1,51595,3170
266,48625,9,0,0,51795,3170
267,48825,10,11,11,51995,3170
268,49025,11,7,7,52195,3170
269,49225,12,15,15,52395,3170
270,49425,13,15,15,52595,3170
271,49625,14,15,15,52795,3170
272,49825,15,2,2,52995,3170
257,50025,0,1,1,53195,3170
258,50225,1,5,5,53395,3170
259,50425,2,9,9,53595,3170
260,50625,3,0,0,53795,3170
276,53825,3,32,-1,,
261,50825,4,1,1,53995,3170
262,51025,5,12,12,54195,3170
263,51225,6,4,4,54395,3170
264,51425,7,10,10,54595,3170
281,51625,8,0,0,54795,3170
297,54825,8,97,-1,,
282,51825,9,7,7,54995,3170
283,52025,10,2,2,55195,3170
284,52225,11,3,3,55395,3170
285,52425,12,7,7,55595,3170
286,52625,13,3,3,55795,3170
287,52825,14,9,9,55995,3170
288,53025,15,7,7,56195,3170
273,53225,0,8,8,56395,3170
274,53425,1,5,5,56595,3170
275,53625,2,5,5,56795,3170
277,54025,4,14,14,57195,3170
278,54225,5,4,4,57395,3170
294,57425,5,145,-1,,
279,54425,6,255,0,57595,3170
279,54425,6,255,1,57595,3170
279,54425,6,255,2,57595,3170
279,54425,6,255,3,57595,3170
279,54425,6,255,4,57595,3170
279,54425,6,255,5,57595,3170
279,54425,6,255,7,57595,3170
279,54425,6,255,8,57595,3170
279,54425,6,255,9,57595,3170
279,54425,6,255,10,57595,3170
279,54425,6,255,11,57595,3170
279,54425,6,255,12,57595,3170
279,54425,6,255,13,57595,3170
279,54425,6,255,14,57595,3170
279,54425,6,255,15,57595,3170
280,54625,7,2,2,57795,3170
296,57825,7,131,-1,,
298,55025,9,1,1,58195,3170
299,55225,10,12,12,58395,3170
300,55425,11,7,7,58595,3170
301,55625,12,6,6,58795,3170
317,58825,12,92,-1,,
302,55825,13,6,6,58995,3170
303,56025,14,0,0,59195,3170
304,56225,15,3,3,59395,3170
289,56425,0,14,14,59595,3170
290,56625,1,14,14,59795,3170
291,56825,2,13,13,59995,3170
292,57025,3,1,1,60195,3170
293,57225,4,3,3,60395,3170
309,60425,4,109,-1,,
295,57625,6,2,2,60795,3170
313,58025,8,10,10,61195,3170
314,58225,9,8,8,61395,3170
315,58425,10,0,0,61595,3170
316,58625,11,2,2,61795,3170
318,59025,13,7,7,62195,3170
319,59225,14,10,10,62395,3170
335,62425,14,186,-1,,
320,59425,15,6,6,62595,3170
305,59625,0,255,1,62795,3170
305,59625,0,255,2,62795,3170
305,59625,0,255,3,62795,3170
305,59625,0,255,4,62795,3170
305,59625,0,255,5,62795,3170
305,59625,0,255,6,62795,3170
305,59625,0,255,7,62795,3170
305,59625,0,255,8,62795,3170
305,59625,0,255,9,62795,3170
305,59625,0,255,10,62795,3170
305,59625,0,255,11,62795,3170
305,59625,0,255,12,62795,3170
305,59625,0,255,13,62795,3170
305,59625,0,255,14,62795,3170
305,59625,0,255,15,62795,3170
306,59825,1,14,14,62995,3170
307,60025,2,7,7,63195,3170
308,60225,3,1,1,63395,3170
310,60625,5,11,11,63795,3170
311,60825,6,13,13,63995,3170
312,61025,7,14,14,64195,3170
329,61225,8,4,4,64395,3170
330,61425,9,15,15,64595,3170
331,61625,10,13,13,64795,3170
332,61825,11,13,13,64995,3170
333,62025,12,0,0,65195,3170
334,62225,13,7,7,65395,3170
336,62625,15,4,4,65795,3170
321,62825,0,255,1,65995,3170
321,62825,0,255,2,65995,3170
321,62825,0,255,3,65995,3170
321,62825,0,255,4,65995,3170
321,62825,0,255,5,65995,3170
321,62825,0,255,6,65995,3170
321,62825,0,255,7,65995,3170
321,62825,0,255,8,65995,3170
321,62825,0,255,9,65995,3170
321,62825,0,255,10,65995,3170
321,62825,0,255,11,65995,3170
321,62825,0,255,12,65995,3170
321,62825,0,255,13,65995,3170
321,62825,0,255,14,65995,3170
321,62825,0,255,15,65995,3170
322,63025,1,10,10,66195,3170
323,63225,2,7,7,66395,3170
324,63425,3,12,12,66595,3170
325,63625,4,5,5,66795,3170
326,63825,5,0,0,66995,3170
327,64025,6,10,10,67195,3170
328,64225,7,6,6,67395,3170
345,64425,8,1,1,67595,3170
346,64625,9,2,2,67795,3170
347,64825,10,1,1,67995,3170
363,68025,10,112,-1,,
348,65025,11,3,3,68195,3170
349,65225,12,14,14,68395,3170
350,65425,13,4,4,68595,3170
351,65625,14,6,6,68795,3170
352,65825,15,12,12,68995,3170
337,66025,0,255,1,69195,3170
337,66025,0,255,2,69195,3170
337,66025,0,255,3,69195,3170
337,66025,0,255,4,69195,3170
337,66025,0,255,5,69195,3170
337,66025,0,255,6,69195,3170
337,66025,0,255,7,69195,3170
337,66025,0,255,8,69195,3170
337,66025,0,255,9,69195,3170
337,66025,0,255,10,69195,3170
337,66025,0,255,11,69195,3170
337,66025,0,255,12,69195,3170
337,66025,0,255,13,69195,3170
337,66025,0,255,14,69195,3170
337,66025,0,255,15,69195,3170
338,66225,1,11,11,69395,3170
354,69425,1,143,-1,,
339,66425,2,5,5,69595,3170
355,69625,2,156,-1,,
340,66625,3,13,13,69795,3170
341,66825,4,11,11,69995,3170
342,67025,5,6,6,70195,3170
343,67225,6,11,11,70395,3170
344,67425,7,1,1,70595,3170
361,67625,8,11,11,70795,3170
377,70825,8,71,-1,,
362,67825,9,7,7,70995,3170
364,68225,11,14,14,71395,3170
365,68425,12,3,3,71595,3170
366,68625,13,8,8,71795,3170
367,68825,14,10,10,71995,3170
368,69025,15,1,1,72195,3170
353,69225,0,14,14,72395,3170
356,69825,3,2,2,72995,3170
357,70025,4,255,0,73195,3170
357,70025,4,255,1,73195,3170
357,70025,4,255,2,73195,3170
357,70025,4,255,3,73195,3170
357,70025,4,255,5,73195,3170
357,70025,4,255,6,73195,3170
357,70025,4,255,7,73195,3170
357,70025,4,255,8,73195,3170
357,70025,4,255,9,73195,3170
357,70025,4,255,10,73195,3170
357,70025,4,255,11,73195,3170
357,70025,4,255,12,73195,3170
357,70025,4,255,13,73195,3170
357,70025,4,255,14,73195,3170
357,70025,4,255,15,73195,3170
358,70225,5,255,0,73395,3170
358,70225,5,255,1,73395,3170
358,70225,5,255,2,73395,3170
358,70225,5,255,3,73395,3170
358,70225,5,255,4,73395,3170
358,70225,5,255,6,73395,3170
358,70225,5,255,7,73395,3170
358,70225,5,255,8,73395,3170
358,70225,5,255,9,73395,3170
358,70225,5,255,10,73395,3170
358,70225,5,255,11,73395,3170
358,70225,5,255,12,73395,3170
358,70225,5,255,13,73395,3170
358,70225,5,255,14,73395,3170
358,70225,5,255,15,73395,3170
359,70425,6,4,4,73595,3170
375,73625,6,106,-1,,
360,70625,7,8,8,73795,3170
378,71025,9,14,14,74195,3170
379,71225,10,5,5,74395,3170
380,71425,11,15,15,74595,3170
381,71625,12,7,7,74795,3170
382,71825,13,7,7,74995,3170
383,72025,14,4,4,75195,3170
384,72225,15,13,13,75395,3170
369,72425,0,12,12,75595,3170
370,72625,1,9,9,75795,3170
371,72825,2,8,8,75995,3170
372,73025,3,255,0,76195,3170
372,73025,3,255,1,76195,3170
372,73025,3,255,2,76195,3170
372,73025,3,255,4,76195,3170
372,73025,3,255,5,76195,3170
372,73025,3,255,6,76195,3170
372,73025,3,255,7,76195,3170
372,73025,3,255,8,76195,3170
372,73025,3,255,9,76195,3170
372,73025,3,255,10,76195,3170
372,73025,3,255,11,76195,3170
372,73025,3,255,12,76195,3170
372,73025,3,255,13,76195,3170
372,73025,3,255,14,76195,3170
372,73025,3,255,15,76195,3170
388,76225,3,71,-1,,
373,73225,4,255,0,76395,3170
373,73225,4,255,1,76395,3170
373,73225,4,255,2,76395,3170
373,73225,4,255,3,76395,3170
373,73225,4,255,5,76395,3170
373,73225,4,255,6,76395,3170
373,73225,4,255,7,76395,3170
373,73225,4,255,8,76395,3170
373,73225,4,255,9,76395,3170
373,73225,4,255,10,76395,3170
373,73225,4,255,11,76395,3170
373,73225,4,255,12,76395,3170
373,73225,4,255,13,76395,3170
373,73225,4,255,14,76395,3170
373,73225,4,255,15,76395,3170
374,73425,5,11,11,76595,3170
376,73825,7,15,15,76995,3170
393,74025,8,10,10,77195,3170
394,74225,9,0,0,77395,3170
395,74425,10,12,12,77595,3170
396,74625,11,7,7,77795,3170
397,74825,12,15,15,77995,3170
398,75025,13,7,7,78195,3170
399,75225,14,6,6,78395,3170
415,78425,14,196,-1,,
400,75425,15,10,10,78595,3170
385,75625,0,5,5,78795,3170
386,75825,1,12,12,78995,3170
387,76025,2,13,13,79195,3170
389,76425,4,6,6,79595,3170
390,76625,5,3,3,79795,3170
391,76825,6,0,0,79995,3170
407,80025,6,74,-1,,
392,77025,7,4,4,80195,3170
409,77225,8,1,1,80395,3170
410,77425,9,4,4,80595,3170
411,77625,10,4,4,80795,3170
412,77825,11,14,14,80995,3170
413,78025,12,11,11,81195,3170
414,78225,13,9,9,81395,3170
416,78625,15,2,2,81795,3170
401,78825,0,2,2,81995,3170
402,79025,1,255,0,82195,3170
402,79025,1,255,2,82195,3170
402,79025,1,255,3,82195,3170
402,79025,1,255,4,82195,3170
402,79025,1,255,5,82195,3170
402,79025,1,255,6,82195,3170
402,79025,1,255,7,82195,3170
402,79025,1,255,8,82195,3170
402,79025,1,255,9,82195,3170
402,79025,1,255,10,82195,3170
402,79025,1,255,11,82195,3170
402,79025,1,255,12,82195,3170
402,79025,1,255,13,82195,3170
402,79025,1,255,14,82195,3170
402,79025,1,255,15,82195,3170
403,79225,2,0,0,82395,3170
404,79425,3,8,8,82595,3170
405,79625,4,6,6,82795,3170
406,79825,5,255,0,82995,3170
406,79825,5,255,1,82995,3170
406,79825,5,255,2,82995,3170
406,79825,5,255,3,82995,3170
406,79825,5,255,4,82995,3170
406,79825,5,255,6,82995,3170
406,79825,5,255,7,82995,3170
406,79825,5,255,8,82995,3170
406,79825,5,255,9,82995,3170
406,79825,5,255,10,82995,3170
406,79825,5,255,11,82995,3170
406,79825,5,255,12,82995,3170
406,79825,5,255,13,82995,3170
406,79825,5,255,14,82995,3170
406,79825,5,255,15,82995,3170
408,80225,7,0,0,83395,3170
425,80425,8,15,15,83595,3170
426,80625,9,1,1,83795,3170
427,80825,10,3,3,83995,3170
428,81025,11,2,2,84195,3170
429,81225,12,255,0,84395,3170
429,81225,12,255,1,84395,3170
429,81225,12,255,2,84395,3170
429,81225,12,255,3,84395,3170
429,81225,12,255,4,84395,3170
429,81225,12,255,5,84395,3170
429,81225,12,255,6,84395,3170
429,81225,12,255,7,84395,3170
429,81225,12,255,8,84395,3170
429,81225,12,255,9,84395,3170
429,81225,12,255,10,84395,3170
429,81225,12,255,11,84395,3170
429,81225,12,255,13,84395,3170
429,81225,12,255,14,84395,3170
429,81225,12,255,15,84395,3170
430,81425,13,3,3,84595,3170
431,81625,14,2,2,84795,3170
447,84825,14,173,-1,,
432,81825,15,0,0,84995,3170
417,82025,0,11,11,85195,3170
433,85225,0,188,-1,,
418,82225,1,14,14,85395,3170
419,82425,2,255,0,85595,3170
419,82425,2,255,1,85595,3170
419,82425,2,255,3,85595,3170
419,82425,2,255,4,85595,3170
419,82425,2,255,5,85595,3170
419,82425,2,255,6,85595,3170
419,82425,2,255,7,85595,3170
419,82425,2,255,8,85595,3170
419,82425,2,255,9,85595,3170
419,82425,2,255,10,85595,3170
419,82425,2,255,11,85595,3170
419,82425,2,255,12,85595,3170
419,82425,2,255,13,85595,3170
419,82425,2,255,14,85595,3170
419,82425,2,255,15,85595,3170
420,82625,3,2,2,85795,3170
421,82825,4,3,3,85995,3170
422,83025,5,255,0,86195,3170
422,83025,5,255,1,86195,3170
422,83025,5,255,2,86195,3170
422,83025,5,255,3,86195,3170
422,83025,5,255,4,86195,3170
422,83025,5,255,6,86195,3170
422,83025,5,255,7,86195,3170
422,83025,5,255,8,86195,3170
422,83025,5,255,9,86195,3170
422,83025,5,255,10,86195,3170
422,83025,5,255,11,86195,3170
422,83025,5,255,12,86195,3170
422,83025,5,255,13,86195,3170
422,83025,5,255,14,86195,3170
422,83025,5,255,15,86195,3170
438,86225,5,139,-1,,
423,83225,6,4,4,86395,3170
424,83425,7,1,1,86595,3170
441,83625,8,255,0,86795,3170
441,83625,8,255,1,86795,3170
441,83625,8,255,2,86795,3170
441,83625,8,255,3,86795,3170
441,83625,8,255,4,86795,3170
441,83625,8,255,5,86795,3170
441,83625,8,255,6,86795,3170
441,83625,8,255,7,86795,3170
441,83625,8,255,9,86795,3170
441,83625,8,255,10,86795,3170
441,83625,8,255,11,86795,3170
441,83625,8,255,12,86795,3170
441,83625,8,255,13,86795,3170
441,83625,8,255,14,86795,3170
441,83625,8,255,15,86795,3170
442,83825,9,7,7,86995,3170
458,87025,9,61,-1,,
443,84025,10,1,1,87195,3170
444,84225,11,4,4,87395,3170
445,84425,12,8,8,87595,3170
446,84625,13,15,15,87795,3170
448,85025,15,5,5,88195,3170
434,85425,1,5,5,88595,3170
435,85625,2,3,3,88795,3170
451,88825,2,209,-1,,
436,85825,3,15,15,88995,3170
437,86025,4,6,6,89195,3170
439,86425,6,14,14,89595,3170
440,86625,7,3,3,89795,3170
457,86825,8,255,0,89995,3170
457,86825,8,255,1,89995,3170
457,86825,8,255,2,89995,3170
457,86825,8,255,3,89995,3170
457,86825,8,255,4,89995,3170
457,86825,8,255,5,89995,3170
457,86825,8,255,6,89995,3170
457,86825,8,255,7,89995,3170
457,86825,8,255,9,89995,3170
457,86825,8,255,10,89995,3170
457,86825,8,255,11,89995,3170
457,86825,8,255,12,89995,3170
457,86825,8,255,13,89995,3170
457,86825,8,255,14,89995,3170
457,86825,8,255,15,89995,3170
459,87225,10,3,3,90395,3170
460,87425,11,0,0,90595,3170
461,87625,12,6,6,90795,3170
462,87825,13,5,5,90995,3170
463,88025,14,1,1,91195,3170
464,88225,15,0,0,91395,3170
449,88425,0,9,9,91595,3170
450,88625,1,9,9,91795,3170
452,89025,3,4,4,92195,3170
453,89225,4,1,1,92395,3170
454,89425,5,255,0,92595,3170
454,89425,5,255,1,92595,3170
454,89425,5,255,2,92595,3170
454,89425,5,255,3,92595,3170
454,89425,5,255,4,92595,3170
454,89425,5,255,6,92595,3170
454,89425,5,255,7,92595,3170
454,89425,5,255,8,92595,3170
454,89425,5,255,9,92595,3170
454,89425,5,255,10,92595,3170
454,89425,5,255,11,92595,3170
454,89425,5,255,12,92595,3170
454,89425,5,255,13,92595,3170
454,89425,5,255,14,92595,3170
454,89425,5,255,15,92595,3170
455,89625,6,13,13,92795,3170
471,92825,6,207,-1,,
456,89825,7,14,14,92995,3170
473,90025,8,0,0,93195,3170
474,90225,9,13,13,93395,3170
475,90425,10,6,6,93595,3170
476,90625,11,12,12,93795,3170
477,90825,12,10,10,93995,3170
478,91025,13,4,4,94195,3170
479,91225,14,12,12,94395,3170
480,91425,15,5,5,94595,3170
465,91625,0,1,1,94795,3170
466,91825,1,14,14,94995,3170
467,92025,2,10,10,95195,3170
483,95225,2,136,-1,,
468,92225,3,255,0,95395,3170
468,92225,3,255,1,95395,3170
468,92225,3,255,2,95395,3170
468,92225,3,255,4,95395,3170
468,92225,3,255,5,95395,3170
468,92225,3,255,6,95395,3170
468,92225,3,255,7,95395,3170
468,92225,3,255,8,95395,3170
468,92225,3,255,9,95395,3170
468,92225,3,255,10,95395,3170
468,92225,3,255,11,95395,3170
468,92225,3,255,12,95395,3170
468,92225,3,255,13,95395,3170
468,92225,3,255,14,95395,3170
468,92225,3,255,15,95395,3170
469,92425,4,15,15,95595,3170
470,92625,5,10,10,95795,3170
472,93025,7,2,2,96195,3170
489,93225,8,5,5,96395,3170
490,93425,9,2,2,96595,3170
491,93625,10,255,0,96795,3170
491,93625,10,255,1,96795,3170
491,93625,10,255,2,96795,3170
491,93625,10,255,3,96795,3170
491,93625,10,255,4,96795,3170
491,93625,10,255,5,96795,3170
491,93625,10,255,6,96795,3170
491,93625,10,255,7,96795,3170
491,93625,10,255,8,96795,3170
491,93625,10,255,9,96795,3170
491,93625,10,255,11,96795,3170
491,93625,10,255,12,96795,3170
491,93625,10,255,13,96795,3170
491,93625,10,255,14,96795,3170
491,93625,10,255,15,96795,3170
492,93825,11,1,1,96995,3170
493,94025,12,11,11,97195,3170
494,94225,13,9,9,97395,3170
495,94425,14,5,5,97595,3170
496,94625,15,14,14,97795,3170
481,94825,0,10,10,97995,3170
482,95025,1,5,5,98195,3170
499,98425,2,118,-1,,
484,95425,3,10,10,98595,3170
485,95625,4,6,6,98795,3170
486,95825,5,4,4,98995,3170
502,99025,5,203,-1,,
487,96025,6,4,4,99195,3170
488,96225,7,5,5,99395,3170
505,96425,8,5,5,99595,3170
506,96625,9,13,13,99795,3170
507,96825,10,11,11,99995,3170
508,97025,11,12,12,100195,3170
509,97225,12,10,10,100395,3170
510,97425,13,14,14,100595,3170
511,97625,14,7,7,100795,3170
512,97825,15,3,3,100995,3170
497,98025,0,9,9,101195,3170
498,98225,1,5,5,101395,3170
500,98625,3,6,6,101795,3170
501,98825,4,14,14,101995,3170
503,99225,6,13,13,102395,3170
504,99425,7,6,6,102595,3170
521,99625,8,255,0,102795,3170
521,99625,8,255,1,102795,3170
521,99625,8,255,2,102795,3170
521,99625,8,255,3,102795,3170
521,99625,8,255,4,102795,3170
521,99625,8,255,5,102795,3170
521,99625,8,255,6,102795,3170
521,99625,8,255,7,102795,3170
521,99625,8,255,9,102795,3170
521,99625,8,255,10,102795,3170
521,99625,8,255,11,102795,3170
521,99625,8,255,12,102795,3170
521,99625,8,255,13,102795,3170
521,99625,8,255,14,102795,3170
521,99625,8,255,15,102795,3170
522,99825,9,4,4,102995,3170
523,100025,10,255,0,103195,3170
523,100025,10,255,1,103195,3170
523,100025,10,255,2,103195,3170
523,100025,10,255,3,103195,3170
523,100025,10,255,4,103195,3170
523,100025,10,255,5,103195,3170
523,100025,10,255,6,103195,3170
523,100025,10,255,7,103195,3170
523,100025,10,255,8,103195,3170
523,100025,10,255,9,103195,3170
523,100025,10,255,11,103195,3170
523,100025,10,255,12,103195,3170
523,100025,10,255,13,103195,3170
523,100025,10,255,14,103195,3170
523,100025,10,255,15,103195,3170
524,100225,11,0,0,103395,3170
525,100425,12,6,6,103595,3170
526,100625,13,8,8,103795,3170
527,100825,14,7,7,103995,3170
528,101025,15,8,8,104195,3170
513,101225,0,14,14,104395,3170
529,104425,0,164,-1,,
514,101425,1,11,11,104595,3170
515,101625,2,1,1,104795,3170
516,101825,3,7,7,104995,3170
517,102025,4,7,7,105195,3170
518,102225,5,9,9,105395,3170
519,102425,6,15,15,105595,3170
520,102625,7,4,4,105795,3170
537,102825,8,13,13,105995,3170
538,103025,9,1,1,106195,3170
539,103225,10,8,8,106395,3170
555,106425,10,83,-1,,
540,103425,11,5,5,106595,3170
541,103625,12,6,6,106795,3170
542,103825,13,255,0,106995,3170
542,103825,13,255,1,106995,3170
542,103825,13,255,2,106995,3170
542,103825,13,255,3,106995,3170
542,103825,13,255,4,106995,3170
542,103825,13,255,5,106995,3170
542,103825,13,255,6,106995,3170
542,103825,13,255,7,106995,3170
542,103825,13,255,8,106995,3170
542,103825,13,255,9,106995,3170
542,103825,13,255,10,106995,3170
542,103825,13,255,11,106995,3170
542,103825,13,255,12,106995,3170
542,103825,13,255,14,106995,3170
542,103825,13,255,15,106995,3170
543,104025,14,255,0,107195,3170
543,104025,14,255,1,107195,3170
543,104025,14,255,2,107195,3170
543,104025,14,255,3,107195,3170
543,104025,14,255,4,107195,3170
543,104025,14,255,5,107195,3170
543,104025,14,255,6,107195,3170
543,104025,14,255,7,107195,3170
543,104025,14,255,8,107195,3170
543,104025,14,255,9,107195,3170
543,104025,14,255,10,107195,3170
543,104025,14,255,11,107195,3170
543,104025,14,255,12,107195,3170
543,104025,14,255,13,107195,3170
543,104025,14,255,15,107195,3170
544,104225,15,7,7,107395,3170
545,107625,0,31,-1,,
530,104625,1,2,2,107795,3170
531,104825,2,8,8,107995,3170
532,105025,3,12,12,108195,3170
533,105225,4,14,14,108395,3170
534,105425,5,6,6,108595,3170
535,105625,6,8,8,108795,3170
536,105825,7,15,15,108995,3170
553,106025,8,0,0,109195,3170
554,106225,9,255,0,109395,3170
554,106225,9,255,1,109395,3170
554,106225,9,255,2,109395,3170
554,106225,9,255,3,109395,3170
554,106225,9,255,4,109395,3170
554,106225,9,255,5,109395,3170
554,106225,9,255,6,109395,3170
554,106225,9,255,7,109395,3170
554,106225,9,255,8,109395,3170
554,106225,9,255,10,109395,3170
554,106225,9,255,11,109395,3170
554,106225,9,255,12,109395,3170
554,106225,9,255,13,109395,3170
554,106225,9,255,14,109395,3170
554,106225,9,255,15,109395,3170
556,106625,11,12,12,109795,3170
557,106825,12,6,6,109995,3170
558,107025,13,14,14,110195,3170
559,107225,14,4,4,110395,3170
575,110425,14,136,-1,,
560,107425,15,3,3,110595,3170
546,107825,1,8,8,110995,3170
547,108025,2,6,6,111195,3170
548,108225,3,7,7,111395,3170
549,108425,4,9,9,111595,3170
550,108625,5,3,3,111795,3170
551,108825,6,1,1,111995,3170
552,109025,7,8,8,112195,3170
569,109225,8,7,7,112395,3170
570,109425,9,14,14,112595,3170
571,109625,10,8,8,112795,3170
572,109825,11,5,5,112995,3170
573,110025,12,7,7,113195,3170
574,110225,13,5,5,113395,3170
576,110625,15,14,14,113795,3170
561,110825,0,255,1,113995,3170
561,110825,0,255,2,113995,3170
561,110825,0,255,3,113995,3170
561,110825,0,255,4,113995,3170
561,110825,0,255,5,113995,3170
561,110825,0,255,6,113995,3170
561,110825,0,255,7,113995,3170
561,110825,0,255,8,113995,3170
561,110825,0,255,9,113995,3170
561,110825,0,255,10,113995,3170
561,110825,0,255,11,113995,3170
561,110825,0,255,12,113995,3170
561,110825,0,255,13,113995,3170
561,110825,0,255,14,113995,3170
561,110825,0,255,15,113995,3170
577,114025,0,233,-1,,
562,111025,1,7,7,114195,3170
563,111225,2,13,13,114395,3170
564,111425,3,7,7,114595,3170
565,111625,4,1,1,114795,3170
566,111825,5,13,13,114995,3170
567,112025,6,11,11,115195,3170
568,112225,7,12,12,115395,3170
585,112425,8,10,10,115595,3170
601,115625,8,188,-1,,
586,112625,9,3,3,115795,3170
587,112825,10,15,15,115995,3170
588,113025,11,12,12,116195,3170
589,113225,12,5,5,116395,3170
590,113425,13,5,5,116595,3170
591,113625,14,7,7,116795,3170
592,113825,15,4,4,116995,3170
578,114225,1,255,0,117395,3170
578,114225,1,255,2,117395,3170
578,114225,1,255,3,117395,3170
578,114225,1,255,4,117395,3170
578,114225,1,255,5,117395,3170
578,114225,1,255,6,117395,3170
578,114225,1,255,7,117395,3170
578,114225,1,255,8,117395,3170
578,114225,1,255,9,117395,3170
578,114225,1,255,10,117395,3170
578,114225,1,255,11,117395,3170
578,114225,1,255,12,117395,3170
578,114225,1,255,13,117395,3170
578,114225,1,255,14,117395,3170
578,114225,1,255,15,117395,3170
579,114425,2,3,3,117595,3170
580,114625,3,8,8,117795,3170
581,114825,4,14,14,117995,3170
582,115025,5,6,6,118195,3170
598,118225,5,141,-1,,
583,115225,6,4,4,118395,3170
584,115425,7,6,6,118595,3170
602,115825,9,10,10,118995,3170
603,116025,10,11,11,119195,3170
604,116225,11,5,5,119395,3170
605,116425,12,13,13,119595,3170
606,116625,13,14,14,119795,3170
607,116825,14,9,9,119995,3170
608,117025,15,9,9,120195,3170
593,117225,0,9,9,120395,3170
594,117425,1,0,0,120595,3170
595,117625,2,15,15,120795,3170
596,117825,3,255,0,120995,3170
596,117825,3,255,1,120995,3170
596,117825,3,255,2,120995,3170
596,117825,3,255,4,120995,3170
596,117825,3,255,5,120995,3170
596,117825,3,255,6,120995,3170
596,117825,3,255,7,120995,3170
596,117825,3,255,8,120995,3170
596,117825,3,255,9,120995,3170
596,117825,3,255,10,120995,3170
596,117825,3,255,11,120995,3170
596,117825,3,255,12,120995,3170
596,117825,3,255,13,120995,3170
596,117825,3,255,14,120995,3170
596,117825,3,255,15,120995,3170
597,118025,4,8,8,121195,3170
614,121425,5,203,-1,,
599,118425,6,2,2,121595,3170
600,118625,7,13,13,121795,3170
617,118825,8,255,0,121995,3170
617,118825,8,255,1,121995,3170
617,118825,8,255,2,121995,3170
617,118825,8,255,3,121995,3170
617,118825,8,255,4,121995,3170
617,118825,8,255,5,121995,3170
617,118825,8,255,6,121995,3170
617,118825,8,255,7,121995,3170
617,118825,8,255,9,121995,3170
617,118825,8,255,10,121995,3170
617,118825,8,255,11,121995,3170
617,118825,8,255,12,121995,3170
617,118825,8,255,13,121995,3170
617,118825,8,255,14,121995,3170
617,118825,8,255,15,121995,3170
618,119025,9,11,11,122195,3170
619,119225,10,8,8,122395,3170
620,119425,11,0,0,122595,3170
621,119625,12,0,0,122795,3170
622,119825,13,7,7,122995,3170
623,120025,14,12,12,123195,3170
624,120225,15,3,3,123395,3170
609,120425,0,2,2,123595,3170
610,120625,1,8,8,123795,3170
611,120825,2,255,0,123995,3170
611,120825,2,255,1,123995,3170
611,120825,2,255,3,123995,3170
611,120825,2,255,4,123995,3170
611,120825,2,255,5,123995,3170
611,120825,2,255,6,123995,3170
611,120825,2,255,7,123995,3170
611,120825,2,255,8,123995,3170
611,120825,2,255,9,123995,3170
611,120825,2,255,10,123995,3170
611,120825,2,255,11,123995,3170
611,120825,2,255,12,123995,3170
611,120825,2,255,13,123995,3170
611,120825,2,255,14,123995,3170
611,120825,2,255,15,123995,3170
612,121025,3,14,14,124195,3170
613,121225,4,5,5,124395,3170
615,121625,6,1,1,124795,3170
616,121825,7,3,3,124995,3170
633,122025,8,3,3,125195,3170
634,122225,9,10,10,125395,3170
635,122425,10,2,2,125595,3170
636,122625,11,2,2,125795,3170
637,122825,12,2,2,125995,3170
638,123025,13,15,15,126195,3170
639,123225,14,10,10,126395,3170
640,123425,15,11,11,126595,3170
625,123625,0,6,6,126795,3170
626,123825,1,11,11,126995,3170
627,124025,2,0,0,127195,3170
628,124225,3,255,0,127395,3170
628,124225,3,255,1,127395,3170
628,124225,3,255,2,127395,3170
628,124225,3,255,4,127395,3170
628,124225,3,255,5,127395,3170
628,124225,3,255,6,127395,3170
628,124225,3,255,7,127395,3170
628,124225,3,255,8,127395,3170
628,124225,3,255,9,127395,3170
628,124225,3,255,10,127395,3170
628,124225,3,255,11,127395,3170
628,124225,3,255,12,127395,3170
628,124225,3,255,13,127395,3170
628,124225,3,255,14,127395,3170
628,124225,3,255,15,127395,3170
629,124425,4,11,11,127595,3170
630,124625,5,6,6,127795,3170
631,124825,6,7,7,127995,3170
632,125025,7,11,11,128195,3170
649,125225,8,7,7,128395,3170
650,125425,9,14,14,128595,3170
651,125625,10,13,13,128795,3170
652,125825,11,255,0,128995,3170
652,125825,11,255,1,128995,3170
652,125825,11,255,2,128995,3170
652,125825,11,255,3,128995,3170
652,125825,11,255,4,128995,3170
652,125825,11,255,5,128995,3170
652,125825,11,255,6,128995,3170
652,125825,11,255,7,128995,3170
652,125825,11,255,8,128995,3170
652,125825,11,255,9,128995,3170
652,125825,11,255,10,128995,3170
652,125825,11,255,12,128995,3170
652,125825,11,255,13,128995,3170
652,125825,11,255,14,128995,3170
652,125825,11,255,15,128995,3170
653,126025,12,255,0,129195,3170
653,126025,12,255,1,129195,3170
653,126025,12,255,2,129195,3170
653,126025,12,255,3,129195,3170
653,126025,12,255,4,129195,3170
653,126025,12,255,5,129195,3170
653,126025,12,255,6,129195,3170
653,126025,12,255,7,129195,3170
653,126025,12,255,8,129195,3170
653,126025,12,255,9,129195,3170
653,126025,12,255,10,129195,3170
653,126025,12,255,11,129195,3170
653,126025,12,255,13,129195,3170
653,126025,12,255,14,129195,3170
653,126025,12,255,15,129195,3170
654,126225,13,5,5,129395,3170
655,126425,14,3,3,129595,3170
656,126625,15,0,0,129795,3170
641,126825,0,14,14,129995,3170
642,127025,1,9,9,130195,3170
643,127225,2,10,10,130395,3170
644,127425,3,13,13,130595,3170
645,127625,4,14,14,130795,3170
646,127825,5,7,7,130995,3170
647,128025,6,255,0,131195,3170
647,128025,6,255,1,131195,3170
647,128025,6,255,2,131195,3170
647,128025,6,255,3,131195,3170
647,128025,6,255,4,131195,3170
647,128025,6,255,5,131195,3170
647,128025,6,255,7,131195,3170
647,128025,6,255,8,131195,3170
647,128025,6,255,9,131195,3170
647,128025,6,255,10,131195,3170
647,128025,6,255,11,131195,3170
647,128025,6,255,12,131195,3170
647,128025,6,255,13,131195,3170
647,128025,6,255,14,131195,3170
647,128025,6,255,15,131195,3170
648,128225,7,9,9,131395,3170
665,128425,8,11,11,131595,3170
666,128625,9,5,5,131795,3170
667,128825,10,1,1,131995,3170
668,129025,11,255,0,132195,3170
668,129025,11,255,1,132195,3170
668,129025,11,255,2,132195,3170
668,129025,11,255,3,132195,3170
668,129025,11,255,4,132195,3170
668,129025,11,255,5,132195,3170
668,129025,11,255,6,132195,3170
668,129025,11,255,7,132195,3170
668,129025,11,255,8,132195,3170
668,129025,11,255,9,132195,3170
668,129025,11,255,10,132195,3170
668,129025,11,255,12,132195,3170
668,129025,11,255,13,132195,3170
668,129025,11,255,14,132195,3170
668,129025,11,255,15,132195,3170
684,132225,11,202,-1,,
669,129225,12,11,11,132395,3170
670,129425,13,15,15,132595,3170
671,129625,14,13,13,132795,3170
687,132825,14,253,-1,,
672,129825,15,6,6,132995,3170
657,130025,0,12,12,133195,3170
658,130225,1,11,11,133395,3170
659,130425,2,3,3,133595,3170
660,130625,3,6,6,133795,3170
661,130825,4,255,0,133995,3170
661,130825,4,255,1,133995,3170
661,130825,4,255,2,133995,3170
661,130825,4,255,3,133995,3170
661,130825,4,255,5,133995,3170
661,130825,4,255,6,133995,3170
661,130825,4,255,7,133995,3170
661,130825,4,255,8,133995,3170
661,130825,4,255,9,133995,3170
661,130825,4,255,10,133995,3170
661,130825,4,255,11,133995,3170
661,130825,4,255,12,133995,3170
661,130825,4,255,13,133995,3170
661,130825,4,255,14,133995,3170
661,130825,4,255,15,133995,3170
662,131025,5,255,0,134195,3170
662,131025,5,255,1,134195,3170
662,131025,5,255,2,134195,3170
662,131025,5,255,3,134195,3170
662,131025,5,255,4,134195,3170
662,131025,5,255,6,134195,3170
662,131025,5,255,7,134195,3170
662,131025,5,255,8,134195,3170
662,131025,5,255,9,134195,3170
662,131025,5,255,10,134195,3170
662,131025,5,255,11,134195,3170
662,131025,5,255,12,134195,3170
662,131025,5,255,13,134195,3170
662,131025,5,255,14,134195,3170
662,131025,5,255,15,134195,3170
663,131225,6,15,15,134395,3170
679,134425,6,69,-1,,
664,131425,7,9,9,134595,3170
681,131625,8,11,11,134795,3170
682,131825,9,8,8,134995,3170
683,132025,10,0,0,135195,3170
685,132425,12,4,4,135595,3170
701,135625,12,172,-1,,
686,132625,13,255,0,135795,3170
686,132625,13,255,1,135795,3170
686,132625,13,255,2,135795,3170
686,132625,13,255,3,135795,3170
686,132625,13,255,4,135795,3170
686,132625,13,255,5,135795,3170
686,132625,13,255,6,135795,3170
686,132625,13,255,7,135795,3170
686,132625,13,255,8,135795,3170
686,132625,13,255,9,135795,3170
686,132625,13,255,10,135795,3170
686,132625,13,255,11,135795,3170
686,132625,13,255,12,135795,3170
686,132625,13,255,14,135795,3170
686,132625,13,255,15,135795,3170
688,133025,15,5,5,136195,3170
673,133225,0,10,10,136395,3170
674,133425,1,7,7,136595,3170
675,133625,2,10,10,136795,3170
676,133825,3,255,0,136995,3170
676,133825,3,255,1,136995,3170
676,133825,3,255,2,136995,3170
676,133825,3,255,4,136995,3170
676,133825,3,255,5,136995,3170
676,133825,3,255,6,136995,3170
676,133825,3,255,7,136995,3170
676,133825,3,255,8,136995,3170
676,133825,3,255,9,136995,3170
676,133825,3,255,10,136995,3170
676,133825,3,255,11,136995,3170
676,133825,3,255,12,136995,3170
676,133825,3,255,13,136995,3170
676,133825,3,255,14,136995,3170
676,133825,3,255,15,136995,3170
677,134025,4,255,0,137195,3170
677,134025,4,255,1,137195,3170
677,134025,4,255,2,137195,3170
677,134025,4,255,3,137195,3170
677,134025,4,255,5,137195,3170
677,134025,4,255,6,137195,3170
677,134025,4,255,7,137195,3170
677,134025,4,255,8,137195,3170
677,134025,4,255,9,137195,3170
677,134025,4,255,10,137195,3170
677,134025,4,255,11,137195,3170
677,134025,4,255,12,137195,3170
677,134025,4,255,13,137195,3170
677,134025,4,255,14,137195,3170
677,134025,4,255,15,137195,3170
678,134225,5,8,8,137395,3170
680,134625,7,4,4,137795,3170
697,134825,8,13,13,137995,3170
698,135025,9,4,4,138195,3170
699,135225,10,12,12,138395,3170
700,135425,11,10,10,138595,3170
702,135825,13,10,10,138995,3170
703,136025,14,5,5,139195,3170
704,136225,15,2,2,139395,3170
689,136425,0,12,12,139595,3170
690,136625,1,5,5,139795,3170
706,139825,1,129,-1,,
691,136825,2,12,12,139995,3170
692,137025,3,9,9,140195,3170
693,137225,4,1,1,140395,3170
694,137425,5,255,0,140595,3170
694,137425,5,255,1,140595,3170
694,137425,5,255,2,140595,3170
694,137425,5,255,3,140595,3170
694,137425,5,255,4,140595,3170
694,137425,5,255,6,140595,3170
694,137425,5,255,7,140595,3170
694,137425,5,255,8,140595,3170
694,137425,5,255,9,140595,3170
694,137425,5,255,10,140595,3170
694,137425,5,255,11,140595,3170
694,137425,5,255,12,140595,3170
694,137425,5,255,13,140595,3170
694,137425,5,255,14,140595,3170
694,137425,5,255,15,140595,3170
695,137625,6,1,1,140795,3170
711,140825,6,164,-1,,
696,137825,7,5,5,140995,3170
712,141025,7,166,-1,,
713,138025,8,9,9,141195,3170
714,138225,9,6,6,141395,3170
715,138425,10,12,12,141595,3170
716,138625,11,12,12,141795,3170
717,138825,12,2,2,141995,3170
718,139025,13,10,10,142195,3170
719,139225,14,3,3,142395,3170
720,139425,15,11,11,142595,3170
705,139625,0,9,9,142795,3170
707,140025,2,11,11,143195,3170
708,140225,3,9,9,143395,3170
709,140425,4,3,3,143595,3170
710,140625,5,255,0,143795,3170
710,140625,5,255,1,143795,3170
710,140625,5,255,2,143795,3170
710,140625,5,255,3,143795,3170
710,140625,5,255,4,143795,3170
710,140625,5,255,6,143795,3170
710,140625,5,255,7,143795,3170
710,140625,5,255,8,143795,3170
710,140625,5,255,9,143795,3170
710,140625,5,255,10,143795,3170
710,140625,5,255,11,143795,3170
710,140625,5,255,12,143795,3170
710,140625,5,255,13,143795,3170
710,140625,5,255,14,143795,3170
710,140625,5,255,15,143795,3170
726,143825,5,91,-1,,
728,144225,7,128,-1,,
729,141225,8,5,5,144395,3170
730,141425,9,14,14,144595,3170
731,141625,10,8,8,144795,3170
732,141825,11,5,5,144995,3170
733,142025,12,6,6,145195,3170
749,145225,12,69,-1,,
734,142225,13,6,6,145395,3170
750,145425,13,113,-1,,
735,142425,14,9,9,145595,3170
736,142625,15,8,8,145795,3170
721,142825,0,7,7,145995,3170
722,143025,1,8,8,146195,3170
723,143225,2,10,10,146395,3170
724,143425,3,13,13,146595,3170
725,143625,4,8,8,146795,3170
727,144025,6,11,11,147195,3170
745,144425,8,255,0,147595,3170
745,144425,8,255,1,147595,3170
745,144425,8,255,2,147595,3170
745,144425,8,255,3,147595,3170
745,144425,8,255,4,147595,3170
745,144425,8,255,5,147595,3170
745,144425,8,255,6,147595,3170
745,144425,8,255,7,147595,3170
745,144425,8,255,9,147595,3170
745,144425,8,255,10,147595,3170
745,144425,8,255,11,147595,3170
745,144425,8,255,12,147595,3170
745,144425,8,255,13,147595,3170
745,144425,8,255,14,147595,3170
745,144425,8,255,15,147595,3170
761,147625,8,185,-1,,
746,144625,9,12,12,147795,3170
747,144825,10,9,9,147995,3170
748,145025,11,1,1,148195,3170
751,145625,14,8,8,148795,3170
752,145825,15,2,2,148995,3170
737,146025,0,8,8,149195,3170
738,146225,1,3,3,149395,3170
739,146425,2,6,6,149595,3170
740,146625,3,2,2,149795,3170
741,146825,4,255,0,149995,3170
741,146825,4,255,1,149995,3170
741,146825,4,255,2,149995,3170
741,146825,4,255,3,149995,3170
741,146825,4,255,5,149995,3170
741,146825,4,255,6,149995,3170
741,146825,4,255,7,149995,3170
741,146825,4,255,8,149995,3170
741,146825,4,255,9,149995,3170
741,146825,4,255,10,149995,3170
741,146825,4,255,11,149995,3170
741,146825,4,255,12,149995,3170
741,146825,4,255,13,149995,3170
741,146825,4,255,14,149995,3170
741,146825,4,255,15,149995,3170
742,147025,5,8,8,150195,3170
743,147225,6,0,0,150395,3170
744,147425,7,3,3,150595,3170
762,147825,9,255,0,150995,3170
762,147825,9,255,1,150995,3170
762,147825,9,255,2,150995,3170
762,147825,9,255,3,150995,3170
762,147825,9,255,4,150995,3170
762,147825,9,255,5,150995,3170
762,147825,9,255,6,150995,3170
762,147825,9,255,7,150995,3170
762,147825,9,255,8,150995,3170
762,147825,9,255,10,150995,3170
762,147825,9,255,11,150995,3170
762,147825,9,255,12,150995,3170
762,147825,9,255,13,150995,3170
762,147825,9,255,14,150995,3170
762,147825,9,255,15,150995,3170
763,148025,10,3,3,151195,3170
764,148225,11,255,0,151395,3170
764,148225,11,255,1,151395,3170
764,148225,11,255,2,151395,3170
764,148225,11,255,3,151395,3170
764,148225,11,255,4,151395,3170
764,148225,11,255,5,151395,3170
764,148225,11,255,6,151395,3170
764,148225,11,255,7,151395,3170
764,148225,11,255,8,151395,3170
764,148225,11,255,9,151395,3170
764,148225,11,255,10,151395,3170
764,148225,11,255,12,151395,3170
764,148225,11,255,13,151395,3170
764,148225,11,255,14,151395,3170
764,148225,11,255,15,151395,3170
765,148425,12,14,14,151595,3170
766,148625,13,11,11,151795,3170
767,148825,14,15,15,151995,3170
768,149025,15,6,6,152195,3170
753,149225,0,1,1,152395,3170
754,149425,1,6,6,152595,3170
755,149625,2,5,5,152795,3170
756,149825,3,255,0,152995,3170
756,149825,3,255,1,152995,3170
756,149825,3,255,2,152995,3170
756,149825,3,255,4,152995,3170
756,149825,3,255,5,152995,3170
756,149825,3,255,6,152995,3170
756,149825,3,255,7,152995,3170
756,149825,3,255,8,152995,3170
756,149825,3,255,9,152995,3170
756,149825,3,255,10,152995,3170
756,149825,3,255,11,152995,3170
756,149825,3,255,12,152995,3170
756,149825,3,255,13,152995,3170
756,149825,3,255,14,152995,3170
756,149825,3,255,15,152995,3170
757,150025,4,15,15,153195,3170
758,150225,5,8,8,153395,3170
759,150425,6,7,7,153595,3170
760,150625,7,6,6,153795,3170
776,150825,8,255,0,153995,3170
776,150825,8,255,1,153995,3170
776,150825,8,255,2,153995,3170
776,150825,8,255,3,153995,3170
776,150825,8,255,4,153995,3170
776,150825,8,255,5,153995,3170
776,150825,8,255,6,153995,3170
776,150825,8,255,7,153995,3170
776,150825,8,255,9,153995,3170
776,150825,8,255,10,153995,3170
776,150825,8,255,11,153995,3170
776,150825,8,255,12,153995,3170
776,150825,8,255,13,153995,3170
776,150825,8,255,14,153995,3170
776,150825,8,255,15,153995,3170
777,151025,9,3,3,154195,3170
778,151225,10,2,2,154395,3170
779,151625,12,0,0,154605,2980
780,151825,13,3,3,154805,2980
781,152025,14,12,12,155005,2980
782,152225,15,5,5,155205,2980
769,152425,0,255,1,155405,2980
769,152425,0,255,2,155405,2980
769,152425,0,255,3,155405,2980
769,152425,0,255,4,155405,2980
769,152425,0,255,5,155405,2980
769,152425,0,255,6,155405,2980
769,152425,0,255,7,155405,2980
769,152425,0,255,8,155405,2980
769,152425,0,255,9,155405,2980
769,152425,0,255,10,155405,2980
769,152425,0,255,11,155405,2980
769,152425,0,255,12,155405,2980
769,152425,0,255,13,155405,2980
769,152425,0,255,14,155405,2980
769,152425,0,255,15,155405,2980
770,152625,1,5,5,155605,2980
771,152825,2,6,6,155805,2980
772,153025,3,7,7,156005,2980
773,153225,4,8,8,156205,2980
774,153425,5,255,0,156405,2980
774,153425,5,255,1,156405,2980
774,153425,5,255,2,156405,2980
774,153425,5,255,3,156405,2980
774,153425,5,255,4,156405,2980
774,153425,5,255,6,156405,2980
774,153425,5,255,7,156405,2980
774,153425,5,255,8,156405,2980
774,153425,5,255,9,156405,2980
774,153425,5,255,10,156405,2980
774,153425,5,255,11,156405,2980
774,153425,5,255,12,156405,2980
774,153425,5,255,13,156405,2980
774,153425,5,255,14,156405,2980
774,153425,5,255,15,156405,2980
775,153825,7,2,2,156615,2790
790,154025,8,7,7,156815,2790
804,156845,8,204,-1,,
791,154225,9,5,5,157015,2790
792,154425,10,6,6,157215,2790
806,157245,10,97,-1,,
793,154635,12,9,9,157425,2790
794,154835,13,7,7,157625,2790
795,155035,14,9,9,157825,2790
796,155235,15,14,14,158025,2790
783,155435,0,4,4,158225,2790
784,155635,1,255,0,158425,2790
784,155635,1,255,2,158425,2790
784,155635,1,255,3,158425,2790
784,155635,1,255,4,158425,2790
784,155635,1,255,5,158425,2790
784,155635,1,255,6,158425,2790
784,155635,1,255,7,158425,2790
784,155635,1,255,8,158425,2790
784,155635,1,255,9,158425,2790
784,155635,1,255,10,158425,2790
784,155635,1,255,11,158425,2790
784,155635,1,255,12,158425,2790
784,155635,1,255,13,158425,2790
784,155635,1,255,14,158425,2790
784,155635,1,255,15,158425,2790
785,155835,2,13,13,158625,2790
786,156035,3,2,2,158825,2790
787,156235,4,6,6,159025,2790
788,156435,5,10,10,159225,2790
789,156645,7,255,0,159435,2790
789,156645,7,255,1,159435,2790
789,156645,7,255,2,159435,2790
789,156645,7,255,3,159435,2790
789,156645,7,255,4,159435,2790
789,156645,7,255,5,159435,2790
789,156645,7,255,6,159435,2790
789,156645,7,255,8,159435,2790
789,156645,7,255,9,159435,2790
789,156645,7,255,10,159435,2790
789,156645,7,255,11,159435,2790
789,156645,7,255,12,159435,2790
789,156645,7,255,13,159435,2790
789,156645,7,255,14,159435,2790
789,156645,7,255,15,159435,2790
805,157045,9,13,13,159835,2790
807,157455,12,2,2,160245,2790
808,157655,13,0,0,160445,2790
809,157855,14,11,11,160645,2790
810,158055,15,12,12,160845,2790
797,158255,0,255,1,161045,2790
797,158255,0,255,2,161045,2790
797,158255,0,255,3,161045,2790
797,158255,0,255,4,161045,2790
797,158255,0,255,5,161045,2790
797,158255,0,255,6,161045,2790
797,158255,0,255,7,161045,2790
797,158255,0,255,8,161045,2790
797,158255,0,255,9,161045,2790
797,158255,0,255,10,161045,2790
797,158255,0,255,11,161045,2790
797,158255,0,255,12,161045,2790
797,158255,0,255,13,161045,2790
797,158255,0,255,14,161045,2790
797,158255,0,255,15,161045,2790
798,158455,1,0,0,161245,2790
799,158655,2,7,7,161445,2790
800,158855,3,0,0,161645,2790
801,159055,4,2,2,161845,2790
802,159255,5,4,4,162045,2790
803,159465,7,15,15,162255,2790
818,159665,8,9,9,162455,2790
819,159865,9,0,0,162655,2790
820,160065,10,3,3,162855,2790
821,160275,12,13,13,163065,2790
822,160475,13,0,0,163265,2790
823,160675,14,255,0,163465,2790
823,160675,14,255,1,163465,2790
823,160675,14,255,2,163465,2790
823,160675,14,255,3,163465,2790
823,160675,14,255,4,163465,2790
823,160675,14,255,5,163465,2790
823,160675,14,255,6,163465,2790
823,160675,14,255,7,163465,2790
823,160675,14,255,8,163465,2790
823,160675,14,255,9,163465,2790
823,160675,14,255,10,163465,2790
823,160675,14,255,11,163465,2790
823,160675,14,255,12,163465,2790
823,160675,14,255,13,163465,2790
823,160675,14,255,15,163465,2790
824,160875,15,14,14,163665,2790
811,161075,0,5,5,163865,2790
812,161275,1,3,3,164065,2790
813,161475,2,11,11,164265,2790
814,161675,3,255,0,164465,2790
814,161675,3,255,1,164465,2790
814,161675,3,255,2,164465,2790
814,161675,3,255,4,164465,2790
814,161675,3,255,5,164465,2790
814,161675,3,255,6,164465,2790
814,161675,3,255,7,164465,2790
814,161675,3,255,8,164465,2790
814,161675,3,255,9,164465,2790
814,161675,3,255,10,164465,2790
814,161675,3,255,11,164465,2790
814,161675,3,255,12,164465,2790
814,161675,3,255,13,164465,2790
814,161675,3,255,14,164465,2790
814,161675,3,255,15,164465,2790
815,161875,4,10,10,164665,2790
816,162075,5,9,9,164865,2790
817,162285,7,11,11,165075,2790
832,162485,8,13,13,165275,2790
833,162685,9,11,11,165475,2790
834,162885,10,3,3,165675,2790
835,163095,12,5,5,165885,2790
836,163295,13,12,12,166085,2790
837,163495,14,11,11,166285,2790
838,163695,15,6,6,166485,2790
825,163895,0,9,9,166685,2790
826,164095,1,255,0,166885,2790
826,164095,1,255,2,166885,2790
826,164095,1,255,3,166885,2790
826,164095,1,255,4,166885,2790
826,164095,1,255,5,166885,2790
826,164095,1,255,6,166885,2790
826,164095,1,255,7,166885,2790
826,164095,1,255,8,166885,2790
826,164095,1,255,9,166885,2790
826,164095,1,255,10,166885,2790
826,164095,1,255,11,166885,2790
826,164095,1,255,12,166885,2790
826,164095,1,255,13,166885,2790
826,164095,1,255,14,166885,2790
826,164095,1,255,15,166885,2790
827,164295,2,7,7,167085,2790
828,164495,3,10,10,167285,2790
829,164695,4,6,6,167485,2790
830,164895,5,3,3,167685,2790
831,165105,7,6,6,167895,2790
846,165305,8,255,0,168095,2790
846,165305,8,255,1,168095,2790
846,165305,8,255,2,168095,2790
846,165305,8,255,3,168095,2790
846,165305,8,255,4,168095,2790
846,165305,8,255,5,168095,2790
846,165305,8,255,6,168095,2790
846,165305,8,255,7,168095,2790
846,165305,8,255,9,168095,2790
846,165305,8,255,10,168095,2790
846,165305,8,255,11,168095,2790
846,165305,8,255,12,168095,2790
846,165305,8,255,13,168095,2790
846,165305,8,255,14,168095,2790
846,165305,8,255,15,168095,2790
847,165505,9,3,3,168295,2790
848,165705,10,1,1,168495,2790
849,165915,12,1,1,168705,2790
850,166115,13,3,3,168905,2790
851,166315,14,255,0,169105,2790
851,166315,14,255,1,169105,2790
851,166315,14,255,2,169105,2790
851,166315,14,255,3,169105,2790
851,166315,14,255,4,169105,2790
851,166315,14,255,5,169105,2790
851,166315,14,255,6,169105,2790
851,166315,14,255,7,169105,2790
851,166315,14,255,8,169105,2790
851,166315,14,255,9,169105,2790
851,166315,14,255,10,169105,2790
851,166315,14,255,11,169105,2790
851,166315,14,255,12,169105,2790
851,166315,14,255,13,169105,2790
851,166315,14,255,15,169105,2790
852,166515,15,0,0,169305,2790
839,166715,0,9,9,169505,2790
840,166915,1,10,10,169705,2790
841,167115,2,4,4,169905,2790
842,167315,3,15,15,170105,2790
843,167515,4,1,1,170305,2790
844,167715,5,3,3,170505,2790
857,170535,5,126,-1,,
845,167925,7,12,12,170715,2790
859,168125,8,10,10,170915,2790
860,168325,9,255,0,171115,2790
860,168325,9,255,1,171115,2790
860,168325,9,255,2,171115,2790
860,168325,9,255,3,171115,2790
860,168325,9,255,4,171115,2790
860,168325,9,255,5,171115,2790
860,168325,9,255,6,171115,2790
860,168325,9,255,7,171115,2790
860,168325,9,255,8,171115,2790
860,168325,9,255,10,171115,2790
860,168325,9,255,11,171115,2790
860,168325,9,255,12,171115,2790
860,168325,9,255,13,171115,2790
860,168325,9,255,14,171115,2790
860,168325,9,255,15,171115,2790
861,168525,10,1,1,171315,2790
862,168735,12,3,3,171525,2790
863,168935,13,0,0,171725,2790
864,169135,14,13,13,171925,2790
865,169335,15,14,14,172125,2790
853,169535,0,12,12,172325,2790
854,169735,1,10,10,172525,2790
855,169935,2,12,12,172725,2790
856,170335,4,7,7,172935,2600
869,172965,4,173,-1,,
870,173165,5,172,-1,,
858,170745,7,10,10,173345,2600
872,170945,8,7,7,173545,2600
873,171145,9,11,11,173745,2600
874,171345,10,3,3,173945,2600
875,171555,12,8,8,174155,2600
876,171755,13,5,5,174355,2600
889,174385,13,107,-1,,
877,171955,14,2,2,174555,2600
878,172155,15,9,9,174755,2600
866,172355,0,11,11,174955,2600
879,174985,0,145,-1,,
867,172555,1,7,7,175155,2600
880,175185,1,252,-1,,
868,172755,2,7,7,175355,2600
871,173375,7,255,0,175975,2600
871,173375,7,255,1,175975,2600
871,173375,7,255,2,175975,2600
871,173375,7,255,3,175975,2600
871,173375,7,255,4,175975,2600
871,173375,7,255,5,175975,2600
871,173375,7,255,6,175975,2600
871,173375,7,255,8,175975,2600
871,173375,7,255,9,175975,2600
871,173375,7,255,10,175975,2600
871,173375,7,255,11,175975,2600
871,173375,7,255,12,175975,2600
871,173375,7,255,13,175975,2600
871,173375,7,255,14,175975,2600
871,173375,7,255,15,175975,2600
885,173575,8,9,9,176175,2600
886,173775,9,12,12,176375,2600
899,176405,9,103,-1,,
887,173975,10,4,4,176575,2600
888,174185,12,13,13,176785,2600
890,174585,14,1,1,177185,2600
903,177215,14,85,-1,,
891,174785,15,9,9,177385,2600
881,175385,2,5,5,177985,2600
882,175595,4,3,3,178195,2600
883,175795,5,2,2,178395,2600
896,178425,5,137,-1,,
884,176005,7,10,10,178605,2600
898,176205,8,2,2,178805,2600
912,179035,9,248,-1,,
900,176605,10,6,6,179205,2600
901,176815,12,2,2,179415,2600
902,177015,13,255,0,179615,2600
902,177015,13,255,1,179615,2600
902,177015,13,255,2,179615,2600
902,177015,13,255,3,179615,2600
902,177015,13,255,4,179615,2600
902,177015,13,255,5,179615,2600
902,177015,13,255,6,179615,2600
902,177015,13,255,7,179615,2600
902,177015,13,255,8,179615,2600
902,177015,13,255,9,179615,2600
902,177015,13,255,10,179615,2600
902,177015,13,255,11,179615,2600
902,177015,13,255,12,179615,2600
902,177015,13,255,14,179615,2600
902,177015,13,255,15,179615,2600
915,179645,13,186,-1,,
904,177415,15,255,0,180015,2600
904,177415,15,255,1,180015,2600
904,177415,15,255,2,180015,2600
904,177415,15,255,3,180015,2600
904,177415,15,255,4,180015,2600
904,177415,15,255,5,180015,2600
904,177415,15,255,6,180015,2600
904,177415,15,255,7,180015,2600
904,177415,15,255,8,180015,2600
904,177415,15,255,9,180015,2600
904,177415,15,255,10,180015,2600
904,177415,15,255,11,180015,2600
904,177415,15,255,12,180015,2600
904,177415,15,255,13,180015,2600
904,177415,15,255,14,180015,2600
917,180045,15,62,-1,,
892,177615,0,3,3,180215,2600
893,177815,1,4,4,180415,2600
894,178015,2,10,10,180615,2600
895,178225,4,255,0,180825,2600
895,178225,4,255,1,180825,2600
895,178225,4,255,2,180825,2600
895,178225,4,255,3,180825,2600
895,178225,4,255,5,180825,2600
895,178225,4,255,6,180825,2600
895,178225,4,255,7,180825,2600
895,178225,4,255,8,180825,2600
895,178225,4,255,9,180825,2600
895,178225,4,255,10,180825,2600
895,178225,4,255,11,180825,2600
895,178225,4,255,12,180825,2600
895,178225,4,255,13,180825,2600
895,178225,4,255,14,180825,2600
895,178225,4,255,15,180825,2600
909,181055,5,177,-1,,
897,178635,7,3,3,181235,2600
911,178835,8,255,0,181435,2600
911,178835,8,255,1,181435,2600
911,178835,8,255,2,181435,2600
911,178835,8,255,3,181435,2600
911,178835,8,255,4,181435,2600
911,178835,8,255,5,181435,2600
911,178835,8,255,6,181435,2600
911,178835,8,255,7,181435,2600
911,178835,8,255,9,181435,2600
911,178835,8,255,10,181435,2600
911,178835,8,255,11,181435,2600
911,178835,8,255,12,181435,2600
911,178835,8,255,13,181435,2600
911,178835,8,255,14,181435,2600
911,178835,8,255,15,181435,2600
913,179235,10,255,0,181835,2600
913,179235,10,255,1,181835,2600
913,179235,10,255,2,181835,2600
913,179235,10,255,3,181835,2600
913,179235,10,255,4,181835,2600
913,179235,10,255,5,181835,2600
913,179235,10,255,6,181835,2600
913,179235,10,255,7,181835,2600
913,179235,10,255,8,181835,2600
913,179235,10,255,9,181835,2600
913,179235,10,255,11,181835,2600
913,179235,10,255,12,181835,2600
913,179235,10,255,13,181835,2600
913,179235,10,255,14,181835,2600
913,179235,10,255,15,181835,2600
914,179445,12,11,11,182045,2600
927,182075,12,142,-1,,
916,179845,14,4,4,182445,2600
905,180245,0,11,11,182845,2600
906,180445,1,9,9,183045,2600
907,180645,2,10,10,183245,2600
908,180855,4,13,13,183455,2600
922,183685,5,227,-1,,
910,181265,7,4,4,183865,2600
924,181465,8,3,3,184065,2600
925,181665,9,8,8,184265,2600
926,181865,10,5,5,184465,2600
938,184495,10,97,-1,,
928,182275,13,6,6,184875,2600
929,182475,14,5,5,185075,2600
918,182875,0,15,15,185285,2410
919,183075,1,11,11,185485,2410
920,183275,2,1,1,185685,2410
921,183485,4,12,12,185895,2410
923,183895,7,0,0,186305,2410
936,184095,8,6,6,186505,2410
937,184295,9,2,2,186705,2410
939,184705,12,14,14,187115,2410
940,184905,13,8,8,187315,2410
941,185105,14,4,4,187515,2410
930,185315,0,15,15,187725,2410
931,185515,1,11,11,187925,2410
943,187955,1,34,-1,,
932,185715,2,0,0,188125,2410
933,185925,4,5,5,188335,2410
934,186125,5,8,8,188535,2410
935,186335,7,255,0,188745,2410
935,186335,7,255,1,188745,2410
935,186335,7,255,2,188745,2410
935,186335,7,255,3,188745,2410
935,186335,7,255,4,188745,2410
935,186335,7,255,5,188745,2410
935,186335,7,255,6,188745,2410
935,186335,7,255,8,188745,2410
935,186335,7,255,9,188745,2410
935,186335,7,255,10,188745,2410
935,186335,7,255,11,188745,2410
935,186335,7,255,12,188745,2410
935,186335,7,255,13,188745,2410
935,186335,7,255,14,188745,2410
935,186335,7,255,15,188745,2410
948,186535,8,255,0,188945,2410
948,186535,8,255,1,188945,2410
948,186535,8,255,2,188945,2410
948,186535,8,255,3,188945,2410
948,186535,8,255,4,188945,2410
948,186535,8,255,5,188945,2410
948,186535,8,255,6,188945,2410
948,186535,8,255,7,188945,2410
948,186535,8,255,9,188945,2410
948,186535,8,255,10,188945,2410
948,186535,8,255,11,188945,2410
948,186535,8,255,12,188945,2410
948,186535,8,255,13,188945,2410
948,186535,8,255,14,188945,2410
948,186535,8,255,15,188945,2410
949,186735,9,12,12,189145,2410
961,189175,9,226,-1,,
950,186935,10,8,8,189345,2410
951,187145,12,6,6,189555,2410
952,187345,13,9,9,189755,2410
953,187545,14,6,6,189955,2410
942,187755,0,5,5,190165,2410
944,188155,2,15,15,190565,2410
945,188365,4,9,9,190775,2410
946,188565,5,13,13,190975,2410
947,188775,7,3,3,191185,2410
960,188975,8,9,9,191385,2410
962,189375,10,15,15,191785,2410
963,189585,12,11,11,191995,2410
964,189785,13,7,7,192195,2410
965,189985,14,2,2,192395,2410
954,190195,0,13,13,192605,2410
955,190395,1,12,12,192805,2410
956,190595,2,10,10,193005,2410
957,190805,4,15,15,193215,2410
958,191005,5,2,2,193415,2410
959,191215,7,9,9,193625,2410
972,191415,8,0,0,193825,2410
984,193855,8,224,-1,,
973,191615,9,8,8,194025,2410
974,191815,10,13,13,194225,2410
975,192025,12,2,2,194435,2410
976,192225,13,255,0,194635,2410
976,192225,13,255,1,194635,2410
976,192225,13,255,2,194635,2410
976,192225,13,255,3,194635,2410
976,192225,13,255,4,194635,2410
976,192225,13,255,5,194635,2410
976,192225,13,255,6,194635,2410
976,192225,13,255,7,194635,2410
976,192225,13,255,8,194635,2410
976,192225,13,255,9,194635,2410
976,192225,13,255,10,194635,2410
976,192225,13,255,11,194635,2410
976,192225,13,255,12,194635,2410
976,192225,13,255,14,194635,2410
976,192225,13,255,15,194635,2410
977,192425,14,13,13,194835,2410
966,192635,0,8,8,195045,2410
967,192835,1,0,0,195245,2410
968,193035,2,255,0,195445,2410
968,193035,2,255,1,195445,2410
968,193035,2,255,3,195445,2410
968,193035,2,255,4,195445,2410
968,193035,2,255,5,195445,2410
968,193035,2,255,6,195445,2410
968,193035,2,255,7,195445,2410
968,193035,2,255,8,195445,2410
968,193035,2,255,9,195445,2410
968,193035,2,255,10,195445,2410
968,193035,2,255,11,195445,2410
968,193035,2,255,12,195445,2410
968,193035,2,255,13,195445,2410
968,193035,2,255,14,195445,2410
968,193035,2,255,15,195445,2410
969,193245,4,7,7,195655,2410
970,193445,5,255,0,195855,2410
970,193445,5,255,1,195855,2410
970,193445,5,255,2,195855,2410
970,193445,5,255,3,195855,2410
970,193445,5,255,4,195855,2410
970,193445,5,255,6,195855,2410
970,193445,5,255,7,195855,2410
970,193445,5,255,8,195855,2410
970,193445,5,255,9,195855,2410
970,193445,5,255,10,195855,2410
970,193445,5,255,11,195855,2410
970,193445,5,255,12,195855,2410
970,193445,5,255,13,195855,2410
970,193445,5,255,14,195855,2410
970,193445,5,255,15,195855,2410
971,193655,7,3,3,196065,2410
985,194055,9,13,13,196465,2410
986,194255,10,13,13,196665,2410
987,194465,12,4,4,196875,2410
988,194665,13,7,7,197075,2410
1000,197105,13,238,-1,,
989,194865,14,15,15,197275,2410
978,195075,0,1,1,197485,2410
979,195275,1,3,3,197685,2410
980,195475,2,5,5,197885,2410
981,195685,4,13,13,198095,2410
982,195885,5,14,14,198295,2410
983,196095,7,11,11,198505,2410
996,196295,8,12,12,198705,2410
997,196495,9,0,0,198905,2410
998,196695,10,1,1,199105,2410
999,196905,12,9,9,199315,2410
1011,199345,12,211,-1,,
1001,197305,14,4,4,199715,2410
990,197515,0,3,3,199925,2410
991,197715,1,4,4,200125,2410
992,197915,2,5,5,200325,2410
993,198125,4,10,10,200535,2410
994,198325,5,255,0,200735,2410
994,198325,5,255,1,200735,2410
994,198325,5,255,2,200735,2410
994,198325,5,255,3,200735,2410
994,198325,5,255,4,200735,2410
994,198325,5,255,6,200735,2410
994,198325,5,255,7,200735,2410
994,198325,5,255,8,200735,2410
994,198325,5,255,9,200735,2410
994,198325,5,255,10,200735,2410
994,198325,5,255,11,200735,2410
994,198325,5,255,12,200735,2410
994,198325,5,255,13,200735,2410
994,198325,5,255,14,200735,2410
994,198325,5,255,15,200735,2410
995,198535,7,13,13,200945,2410
1008,198735,8,9,9,201145,2410
1020,201175,8,172,-1,,
1009,198935,9,3,3,201345,2410
1010,199135,10,255,0,201545,2410
1010,199135,10,255,1,201545,2410
1010,199135,10,255,2,201545,2410
1010,199135,10,255,3,201545,2410
1010,199135,10,255,4,201545,2410
1010,199135,10,255,5,201545,2410
1010,199135,10,255,6,201545,2410
1010,199135,10,255,7,201545,2410
1010,199135,10,255,8,201545,2410
1010,199135,10,255,9,201545,2410
1010,199135,10,255,11,201545,2410
1010,199135,10,255,12,201545,2410
1010,199135,10,255,13,201545,2410
1010,199135,10,255,14,201545,2410
1010,199135,10,255,15,201545,2410
1012,199545,13,9,9,201955,2410
1013,199745,14,13,13,202155,2410
1002,199955,0,255,1,202365,2410
1002,199955,0,255,2,202365,2410
1002,199955,0,255,3,202365,2410
1002,199955,0,255,4,202365,2410
1002,199955,0,255,5,202365,2410
1002,199955,0,255,6,202365,2410
1002,199955,0,255,7,202365,2410
1002,199955,0,255,8,202365,2410
1002,199955,0,255,9,202365,2410
1002,199955,0,255,10,202365,2410
1002,199955,0,255,11,202365,2410
1002,199955,0,255,12,202365,2410
1002,199955,0,255,13,202365,2410
1002,199955,0,255,14,202365,2410
1002,199955,0,255,15,202365,2410
1003,200155,1,255,0,202565,2410
1003,200155,1,255,2,202565,2410
1003,200155,1,255,3,202565,2410
1003,200155,1,255,4,202565,2410
1003,200155,1,255,5,202565,2410
1003,200155,1,255,6,202565,2410
1003,200155,1,255,7,202565,2410
1003,200155,1,255,8,202565,2410
1003,200155,1,255,9,202565,2410
1003,200155,1,255,10,202565,2410
1003,200155,1,255,11,202565,2410
1003,200155,1,255,12,202565,2410
1003,200155,1,255,13,202565,2410
1003,200155,1,255,14,202565,2410
1003,200155,1,255,15,202565,2410
1004,200355,2,0,0,202765,2410
1005,200565,4,10,10,202975,2410
1006,200765,5,1,1,203175,2410
1018,203205,5,144,-1,,
1007,200975,7,6,6,203385,2410
1021,201375,9,3,3,203785,2410
1022,201575,10,15,15,203985,2410
1023,201785,12,8,8,204195,2410
1035,204225,12,116,-1,,
1024,201985,13,10,10,204395,2410
1025,202185,14,5,5,204595,2410
1014,202395,0,7,7,204805,2410
1015,202595,1,7,7,205005,2410
1016,202795,2,3,3,205205,2410
1028,205235,2,231,-1,,
1017,203005,4,10,10,205415,2410
1019,203415,7,255,0,205825,2410
1019,203415,7,255,1,205825,2410
1019,203415,7,255,2,205825,2410
1019,203415,7,255,3,205825,2410
1019,203415,7,255,4,205825,2410
1019,203415,7,255,5,205825,2410
1019,203415,7,255,6,205825,2410
1019,203415,7,255,8,205825,2410
1019,203415,7,255,9,205825,2410
1019,203415,7,255,10,205825,2410
1019,203415,7,255,11,205825,2410
1019,203415,7,255,12,205825,2410
1019,203415,7,255,13,205825,2410
1019,203415,7,255,14,205825,2410
1019,203415,7,255,15,205825,2410
1032,203615,8,5,5,206025,2410
1033,203815,9,14,14,206225,2410
1034,204015,10,15,15,206425,2410
1047,206665,12,30,-1,,
1036,204425,13,12,12,206835,2410
1037,204625,14,8,8,207035,2410
1026,204835,0,15,15,207245,2410
1038,207275,0,230,-1,,
1027,205035,1,255,0,207445,2410
1027,205035,1,255,2,207445,2410
1027,205035,1,255,3,207445,2410
1027,205035,1,255,4,207445,2410
1027,205035,1,255,5,207445,2410
1027,205035,1,255,6,207445,2410
1027,205035,1,255,7,207445,2410
1027,205035,1,255,8,207445,2410
1027,205035,1,255,9,207445,2410
1027,205035,1,255,10,207445,2410
1027,205035,1,255,11,207445,2410
1027,205035,1,255,12,207445,2410
1027,205035,1,255,13,207445,2410
1027,205035,1,255,14,207445,2410
1027,205035,1,255,15,207445,2410
1040,207675,2,103,-1,,
1029,205445,4,9,9,207855,2410
1030,205645,5,15,15,208055,2410
1031,205855,7,6,6,208265,2410
1044,206055,8,13,13,208465,2410
1045,206255,9,255,0,208665,2410
1045,206255,9,255,1,208665,2410
1045,206255,9,255,2,208665,2410
1045,206255,9,255,3,208665,2410
1045,206255,9,255,4,208665,2410
1045,206255,9,255,5,208665,2410
1045,206255,9,255,6,208665,2410
1045,206255,9,255,7,208665,2410
1045,206255,9,255,8,208665,2410
1045,206255,9,255,10,208665,2410
1045,206255,9,255,11,208665,2410
1045,206255,9,255,12,208665,2410
1045,206255,9,255,13,208665,2410
1045,206255,9,255,14,208665,2410
1045,206255,9,255,15,208665,2410
1046,206455,10,255,0,208865,2410
1046,206455,10,255,1,208865,2410
1046,206455,10,255,2,208865,2410
1046,206455,10,255,3,208865,2410
1046,206455,10,255,4,208865,2410
1046,206455,10,255,5,208865,2410
1046,206455,10,255,6,208865,2410
1046,206455,10,255,7,208865,2410
1046,206455,10,255,8,208865,2410
1046,206455,10,255,9,208865,2410
1046,206455,10,255,11,208865,2410
1046,206455,10,255,12,208865,2410
1046,206455,10,255,13,208865,2410
1046,206455,10,255,14,208865,2410
1046,206455,10,255,15,208865,2410
1048,206865,13,6,6,209275,2410
1049,207065,14,12,12,209475,2410
1039,207475,1,6,6,209885,2410
1041,207885,4,3,3,210295,2410
1042,208085,5,14,14,210495,2410
1043,208295,7,8,8,210705,2410
1056,208495,8,5,5,210905,2410
1057,208695,9,5,5,211105,2410
1058,208895,10,15,15,211305,2410
1059,209105,12,2,2,211515,2410
1060,209305,13,9,9,211715,2410
1061,209505,14,11,11,211915,2410
1050,209715,0,8,8,212125,2410
1062,212155,0,145,-1,,
1051,209915,1,7,7,212325,2410
1052,210115,2,8,8,212525,2410
1053,210325,4,7,7,212735,2410
1054,210525,5,1,1,212935,2410
1066,212965,5,30,-1,,
1055,210735,7,11,11,213145,2410
1068,211135,9,8,8,213355,2220
1069,211335,10,255,0,213555,2220
1069,211335,10,255,1,213555,2220
1069,211335,10,255,2,213555,2220
1069,211335,10,255,3,213555,2220
1069,211335,10,255,4,213555,2220
1069,211335,10,255,5,213555,2220
1069,211335,10,255,6,213555,2220
1069,211335,10,255,7,213555,2220
1069,211335,10,255,8,213555,2220
1069,211335,10,255,9,213555,2220
1069,211335,10,255,11,213555,2220
1069,211335,10,255,12,213555,2220
1069,211335,10,255,13,213555,2220
1069,211335,10,255,14,213555,2220
1069,211335,10,255,15,213555,2220
1070,211545,12,9,9,213765,2220
1071,211745,13,255,0,213965,2220
1071,211745,13,255,1,213965,2220
1071,211745,13,255,2,213965,2220
1071,211745,13,255,3,213965,2220
1071,211745,13,255,4,213965,2220
1071,211745,13,255,5,213965,2220
1071,211745,13,255,6,213965,2220
1071,211745,13,255,7,213965,2220
1071,211745,13,255,8,213965,2220
1071,211745,13,255,9,213965,2220
1071,211745,13,255,10,213965,2220
1071,211745,13,255,11,213965,2220
1071,211745,13,255,12,213965,2220
1071,211745,13,255,14,213965,2220
1071,211745,13,255,15,213965,2220
1072,211945,14,7,7,214165,2220
1063,212355,1,3,3,214575,2220
1064,212555,2,11,11,214775,2220
1065,212765,4,0,0,214985,2220
1076,215015,4,119,-1,,
1077,215215,5,66,-1,,
1067,213175,7,2,2,215395,2220
1079,213385,9,4,4,215605,2220
1090,215635,9,37,-1,,
1080,213585,10,14,14,215805,2220
1081,213795,12,255,0,216015,2220
1081,213795,12,255,1,216015,2220
1081,213795,12,255,2,216015,2220
1081,213795,12,255,3,216015,2220
1081,213795,12,255,4,216015,2220
1081,213795,12,255,5,216015,2220
1081,213795,12,255,6,216015,2220
1081,213795,12,255,7,216015,2220
1081,213795,12,255,8,216015,2220
1081,213795,12,255,9,216015,2220
1081,213795,12,255,10,216015,2220
1081,213795,12,255,11,216015,2220
1081,213795,12,255,13,216015,2220
1081,213795,12,255,14,216015,2220
1081,213795,12,255,15,216015,2220
1082,213995,13,6,6,216215,2220
1083,214195,14,255,0,216415,2220
1083,214195,14,255,1,216415,2220
1083,214195,14,255,2,216415,2220
1083,214195,14,255,3,216415,2220
1083,214195,14,255,4,216415,2220
1083,214195,14,255,5,216415,2220
1083,214195,14,255,6,216415,2220
1083,214195,14,255,7,216415,2220
1083,214195,14,255,8,216415,2220
1083,214195,14,255,9,216415,2220
1083,214195,14,255,10,216415,2220
1083,214195,14,255,11,216415,2220
1083,214195,14,255,12,216415,2220
1083,214195,14,255,13,216415,2220
1083,214195,14,255,15,216415,2220
1073,214405,0,9,9,216625,2220
1074,214605,1,7,7,216825,2220
1075,214805,2,0,0,217025,2220
1087,217265,4,163,-1,,
1088,217465,5,60,-1,,
1078,215425,7,10,10,217645,2220
1091,215835,10,0,0,218055,2220
1092,216045,12,1,1,218265,2220
1093,216245,13,4,4,218465,2220
1094,216445,14,255,0,218665,2220
1094,216445,14,255,1,218665,2220
1094,216445,14,255,2,218665,2220
1094,216445,14,255,3,218665,2220
1094,216445,14,255,4,218665,2220
1094,216445,14,255,5,218665,2220
1094,216445,14,255,6,218665,2220
1094,216445,14,255,7,218665,2220
1094,216445,14,255,8,218665,2220
1094,216445,14,255,9,218665,2220
1094,216445,14,255,10,218665,2220
1094,216445,14,255,11,218665,2220
1094,216445,14,255,12,218665,2220
1094,216445,14,255,13,218665,2220
1094,216445,14,255,15,218665,2220
1084,216655,0,2,2,218875,2220
1085,216855,1,4,4,219075,2220
1086,217055,2,11,11,219275,2220
1089,217675,7,4,4,219895,2220
1101,217885,9,2,2,220105,2220
1102,218085,10,255,0,220305,2220
1102,218085,10,255,1,220305,2220
1102,218085,10,255,2,220305,2220
1102,218085,10,255,3,220305,2220
1102,218085,10,255,4,220305,2220
1102,218085,10,255,5,220305,2220
1102,218085,10,255,6,220305,2220
1102,218085,10,255,7,220305,2220
1102,218085,10,255,8,220305,2220
1102,218085,10,255,9,220305,2220
1102,218085,10,255,11,220305,2220
1102,218085,10,255,12,220305,2220
1102,218085,10,255,13,220305,2220
1102,218085,10,255,14,220305,2220
1102,218085,10,255,15,220305,2220
1103,218295,12,255,0,220515,2220
1103,218295,12,255,1,220515,2220
1103,218295,12,255,2,220515,2220
1103,218295,12,255,3,220515,2220
1103,218295,12,255,4,220515,2220
1103,218295,12,255,5,220515,2220
1103,218295,12,255,6,220515,2220
1103,218295,12,255,7,220515,2220
1103,218295,12,255,8,220515,2220
1103,218295,12,255,9,220515,2220
1103,218295,12,255,10,220515,2220
1103,218295,12,255,11,220515,2220
1103,218295,12,255,13,220515,2220
1103,218295,12,255,14,220515,2220
1103,218295,12,255,15,220515,2220
1104,218495,13,0,0,220715,2220
1105,218695,14,255,0,220915,2220
1105,218695,14,255,1,220915,2220
1105,218695,14,255,2,220915,2220
1105,218695,14,255,3,220915,2220
1105,218695,14,255,4,220915,2220
1105,218695,14,255,5,220915,2220
1105,218695,14,255,6,220915,2220
1105,218695,14,255,7,220915,2220
1105,218695,14,255,8,220915,2220
1105,218695,14,255,9,220915,2220
1105,218695,14,255,10,220915,2220
1105,218695,14,255,11,220915,2220
1105,218695,14,255,12,220915,2220
1105,218695,14,255,13,220915,2220
1105,218695,14,255,15,220915,2220
1095,218905,0,11,11,221125,2220
1096,219105,1,9,9,221325,2220
1097,219305,2,12,12,221525,2220
1098,219515,4,15,15,221735,2220
1099,219715,5,255,0,221935,2220
1099,219715,5,255,1,221935,2220
1099,219715,5,255,2,221935,2220
1099,219715,5,255,3,221935,2220
1099,219715,5,255,4,221935,2220
1099,219715,5,255,6,221935,2220
1099,219715,5,255,7,221935,2220
1099,219715,5,255,8,221935,2220
1099,219715,5,255,9,221935,2220
1099,219715,5,255,10,221935,2220
1099,219715,5,255,11,221935,2220
1099,219715,5,255,12,221935,2220
1099,219715,5,255,13,221935,2220
1099,219715,5,255,14,221935,2220
1099,219715,5,255,15,221935,2220
1100,219925,7,11,11,222145,2220
1112,220135,9,10,10,222355,2220
1113,220335,10,4,4,222555,2220
1124,222585,10,29,-1,,
1114,220545,12,14,14,222765,2220
1115,220745,13,255,0,222965,2220
1115,220745,13,255,1,222965,2220
1115,220745,13,255,2,222965,2220
1115,220745,13,255,3,222965,2220
1115,220745,13,255,4,222965,2220
1115,220745,13,255,5,222965,2220
1115,220745,13,255,6,222965,2220
1115,220745,13,255,7,222965,2220
1115,220745,13,255,8,222965,2220
1115,220745,13,255,9,222965,2220
1115,220745,13,255,10,222965,2220
1115,220745,13,255,11,222965,2220
1115,220745,13,255,12,222965,2220
1115,220745,13,255,14,222965,2220
1115,220745,13,255,15,222965,2220
1116,220945,14,3,3,223165,2220
1106,221155,0,6,6,223375,2220
1107,221355,1,11,11,223575,2220
1108,221555,2,12,12,223775,2220
1109,221765,4,255,0,223985,2220
1109,221765,4,255,1,223985,2220
1109,221765,4,255,2,223985,2220
1109,221765,4,255,3,223985,2220
1109,221765,4,255,5,223985,2220
1109,221765,4,255,6,223985,2220
1109,221765,4,255,7,223985,2220
1109,221765,4,255,8,223985,2220
1109,221765,4,255,9,223985,2220
1109,221765,4,255,10,223985,2220
1109,221765,4,255,11,223985,2220
1109,221765,4,255,12,223985,2220
1109,221765,4,255,13,223985,2220
1109,221765,4,255,14,223985,2220
1109,221765,4,255,15,223985,2220
1110,221965,5,14,14,224185,2220
1121,224215,5,224,-1,,
1111,222175,7,13,13,224395,2220
1123,222385,9,5,5,224605,2220
1125,222795,12,5,5,225015,2220
1126,222995,13,11,11,225215,2220
1137,225245,13,184,-1,,
1127,223195,14,0,0,225415,2220
1117,223405,0,8,8,225625,2220
1118,223605,1,3,3,225825,2220
1119,223805,2,1,1,226025,2220
1120,224015,4,6,6,226235,2220
1122,224425,7,15,15,226645,2220
1134,224635,9,10,10,226855,2220
1135,224835,10,13,13,227055,2220
1146,227085,10,72,-1,,
1136,225045,12,5,5,227265,2220
1138,225445,14,6,6,227665,2220
1128,225655,0,11,11,227875,2220
1129,225855,1,5,5,228075,2220
1130,226055,2,11,11,228275,2220
1131,226265,4,0,0,228485,2220
1132,226465,5,0,0,228685,2220
1133,226675,7,15,15,228895,2220
1145,226885,9,12,12,229105,2220
1147,227295,12,5,5,229515,2220
1148,227495,13,10,10,229715,2220
1149,227695,14,1,1,229915,2220
1139,227905,0,10,10,230125,2220
1150,230155,0,95,-1,,
1140,228105,1,14,14,230325,2220
1141,228305,2,4,4,230525,2220
1142,228515,4,8,8,230735,2220
1143,228715,5,11,11,230935,2220
1144,228925,7,11,11,231145,2220
1156,229135,9,3,3,231355,2220
1157,229335,10,8,8,231555,2220
1158,229545,12,0,0,231765,2220
1159,229745,13,15,15,231965,2220
1160,229945,14,10,10,232165,2220
1171,232195,14,165,-1,,
1151,230355,1,0,0,232575,2220
1152,230555,2,7,7,232775,2220
1153,230765,4,15,15,232985,2220
1164,233015,4,132,-1,,
1154,230965,5,1,1,233185,2220
1155,231175,7,10,10,233395,2220
1167,231385,9,13,13,233605,2220
1168,231585,10,12,12,233805,2220
1169,231795,12,6,6,234015,2220
1170,231995,13,14,14,234215,2220
1180,234245,13,175,-1,,
1161,232405,0,13,13,234625,2220
1162,232605,1,13,13,234825,2220
1163,232805,2,4,4,235025,2220
1165,233215,5,15,15,235435,2220
1166,233425,7,9,9,235645,2220
1178,233635,9,12,12,235855,2220
1179,233835,10,5,5,236055,2220
1181,234445,14,3,3,236485,2040
1172,234655,0,3,3,236695,2040
1173,234855,1,0,0,236895,2040
1174,235055,2,10,10,237095,2040
1175,235265,4,11,11,237305,2040
1176,235465,5,255,0,237505,2040
1176,235465,5,255,1,237505,2040
1176,235465,5,255,2,237505,2040
1176,235465,5,255,3,237505,2040
1176,235465,5,255,4,237505,2040
1176,235465,5,255,6,237505,2040
1176,235465,5,255,7,237505,2040
1176,235465,5,255,8,237505,2040
1176,235465,5,255,9,237505,2040
1176,235465,5,255,10,237505,2040
1176,235465,5,255,11,237505,2040
1176,235465,5,255,12,237505,2040
1176,235465,5,255,13,237505,2040
1176,235465,5,255,14,237505,2040
1176,235465,5,255,15,237505,2040
1177,235675,7,12,12,237715,2040
1188,235885,9,11,11,237925,2040
1189,236085,10,12,12,238125,2040
1190,236315,13,14,14,238355,2040
1191,236515,14,11,11,238555,2040
1182,236725,0,1,1,238765,2040
1183,236925,1,5,5,238965,2040
1184,237125,2,12,12,239165,2040
1185,237335,4,2,2,239375,2040
1186,237535,5,7,7,239575,2040
1196,239605,5,144,-1,,
1187,237745,7,12,12,239785,2040
1197,239815,7,172,-1,,
1198,237955,9,6,6,239995,2040
1199,238155,10,0,0,240195,2040
1200,238385,13,1,1,240425,2040
1201,238585,14,9,9,240625,2040
1192,238795,0,11,11,240835,2040
1193,238995,1,0,0,241035,2040
1194,239195,2,6,6,241235,2040
1195,239405,4,1,1,241445,2040
1208,240025,9,7,7,242065,2040
1209,240225,10,255,0,242265,2040
1209,240225,10,255,1,242265,2040
1209,240225,10,255,2,242265,2040
1209,240225,10,255,3,242265,2040
1209,240225,10,255,4,242265,2040
1209,240225,10,255,5,242265,2040
1209,240225,10,255,6,242265,2040
1209,240225,10,255,7,242265,2040
1209,240225,10,255,8,242265,2040
1209,240225,10,255,9,242265,2040
1209,240225,10,255,11,242265,2040
1209,240225,10,255,12,242265,2040
1209,240225,10,255,13,242265,2040
1209,240225,10,255,14,242265,2040
1209,240225,10,255,15,242265,2040
1210,240455,13,14,14,242495,2040
1211,240655,14,15,15,242695,2040
1202,240865,0,10,10,242905,2040
1203,241065,1,12,12,243105,2040
1204,241265,2,6,6,243305,2040
1205,241475,4,12,12,243515,2040
1206,241675,5,11,11,243715,2040
1207,241885,7,13,13,243925,2040
1218,242095,9,0,0,244135,2040
1219,242295,10,6,6,244335,2040
1220,242525,13,255,0,244565,2040
1220,242525,13,255,1,244565,2040
1220,242525,13,255,2,244565,2040
1220,242525,13,255,3,244565,2040
1220,242525,13,255,4,244565,2040
1220,242525,13,255,5,244565,2040
1220,242525,13,255,6,244565,2040
1220,242525,13,255,7,244565,2040
1220,242525,13,255,8,244565,2040
1220,242525,13,255,9,244565,2040
1220,242525,13,255,10,244565,2040
1220,242525,13,255,11,244565,2040
1220,242525,13,255,12,244565,2040
1220,242525,13,255,14,244565,2040
1220,242525,13,255,15,244565,2040
1221,242725,14,1,1,244765,2040
1212,242935,0,255,1,244975,2040
1212,242935,0,255,2,244975,2040
1212,242935,0,255,3,244975,2040
1212,242935,0,255,4,244975,2040
1212,242935,0,255,5,244975,2040
1212,242935,0,255,6,244975,2040
1212,242935,0,255,7,244975,2040
1212,242935,0,255,8,244975,2040
1212,242935,0,255,9,244975,2040
1212,242935,0,255,10,244975,2040
1212,242935,0,255,11,244975,2040
1212,242935,0,255,12,244975,2040
1212,242935,0,255,13,244975,2040
1212,242935,0,255,14,244975,2040
1212,242935,0,255,15,244975,2040
1213,243135,1,2,2,245175,2040
1214,243335,2,13,13,245375,2040
1215,243545,4,0,0,245585,2040
1216,243745,5,9,9,245785,2040
1217,243955,7,255,0,245995,2040
1217,243955,7,255,1,245995,2040
1217,243955,7,255,2,245995,2040
1217,243955,7,255,3,245995,2040
1217,243955,7,255,4,245995,2040
1217,243955,7,255,5,245995,2040
1217,243955,7,255,6,245995,2040
1217,243955,7,255,8,245995,2040
1217,243955,7,255,9,245995,2040
1217,243955,7,255,10,245995,2040
1217,243955,7,255,11,245995,2040
1217,243955,7,255,12,245995,2040
1217,243955,7,255,13,245995,2040
1217,243955,7,255,14,245995,2040
1217,243955,7,255,15,245995,2040
1228,244165,9,7,7,246205,2040
1229,244365,10,255,0,246405,2040
1229,244365,10,255,1,246405,2040
1229,244365,10,255,2,246405,2040
1229,244365,10,255,3,246405,2040
1229,244365,10,255,4,246405,2040
1229,244365,10,255,5,246405,2040
1229,244365,10,255,6,246405,2040
1229,244365,10,255,7,246405,2040
1229,244365,10,255,8,246405,2040
1229,244365,10,255,9,246405,2040
1229,244365,10,255,11,246405,2040
1229,244365,10,255,12,246405,2040
1229,244365,10,255,13,246405,2040
1229,244365,10,255,14,246405,2040
1229,244365,10,255,15,246405,2040
1230,244595,13,255,0,246635,2040
1230,244595,13,255,1,246635,2040
1230,244595,13,255,2,246635,2040
1230,244595,13,255,3,246635,2040
1230,244595,13,255,4,246635,2040
1230,244595,13,255,5,246635,2040
1230,244595,13,255,6,246635,2040
1230,244595,13,255,7,246635,2040
1230,244595,13,255,8,246635,2040
1230,244595,13,255,9,246635,2040
1230,244595,13,255,10,246635,2040
1230,244595,13,255,11,246635,2040
1230,244595,13,255,12,246635,2040
1230,244595,13,255,14,246635,2040
1230,244595,13,255,15,246635,2040
1239,246665,13,208,-1,,
1231,244795,14,13,13,246835,2040
1222,245005,0,3,3,247045,2040
1223,245205,1,5,5,247245,2040
1233,247275,1,130,-1,,
1224,245405,2,3,3,247445,2040
1234,247475,2,175,-1,,
1225,245615,4,2,2,247655,2040
1226,245815,5,10,10,247855,2040
1227,246025,7,13,13,248065,2040
1238,246435,10,2,2,248295,1860
1240,246865,14,6,6,248725,1860
1232,247075,0,2,2,248935,1860
1241,248965,0,192,-1,,
1235,247685,4,0,0,249545,1860
1236,247885,5,15,15,249745,1860
1245,249775,5,97,-1,,
1237,248095,7,9,9,249955,1860
1247,248325,10,2,2,250185,1860
1248,248555,13,9,9,250415,1860
1249,248755,14,9,9,250615,1860
1242,249165,1,9,9,251025,1860
1243,249365,2,3,3,251225,1860
1244,249575,4,0,0,251435,1860
1246,249985,7,5,5,251845,1860
1256,250215,10,255,0,252075,1860
1256,250215,10,255,1,252075,1860
1256,250215,10,255,2,252075,1860
1256,250215,10,255,3,252075,1860
1256,250215,10,255,4,252075,1860
1256,250215,10,255,5,252075,1860
1256,250215,10,255,6,252075,1860
1256,250215,10,255,7,252075,1860
1256,250215,10,255,8,252075,1860
1256,250215,10,255,9,252075,1860
1256,250215,10,255,11,252075,1860
1256,250215,10,255,12,252075,1860
1256,250215,10,255,13,252075,1860
1256,250215,10,255,14,252075,1860
1256,250215,10,255,15,252075,1860
1257,250445,13,12,12,252305,1860
1258,250645,14,4,4,252505,1860
1250,250855,0,6,6,252715,1860
1251,251055,1,10,10,252915,1860
1252,251255,2,7,7,253115,1860
1253,251465,4,9,9,253325,1860
1254,251665,5,255,0,253525,1860
1254,251665,5,255,1,253525,1860
1254,251665,5,255,2,253525,1860
1254,251665,5,255,3,253525,1860
1254,251665,5,255,4,253525,1860
1254,251665,5,255,6,253525,1860
1254,251665,5,255,7,253525,1860
1254,251665,5,255,8,253525,1860
1254,251665,5,255,9,253525,1860
1254,251665,5,255,10,253525,1860
1254,251665,5,255,11,253525,1860
1254,251665,5,255,12,253525,1860
1254,251665,5,255,13,253525,1860
1254,251665,5,255,14,253525,1860
1254,251665,5,255,15,253525,1860
1255,251875,7,5,5,253735,1860
1264,252105,10,0,0,253965,1860
1265,252335,13,3,3,254195,1860
1266,252535,14,1,1,254395,1860
1259,252945,1,9,9,254625,1680
1260,253145,2,13,13,254825,1680
1261,253355,4,255,0,255035,1680
1261,253355,4,255,1,255035,1680
1261,253355,4,255,2,255035,1680
1261,253355,4,255,3,255035,1680
1261,253355,4,255,5,255035,1680
1261,253355,4,255,6,255035,1680
1261,253355,4,255,7,255035,1680
1261,253355,4,255,8,255035,1680
1261,253355,4,255,9,255035,1680
1261,253355,4,255,10,255035,1680
1261,253355,4,255,11,255035,1680
1261,253355,4,255,12,255035,1680
1261,253355,4,255,13,255035,1680
1261,253355,4,255,14,255035,1680
1261,253355,4,255,15,255035,1680
1269,255065,4,231,-1,,
1262,253555,5,0,0,255235,1680
1263,253765,7,255,0,255445,1680
1263,253765,7,255,1,255445,1680
1263,253765,7,255,2,255445,1680
1263,253765,7,255,3,255445,1680
1263,253765,7,255,4,255445,1680
1263,253765,7,255,5,255445,1680
1263,253765,7,255,6,255445,1680
1263,253765,7,255,8,255445,1680
1263,253765,7,255,9,255445,1680
1263,253765,7,255,10,255445,1680
1263,253765,7,255,11,255445,1680
1263,253765,7,255,12,255445,1680
1263,253765,7,255,13,255445,1680
1263,253765,7,255,14,255445,1680
1263,253765,7,255,15,255445,1680
1272,253995,10,13,13,255675,1680
1273,254225,13,2,2,255905,1680
1274,254425,14,2,2,256105,1680
1267,254655,1,12,12,256335,1680
1268,254855,2,8,8,256535,1680
1276,256565,2,39,-1,,
1270,255265,5,2,2,256945,1680
1271,255475,7,5,5,257155,1680
1280,255705,10,1,1,257385,1680
1281,255935,13,9,9,257615,1680
1282,256135,14,4,4,257815,1680
1275,256365,1,6,6,258045,1680
1277,256775,4,3,3,258455,1680
1278,256975,5,11,11,258655,1680
1279,257185,7,8,8,258865,1680
1288,257415,10,1,1,259095,1680
1289,257645,13,255,0,259325,1680
1289,257645,13,255,1,259325,1680
1289,257645,13,255,2,259325,1680
1289,257645,13,255,3,259325,1680
1289,257645,13,255,4,259325,1680
1289,257645,13,255,5,259325,1680
1289,257645,13,255,6,259325,1680
1289,257645,13,255,7,259325,1680
1289,257645,13,255,8,259325,1680
1289,257645,13,255,9,259325,1680
1289,257645,13,255,10,259325,1680
1289,257645,13,255,11,259325,1680
1289,257645,13,255,12,259325,1680
1289,257645,13,255,14,259325,1680
1289,257645,13,255,15,259325,1680
1290,257845,14,1,1,259525,1680
1297,259555,14,178,-1,,
1283,258075,1,8,8,259755,1680
1291,259785,1,46,-1,,
1284,258275,2,7,7,259955,1680
1285,258485,4,8,8,260165,1680
1286,258685,5,11,11,260365,1680
1287,258895,7,9,9,260575,1680
1295,259125,10,3,3,260805,1680
1296,259355,13,12,12,261035,1680
1292,259985,2,8,8,261665,1680
1293,260195,4,5,5,261875,1680
1294,260395,5,11,11,262075,1680
1302,260835,10,9,9,262345,1510
1303,261065,13,10,10,262575,1510
1304,261265,14,255,0,262775,1510
1304,261265,14,255,1,262775,1510
1304,261265,14,255,2,262775,1510
1304,261265,14,255,3,262775,1510
1304,261265,14,255,4,262775,1510
1304,261265,14,255,5,262775,1510
1304,261265,14,255,6,262775,1510
1304,261265,14,255,7,262775,1510
1304,261265,14,255,8,262775,1510
1304,261265,14,255,9,262775,1510
1304,261265,14,255,10,262775,1510
1304,261265,14,255,11,262775,1510
1304,261265,14,255,12,262775,1510
1304,261265,14,255,13,262775,1510
1304,261265,14,255,15,262775,1510
1298,261495,1,0,0,263005,1510
1299,261695,2,8,8,263205,1510
1306,263235,2,132,-1,,
1300,261905,4,255,0,263415,1510
1300,261905,4,255,1,263415,1510
1300,261905,4,255,2,263415,1510
1300,261905,4,255,3,263415,1510
1300,261905,4,255,5,263415,1510
1300,261905,4,255,6,263415,1510
1300,261905,4,255,7,263415,1510
1300,261905,4,255,8,263415,1510
1300,261905,4,255,9,263415,1510
1300,261905,4,255,10,263415,1510
1300,261905,4,255,11,263415,1510
1300,261905,4,255,12,263415,1510
1300,261905,4,255,13,263415,1510
1300,261905,4,255,14,263415,1510
1300,261905,4,255,15,263415,1510
1301,262105,5,3,3,263615,1510
1308,262375,10,2,2,263885,1510
1309,262605,13,5,5,264115,1510
1310,262805,14,255,0,264315,1510
1310,262805,14,255,1,264315,1510
1310,262805,14,255,2,264315,1510
1310,262805,14,255,3,264315,1510
1310,262805,14,255,4,264315,1510
1310,262805,14,255,5,264315,1510
1310,262805,14,255,6,264315,1510
1310,262805,14,255,7,264315,1510
1310,262805,14,255,8,264315,1510
1310,262805,14,255,9,264315,1510
1310,262805,14,255,10,264315,1510
1310,262805,14,255,11,264315,1510
1310,262805,14,255,12,264315,1510
1310,262805,14,255,13,264315,1510
1310,262805,14,255,15,264315,1510
1305,263035,1,7,7,264545,1510
1307,263645,5,255,0,264975,1330
1307,263645,5,255,1,264975,1330
1307,263645,5,255,2,264975,1330
1307,263645,5,255,3,264975,1330
1307,263645,5,255,4,264975,1330
1307,263645,5,255,6,264975,1330
1307,263645,5,255,7,264975,1330
1307,263645,5,255,8,264975,1330
1307,263645,5,255,9,264975,1330
1307,263645,5,255,10,264975,1330
1307,263645,5,255,11,264975,1330
1307,263645,5,255,12,264975,1330
1307,263645,5,255,13,264975,1330
1307,263645,5,255,14,264975,1330
1307,263645,5,255,15,264975,1330
1314,263915,10,3,3,265245,1330
1315,264145,13,1,1,265475,1330
1316,264345,14,15,15,265675,1330
1311,264575,1,13,13,265905,1330
1312,264775,2,15,15,266105,1330
1313,265005,5,14,14,266335,1330
1320,265505,13,255,0,266665,1160
1320,265505,13,255,1,266665,1160
1320,265505,13,255,2,266665,1160
1320,265505,13,255,3,266665,1160
1320,265505,13,255,4,266665,1160
1320,265505,13,255,5,266665,1160
1320,265505,13,255,6,266665,1160
1320,265505,13,255,7,266665,1160
1320,265505,13,255,8,266665,1160
1320,265505,13,255,9,266665,1160
1320,265505,13,255,10,266665,1160
1320,265505,13,255,11,266665,1160
1320,265505,13,255,12,266665,1160
1320,265505,13,255,14,266665,1160
1320,265505,13,255,15,266665,1160
1325,266695,13,150,-1,,
1321,265705,14,4,4,266865,1160
1317,265935,1,7,7,267095,1160
1318,266135,2,9,9,267295,1160
1319,266365,5,6,6,267525,1160
1326,266895,14,255,0,268055,1160
1326,266895,14,255,1,268055,1160
1326,266895,14,255,2,268055,1160
1326,266895,14,255,3,268055,1160
1326,266895,14,255,4,268055,1160
1326,266895,14,255,5,268055,1160
1326,266895,14,255,6,268055,1160
1326,266895,14,255,7,268055,1160
1326,266895,14,255,8,268055,1160
1326,266895,14,255,9,268055,1160
1326,266895,14,255,10,268055,1160
1326,266895,14,255,11,268055,1160
1326,266895,14,255,12,268055,1160
1326,266895,14,255,13,268055,1160
1326,266895,14,255,15,268055,1160
1322,267125,1,15,15,268285,1160
1323,267325,2,1,1,268485,1160
1324,267555,5,14,14,268715,1160
1329,267885,13,2,2,269045,1160
1330,268085,14,8,8,269245,1160
1327,268515,2,3,3,269495,980
1328,268745,5,11,11,269725,980
1333,269075,13,255,0,270055,980
1333,269075,13,255,1,270055,980
1333,269075,13,255,2,270055,980
1333,269075,13,255,3,270055,980
1333,269075,13,255,4,270055,980
1333,269075,13,255,5,270055,980
1333,269075,13,255,6,270055,980
1333,269075,13,255,7,270055,980
1333,269075,13,255,8,270055,980
1333,269075,13,255,9,270055,980
1333,269075,13,255,10,270055,980
1333,269075,13,255,11,270055,980
1333,269075,13,255,12,270055,980
1333,269075,13,255,14,270055,980
1333,269075,13,255,15,270055,980
1334,269275,14,1,1,270255,980
1331,269525,2,3,3,270505,980
1332,269755,5,7,7,270735,980
1337,270085,13,4,4,271065,980
1338,270285,14,12,12,271265,980
1335,270535,2,6,6,271515,980
1336,270765,5,6,6,271745,980
1340,271775,5,99,-1,,
1339,271545,2,8,8,272175,630
1341,272205,2,5,5,272835,630
1342,272435,5,8,8,273065,630
1343,272865,2,10,10,273495,630
1344,273095,5,11,11,273725,630
1346,273755,5,146,-1,,
1345,273525,2,10,10,274155,630
1347,274185,2,8,8,274815,630
1348,274415,5,0,0,275045,630
1349,274845,2,15,15,275475,630
1350,275075,5,255,0,275705,630
1350,275075,5,255,1,275705,630
1350,275075,5,255,2,275705,630
1350,275075,5,255,3,275705,630
1350,275075,5,255,4,275705,630
1350,275075,5,255,6,275705,630
1350,275075,5,255,7,275705,630
1350,275075,5,255,8,275705,630
1350,275075,5,255,9,275705,630
1350,275075,5,255,10,275705,630
1350,275075,5,255,11,275705,630
1350,275075,5,255,12,275705,630
1350,275075,5,255,13,275705,630
1350,275075,5,255,14,275705,630
1350,275075,5,255,15,275705,630
1351,275735,5,230,-1,,
