id_transaccion,t_envio,d_origen,d_destino,terminal,t_recibido,retraso
8,235,7,226,-1,,
9,135,8,3,3,555,420
10,225,9,255,0,915,690
10,225,9,255,1,915,690
10,225,9,255,2,915,690
10,225,9,255,3,915,690
10,225,9,255,4,915,690
10,225,9,255,5,915,690
10,225,9,255,6,915,690
10,225,9,255,7,915,690
10,225,9,255,8,915,690
10,225,9,255,10,915,690
10,225,9,255,11,915,690
10,225,9,255,12,915,690
10,225,9,255,13,915,690
10,225,9,255,14,915,690
10,225,9,255,15,915,690
11,205,10,4,4,1275,1070
12,115,11,255,0,1635,1520
12,115,11,255,1,1635,1520
12,115,11,255,2,1635,1520
12,115,11,255,3,1635,1520
12,115,11,255,4,1635,1520
12,115,11,255,5,1635,1520
12,115,11,255,6,1635,1520
12,115,11,255,7,1635,1520
12,115,11,255,8,1635,1520
12,115,11,255,9,1635,1520
12,115,11,255,10,1635,1520
12,115,11,255,12,1635,1520
12,115,11,255,13,1635,1520
12,115,11,255,14,1635,1520
12,115,11,255,15,1635,1520
28,1665,11,84,-1,,
13,125,12,7,7,1995,1870
14,185,13,0,0,2355,2170
15,165,14,1,1,2715,2550
16,135,15,8,8,3075,2940
32,3105,15,115,-1,,
1,165,0,5,5,3435,3270
17,3465,0,145,-1,,
2,145,1,11,11,3795,3650
3,165,2,15,15,4155,3990
4,245,3,5,5,4515,4270
5,195,4,15,15,4875,4680
6,205,5,7,7,5235,5030
7,205,6,12,12,5595,5390
25,585,8,9,9,6315,5730
26,945,9,15,15,6675,5730
27,1305,10,255,0,7035,5730
27,1305,10,255,1,7035,5730
27,1305,10,255,2,7035,5730
27,1305,10,255,3,7035,5730
27,1305,10,255,4,7035,5730
27,1305,10,255,5,7035,5730
27,1305,10,255,6,7035,5730
27,1305,10,255,7,7035,5730
27,1305,10,255,8,7035,5730
27,1305,10,255,9,7035,5730
27,1305,10,255,11,7035,5730
27,1305,10,255,12,7035,5730
27,1305,10,255,13,7035,5730
27,1305,10,255,14,7035,5730
27,1305,10,255,15,7035,5730
29,2025,12,2,2,7755,5730
30,2385,13,255,0,8115,5730
30,2385,13,255,1,8115,5730
30,2385,13,255,2,8115,5730
30,2385,13,255,3,8115,5730
30,2385,13,255,4,8115,5730
30,2385,13,255,5,8115,5730
30,2385,13,255,6,8115,5730
30,2385,13,255,7,8115,5730
30,2385,13,255,8,8115,5730
30,2385,13,255,9,8115,5730
30,2385,13,255,10,8115,5730
30,2385,13,255,11,8115,5730
30,2385,13,255,12,8115,5730
30,2385,13,255,14,8115,5730
30,2385,13,255,15,8115,5730
31,2745,14,10,10,8475,5730
18,3825,1,11,11,9555,5730
19,4185,2,5,5,9915,5730
20,4545,3,14,14,10275,5730
21,4905,4,11,11,10635,5730
22,5265,5,9,9,10995,5730
23,5625,6,255,0,11355,5730
23,5625,6,255,1,11355,5730
23,5625,6,255,2,11355,5730
23,5625,6,255,3,11355,5730
23,5625,6,255,4,11355,5730
23,5625,6,255,5,11355,5730
23,5625,6,255,7,11355,5730
23,5625,6,255,8,11355,5730
23,5625,6,255,9,11355,5730
23,5625,6,255,10,11355,5730
23,5625,6,255,11,11355,5730
23,5625,6,255,12,11355,5730
23,5625,6,255,13,11355,5730
23,5625,6,255,14,11355,5730
23,5625,6,255,15,11355,5730
24,5985,7,11,11,11715,5730
41,6345,8,11,11,12075,5730
42,6705,9,255,0,12435,5730
42,6705,9,255,1,12435,5730
42,6705,9,255,2,12435,5730
42,6705,9,255,3,12435,5730
42,6705,9,255,4,12435,5730
42,6705,9,255,5,12435,5730
42,6705,9,255,6,12435,5730
42,6705,9,255,7,12435,5730
42,6705,9,255,8,12435,5730
42,6705,9,255,10,12435,5730
42,6705,9,255,11,12435,5730
42,6705,9,255,12,12435,5730
42,6705,9,255,13,12435,5730
42,6705,9,255,14,12435,5730
42,6705,9,255,15,12435,5730
43,7065,10,15,15,12795,5730
44,7425,11,255,0,13155,5730
44,7425,11,255,1,13155,5730
44,7425,11,255,2,13155,5730
44,7425,11,255,3,13155,5730
44,7425,11,255,4,13155,5730
44,7425,11,255,5,13155,5730
44,7425,11,255,6,13155,5730
44,7425,11,255,7,13155,5730
44,7425,11,255,8,13155,5730
44,7425,11,255,9,13155,5730
44,7425,11,255,10,13155,5730
44,7425,11,255,12,13155,5730
44,7425,11,255,13,13155,5730
44,7425,11,255,14,13155,5730
44,7425,11,255,15,13155,5730
45,7785,12,3,3,13515,5730
46,8145,13,2,2,13875,5730
47,8505,14,9,9,14235,5730
48,8865,15,2,2,14595,5730
33,9225,0,15,15,14955,5730
34,9585,1,255,0,15315,5730
34,9585,1,255,2,15315,5730
34,9585,1,255,3,15315,5730
34,9585,1,255,4,15315,5730
34,9585,1,255,5,15315,5730
34,9585,1,255,6,15315,5730
34,9585,1,255,7,15315,5730
34,9585,1,255,8,15315,5730
34,9585,1,255,9,15315,5730
34,9585,1,255,10,15315,5730
34,9585,1,255,11,15315,5730
34,9585,1,255,12,15315,5730
34,9585,1,255,13,15315,5730
34,9585,1,255,14,15315,5730
34,9585,1,255,15,15315,5730
35,9945,2,255,0,15675,5730
35,9945,2,255,1,15675,5730
35,9945,2,255,3,15675,5730
35,9945,2,255,4,15675,5730
35,9945,2,255,5,15675,5730
35,9945,2,255,6,15675,5730
35,9945,2,255,7,15675,5730
35,9945,2,255,8,15675,5730
35,9945,2,255,9,15675,5730
35,9945,2,255,10,15675,5730
35,9945,2,255,11,15675,5730
35,9945,2,255,12,15675,5730
35,9945,2,255,13,15675,5730
35,9945,2,255,14,15675,5730
35,9945,2,255,15,15675,5730
36,10305,3,255,0,16035,5730
36,10305,3,255,1,16035,5730
36,10305,3,255,2,16035,5730
36,10305,3,255,4,16035,5730
36,10305,3,255,5,16035,5730
36,10305,3,255,6,16035,5730
36,10305,3,255,7,16035,5730
36,10305,3,255,8,16035,5730
36,10305,3,255,9,16035,5730
36,10305,3,255,10,16035,5730
36,10305,3,255,11,16035,5730
36,10305,3,255,12,16035,5730
36,10305,3,255,13,16035,5730
36,10305,3,255,14,16035,5730
36,10305,3,255,15,16035,5730
37,10665,4,15,15,16395,5730
38,11025,5,8,8,16755,5730
39,11385,6,8,8,17115,5730
40,11745,7,9,9,17475,5730
57,12105,8,15,15,17835,5730
58,12465,9,15,15,18195,5730
59,12825,10,4,4,18555,5730
60,13185,11,13,13,18915,5730
61,13545,12,10,10,19275,5730
62,13905,13,8,8,19635,5730
63,14265,14,12,12,19995,5730
64,14625,15,10,10,20355,5730
49,14985,0,255,1,20715,5730
49,14985,0,255,2,20715,5730
49,14985,0,255,3,20715,5730
49,14985,0,255,4,20715,5730
49,14985,0,255,5,20715,5730
49,14985,0,255,6,20715,5730
49,14985,0,255,7,20715,5730
49,14985,0,255,8,20715,5730
49,14985,0,255,9,20715,5730
49,14985,0,255,10,20715,5730
49,14985,0,255,11,20715,5730
49,14985,0,255,12,20715,5730
49,14985,0,255,13,20715,5730
49,14985,0,255,14,20715,5730
49,14985,0,255,15,20715,5730
50,15345,1,13,13,21075,5730
51,15705,2,7,7,21435,5730
52,16065,3,255,0,21795,5730
52,16065,3,255,1,21795,5730
52,16065,3,255,2,21795,5730
52,16065,3,255,4,21795,5730
52,16065,3,255,5,21795,5730
52,16065,3,255,6,21795,5730
52,16065,3,255,7,21795,5730
52,16065,3,255,8,21795,5730
52,16065,3,255,9,21795,5730
52,16065,3,255,10,21795,5730
52,16065,3,255,11,21795,5730
52,16065,3,255,12,21795,5730
52,16065,3,255,13,21795,5730
52,16065,3,255,14,21795,5730
52,16065,3,255,15,21795,5730
53,16425,4,7,7,22155,5730
54,16785,5,0,0,22515,5730
55,17145,6,12,12,22875,5730
56,17505,7,11,11,23235,5730
73,17865,8,15,15,23595,5730
74,18225,9,14,14,23955,5730
75,18585,10,4,4,24315,5730
76,18945,11,2,2,24675,5730
77,19305,12,2,2,25035,5730
78,19665,13,6,6,25395,5730
79,20025,14,3,3,25755,5730
80,20385,15,6,6,26115,5730
65,20745,0,7,7,26475,5730
66,21105,1,6,6,26835,5730
82,26865,1,21,-1,,
67,21465,2,14,14,27195,5730
68,21825,3,11,11,27555,5730
69,22185,4,6,6,27915,5730
70,22545,5,1,1,28275,5730
86,28305,5,22,-1,,
71,22905,6,7,7,28635,5730
72,23265,7,5,5,28995,5730
89,23625,8,12,12,29355,5730
105,29385,8,200,-1,,
90,23985,9,11,11,29715,5730
91,24345,10,6,6,30075,5730
107,30105,10,27,-1,,
92,24705,11,255,0,30435,5730
92,24705,11,255,1,30435,5730
92,24705,11,255,2,30435,5730
92,24705,11,255,3,30435,5730
92,24705,11,255,4,30435,5730
92,24705,11,255,5,30435,5730
92,24705,11,255,6,30435,5730
92,24705,11,255,7,30435,5730
92,24705,11,255,8,30435,5730
92,24705,11,255,9,30435,5730
92,24705,11,255,10,30435,5730
92,24705,11,255,12,30435,5730
92,24705,11,255,13,30435,5730
92,24705,11,255,14,30435,5730
92,24705,11,255,15,30435,5730
93,25065,12,2,2,30795,5730
109,30825,12,112,-1,,
94,25425,13,11,11,31155,5730
95,25785,14,6,6,31515,5730
96,26145,15,11,11,31875,5730
112,31905,15,190,-1,,
81,26505,0,12,12,32235,5730
83,27225,2,14,14,32955,5730
84,27585,3,15,15,33315,5730
85,27945,4,255,0,33675,5730
85,27945,4,255,1,33675,5730
85,27945,4,255,2,33675,5730
85,27945,4,255,3,33675,5730
85,27945,4,255,5,33675,5730
85,27945,4,255,6,33675,5730
85,27945,4,255,7,33675,5730
85,27945,4,255,8,33675,5730
85,27945,4,255,9,33675,5730
85,27945,4,255,10,33675,5730
85,27945,4,255,11,33675,5730
85,27945,4,255,12,33675,5730
85,27945,4,255,13,33675,5730
85,27945,4,255,14,33675,5730
85,27945,4,255,15,33675,5730
87,28665,6,255,0,34395,5730
87,28665,6,255,1,34395,5730
87,28665,6,255,2,34395,5730
87,28665,6,255,3,34395,5730
87,28665,6,255,4,34395,5730
87,28665,6,255,5,34395,5730
87,28665,6,255,7,34395,5730
87,28665,6,255,8,34395,5730
87,28665,6,255,9,34395,5730
87,28665,6,255,10,34395,5730
87,28665,6,255,11,34395,5730
87,28665,6,255,12,34395,5730
87,28665,6,255,13,34395,5730
87,28665,6,255,14,34395,5730
87,28665,6,255,15,34395,5730
88,29025,7,6,6,34755,5730
106,29745,9,7,7,35475,5730
122,35505,9,164,-1,,
108,30465,11,13,13,36195,5730
110,31185,13,4,4,36915,5730
111,31545,14,8,8,37275,5730
97,32265,0,13,13,37995,5730
98,32625,1,13,13,38355,5730
114,38385,1,120,-1,,
99,32985,2,3,3,38715,5730
115,38745,2,203,-1,,
100,33345,3,14,14,39075,5730
101,33705,4,0,0,39435,5730
102,34065,5,9,9,39795,5730
103,34425,6,0,0,40155,5730
104,34785,7,13,13,40515,5730
121,35145,8,7,7,40875,5730
123,35865,10,12,12,41595,5730
124,36225,11,1,1,41955,5730
125,36585,12,14,14,42315,5730
126,36945,13,12,12,42675,5730
142,42705,13,132,-1,,
127,37305,14,15,15,43035,5730
128,37665,15,10,10,43395,5730
113,38025,0,12,12,43755,5730
116,39105,3,8,8,44835,5730
117,39465,4,9,9,45195,5730
118,39825,5,15,15,45555,5730
119,40185,6,255,0,45915,5730
119,40185,6,255,1,45915,5730
119,40185,6,255,2,45915,5730
119,40185,6,255,3,45915,5730
119,40185,6,255,4,45915,5730
119,40185,6,255,5,45915,5730
119,40185,6,255,7,45915,5730
119,40185,6,255,8,45915,5730
119,40185,6,255,9,45915,5730
119,40185,6,255,10,45915,5730
119,40185,6,255,11,45915,5730
119,40185,6,255,12,45915,5730
119,40185,6,255,13,45915,5730
119,40185,6,255,14,45915,5730
119,40185,6,255,15,45915,5730
120,40545,7,13,13,46275,5730
137,40905,8,11,11,46635,5730
138,41265,9,7,7,46995,5730
154,47025,9,181,-1,,
139,41625,10,255,0,47355,5730
139,41625,10,255,1,47355,5730
139,41625,10,255,2,47355,5730
139,41625,10,255,3,47355,5730
139,41625,10,255,4,47355,5730
139,41625,10,255,5,47355,5730
139,41625,10,255,6,47355,5730
139,41625,10,255,7,47355,5730
139,41625,10,255,8,47355,5730
139,41625,10,255,9,47355,5730
139,41625,10,255,11,47355,5730
139,41625,10,255,12,47355,5730
139,41625,10,255,13,47355,5730
139,41625,10,255,14,47355,5730
139,41625,10,255,15,47355,5730
140,41985,11,6,6,47715,5730
141,42345,12,6,6,48075,5730
158,48465,13,175,-1,,
143,43065,14,3,3,48795,5730
144,43425,15,2,2,49155,5730
129,43785,0,255,1,49515,5730
129,43785,0,255,2,49515,5730
129,43785,0,255,3,49515,5730
129,43785,0,255,4,49515,5730
129,43785,0,255,5,49515,5730
129,43785,0,255,6,49515,5730
129,43785,0,255,7,49515,5730
129,43785,0,255,8,49515,5730
129,43785,0,255,9,49515,5730
129,43785,0,255,10,49515,5730
129,43785,0,255,11,49515,5730
129,43785,0,255,12,49515,5730
129,43785,0,255,13,49515,5730
129,43785,0,255,14,49515,5730
129,43785,0,255,15,49515,5730
130,44145,1,0,0,49875,5730
131,44505,2,9,9,50235,5730
147,50265,2,179,-1,,
132,44865,3,255,0,50595,5730
132,44865,3,255,1,50595,5730
132,44865,3,255,2,50595,5730
132,44865,3,255,4,50595,5730
132,44865,3,255,5,50595,5730
132,44865,3,255,6,50595,5730
132,44865,3,255,7,50595,5730
132,44865,3,255,8,50595,5730
132,44865,3,255,9,50595,5730
132,44865,3,255,10,50595,5730
132,44865,3,255,11,50595,5730
132,44865,3,255,12,50595,5730
132,44865,3,255,13,50595,5730
132,44865,3,255,14,50595,5730
132,44865,3,255,15,50595,5730
133,45225,4,10,10,50955,5730
134,45585,5,14,14,51315,5730
135,45945,6,2,2,51675,5730
136,46305,7,11,11,52035,5730
153,46665,8,11,11,52395,5730
155,47385,10,255,0,53115,5730
155,47385,10,255,1,53115,5730
155,47385,10,255,2,53115,5730
155,47385,10,255,3,53115,5730
155,47385,10,255,4,53115,5730
155,47385,10,255,5,53115,5730
155,47385,10,255,6,53115,5730
155,47385,10,255,7,53115,5730
155,47385,10,255,8,53115,5730
155,47385,10,255,9,53115,5730
155,47385,10,255,11,53115,5730
155,47385,10,255,12,53115,5730
155,47385,10,255,13,53115,5730
155,47385,10,255,14,53115,5730
155,47385,10,255,15,53115,5730
156,47745,11,6,6,53475,5730
172,53505,11,21,-1,,
157,48105,12,14,14,53835,5730
159,48825,14,255,0,54555,5730
159,48825,14,255,1,54555,5730
159,48825,14,255,2,54555,5730
159,48825,14,255,3,54555,5730
159,48825,14,255,4,54555,5730
159,48825,14,255,5,54555,5730
159,48825,14,255,6,54555,5730
159,48825,14,255,7,54555,5730
159,48825,14,255,8,54555,5730
159,48825,14,255,9,54555,5730
159,48825,14,255,10,54555,5730
159,48825,14,255,11,54555,5730
159,48825,14,255,12,54555,5730
159,48825,14,255,13,54555,5730
159,48825,14,255,15,54555,5730
160,49185,15,255,0,54915,5730
160,49185,15,255,1,54915,5730
160,49185,15,255,2,54915,5730
160,49185,15,255,3,54915,5730
160,49185,15,255,4,54915,5730
160,49185,15,255,5,54915,5730
160,49185,15,255,6,54915,5730
160,49185,15,255,7,54915,5730
160,49185,15,255,8,54915,5730
160,49185,15,255,9,54915,5730
160,49185,15,255,10,54915,5730
160,49185,15,255,11,54915,5730
160,49185,15,255,12,54915,5730
160,49185,15,255,13,54915,5730
160,49185,15,255,14,54915,5730
145,49545,0,1,1,55275,5730
146,49905,1,255,0,55635,5730
146,49905,1,255,2,55635,5730
146,49905,1,255,3,55635,5730
146,49905,1,255,4,55635,5730
146,49905,1,255,5,55635,5730
146,49905,1,255,6,55635,5730
146,49905,1,255,7,55635,5730
146,49905,1,255,8,55635,5730
146,49905,1,255,9,55635,5730
146,49905,1,255,10,55635,5730
146,49905,1,255,11,55635,5730
146,49905,1,255,12,55635,5730
146,49905,1,255,13,55635,5730
146,49905,1,255,14,55635,5730
146,49905,1,255,15,55635,5730
148,50625,3,255,0,56355,5730
148,50625,3,255,1,56355,5730
148,50625,3,255,2,56355,5730
148,50625,3,255,4,56355,5730
148,50625,3,255,5,56355,5730
148,50625,3,255,6,56355,5730
148,50625,3,255,7,56355,5730
148,50625,3,255,8,56355,5730
148,50625,3,255,9,56355,5730
148,50625,3,255,10,56355,5730
148,50625,3,255,11,56355,5730
148,50625,3,255,12,56355,5730
148,50625,3,255,13,56355,5730
148,50625,3,255,14,56355,5730
148,50625,3,255,15,56355,5730
149,50985,4,11,11,56715,5730
150,51345,5,255,0,57075,5730
150,51345,5,255,1,57075,5730
150,51345,5,255,2,57075,5730
150,51345,5,255,3,57075,5730
150,51345,5,255,4,57075,5730
150,51345,5,255,6,57075,5730
150,51345,5,255,7,57075,5730
150,51345,5,255,8,57075,5730
150,51345,5,255,9,57075,5730
150,51345,5,255,10,57075,5730
150,51345,5,255,11,57075,5730
150,51345,5,255,12,57075,5730
150,51345,5,255,13,57075,5730
150,51345,5,255,14,57075,5730
150,51345,5,255,15,57075,5730
151,51705,6,14,14,57435,5730
152,52065,7,4,4,57795,5730
169,52425,8,14,14,58155,5730
170,52785,9,8,8,58515,5730
171,53145,10,255,0,58875,5730
171,53145,10,255,1,58875,5730
171,53145,10,255,2,58875,5730
171,53145,10,255,3,58875,5730
171,53145,10,255,4,58875,5730
171,53145,10,255,5,58875,5730
171,53145,10,255,6,58875,5730
171,53145,10,255,7,58875,5730
171,53145,10,255,8,58875,5730
171,53145,10,255,9,58875,5730
171,53145,10,255,11,58875,5730
171,53145,10,255,12,58875,5730
171,53145,10,255,13,58875,5730
171,53145,10,255,14,58875,5730
171,53145,10,255,15,58875,5730
173,53865,12,2,2,59595,5730
174,54225,13,15,15,59955,5730
175,54585,14,255,0,60315,5730
175,54585,14,255,1,60315,5730
175,54585,14,255,2,60315,5730
175,54585,14,255,3,60315,5730
175,54585,14,255,4,60315,5730
175,54585,14,255,5,60315,5730
175,54585,14,255,6,60315,5730
175,54585,14,255,7,60315,5730
175,54585,14,255,8,60315,5730
175,54585,14,255,9,60315,5730
175,54585,14,255,10,60315,5730
175,54585,14,255,11,60315,5730
175,54585,14,255,12,60315,5730
175,54585,14,255,13,60315,5730
175,54585,14,255,15,60315,5730
176,54945,15,3,3,60675,5730
161,55305,0,255,1,61035,5730
161,55305,0,255,2,61035,5730
161,55305,0,255,3,61035,5730
161,55305,0,255,4,61035,5730
161,55305,0,255,5,61035,5730
161,55305,0,255,6,61035,5730
161,55305,0,255,7,61035,5730
161,55305,0,255,8,61035,5730
161,55305,0,255,9,61035,5730
161,55305,0,255,10,61035,5730
161,55305,0,255,11,61035,5730
161,55305,0,255,12,61035,5730
161,55305,0,255,13,61035,5730
161,55305,0,255,14,61035,5730
161,55305,0,255,15,61035,5730
162,55665,1,7,7,61395,5730
163,56025,2,10,10,61755,5730
164,56385,3,255,0,62115,5730
164,56385,3,255,1,62115,5730
164,56385,3,255,2,62115,5730
164,56385,3,255,4,62115,5730
164,56385,3,255,5,62115,5730
164,56385,3,255,6,62115,5730
164,56385,3,255,7,62115,5730
164,56385,3,255,8,62115,5730
164,56385,3,255,9,62115,5730
164,56385,3,255,10,62115,5730
164,56385,3,255,11,62115,5730
164,56385,3,255,12,62115,5730
164,56385,3,255,13,62115,5730
164,56385,3,255,14,62115,5730
164,56385,3,255,15,62115,5730
165,56745,4,12,12,62475,5730
166,57105,5,2,2,62835,5730
167,57465,6,8,8,63195,5730
168,57825,7,3,3,63555,5730
185,58185,8,5,5,63915,5730
186,58545,9,12,12,64275,5730
187,58905,10,7,7,64635,5730
188,59265,11,0,0,64995,5730
189,59625,12,6,6,65355,5730
190,59985,13,4,4,65715,5730
191,60345,14,4,4,66075,5730
192,60705,15,10,10,66435,5730
177,61065,0,5,5,66795,5730
178,61425,1,12,12,67155,5730
194,67185,1,194,-1,,
179,61785,2,7,7,67515,5730
180,62145,3,1,1,67875,5730
181,62505,4,6,6,68235,5730
182,62865,5,14,14,68595,5730
183,63225,6,3,3,68955,5730
184,63585,7,255,0,69315,5730
184,63585,7,255,1,69315,5730
184,63585,7,255,2,69315,5730
184,63585,7,255,3,69315,5730
184,63585,7,255,4,69315,5730
184,63585,7,255,5,69315,5730
184,63585,7,255,6,69315,5730
184,63585,7,255,8,69315,5730
184,63585,7,255,9,69315,5730
184,63585,7,255,10,69315,5730
184,63585,7,255,11,69315,5730
184,63585,7,255,12,69315,5730
184,63585,7,255,13,69315,5730
184,63585,7,255,14,69315,5730
184,63585,7,255,15,69315,5730
201,63945,8,15,15,69675,5730
202,64305,9,12,12,70035,5730
203,64665,10,5,5,70395,5730
204,65025,11,1,1,70755,5730
205,65385,12,9,9,71115,5730
206,65745,13,3,3,71475,5730
207,66105,14,8,8,71835,5730
208,66465,15,1,1,72195,5730
193,66825,0,14,14,72555,5730
209,72585,0,67,-1,,
195,67545,2,12,12,73275,5730
196,67905,3,255,0,73635,5730
196,67905,3,255,1,73635,5730
196,67905,3,255,2,73635,5730
196,67905,3,255,4,73635,5730
196,67905,3,255,5,73635,5730
196,67905,3,255,6,73635,5730
196,67905,3,255,7,73635,5730
196,67905,3,255,8,73635,5730
196,67905,3,255,9,73635,5730
196,67905,3,255,10,73635,5730
196,67905,3,255,11,73635,5730
196,67905,3,255,12,73635,5730
196,67905,3,255,13,73635,5730
196,67905,3,255,14,73635,5730
196,67905,3,255,15,73635,5730
197,68265,4,2,2,73995,5730
213,74025,4,201,-1,,
198,68625,5,13,13,74355,5730
199,68985,6,4,4,74715,5730
200,69345,7,3,3,75075,5730
217,69705,8,0,0,75435,5730
218,70065,9,15,15,75795,5730
219,70425,10,8,8,76155,5730
220,70785,11,1,1,76515,5730
221,71145,12,255,0,76875,5730
221,71145,12,255,1,76875,5730
221,71145,12,255,2,76875,5730
221,71145,12,255,3,76875,5730
221,71145,12,255,4,76875,5730
221,71145,12,255,5,76875,5730
221,71145,12,255,6,76875,5730
221,71145,12,255,7,76875,5730
221,71145,12,255,8,76875,5730
221,71145,12,255,9,76875,5730
221,71145,12,255,10,76875,5730
221,71145,12,255,11,76875,5730
221,71145,12,255,13,76875,5730
221,71145,12,255,14,76875,5730
221,71145,12,255,15,76875,5730
222,71505,13,8,8,77235,5730
223,71865,14,5,5,77595,5730
224,72225,15,12,12,77955,5730
210,72945,1,13,13,78675,5730
211,73305,2,10,10,79035,5730
212,73665,3,15,15,79395,5730
214,74385,5,13,13,80115,5730
215,74745,6,255,0,80475,5730
215,74745,6,255,1,80475,5730
215,74745,6,255,2,80475,5730
215,74745,6,255,3,80475,5730
215,74745,6,255,4,80475,5730
215,74745,6,255,5,80475,5730
215,74745,6,255,7,80475,5730
215,74745,6,255,8,80475,5730
215,74745,6,255,9,80475,5730
215,74745,6,255,10,80475,5730
215,74745,6,255,11,80475,5730
215,74745,6,255,12,80475,5730
215,74745,6,255,13,80475,5730
215,74745,6,255,14,80475,5730
215,74745,6,255,15,80475,5730
231,80505,6,149,-1,,
216,75105,7,4,4,80835,5730
233,75465,8,0,0,81195,5730
249,81225,8,233,-1,,
234,75825,9,3,3,81555,5730
235,76185,10,255,0,81915,5730
235,76185,10,255,1,81915,5730
235,76185,10,255,2,81915,5730
235,76185,10,255,3,81915,5730
235,76185,10,255,4,81915,5730
235,76185,10,255,5,81915,5730
235,76185,10,255,6,81915,5730
235,76185,10,255,7,81915,5730
235,76185,10,255,8,81915,5730
235,76185,10,255,9,81915,5730
235,76185,10,255,11,81915,5730
235,76185,10,255,12,81915,5730
235,76185,10,255,13,81915,5730
235,76185,10,255,14,81915,5730
235,76185,10,255,15,81915,5730
236,76545,11,15,15,82275,5730
237,76905,12,10,10,82635,5730
238,77265,13,6,6,82995,5730
239,77625,14,3,3,83355,5730
240,77985,15,8,8,83715,5730
225,78345,0,9,9,84075,5730
226,78705,1,8,8,84435,5730
227,79065,2,7,7,84795,5730
228,79425,3,11,11,85155,5730
229,79785,4,11,11,85515,5730
230,80145,5,1,1,85875,5730
246,85905,5,176,-1,,
232,80865,7,14,14,86595,5730
250,81585,9,7,7,87315,5730
251,81945,10,1,1,87675,5730
252,82305,11,15,15,88035,5730
253,82665,12,4,4,88395,5730
254,83025,13,7,7,88755,5730
255,83385,14,11,11,89115,5730
256,83745,15,1,1,89475,5730
241,84105,0,8,8,89835,5730
242,84465,1,11,11,90195,5730
243,84825,2,7,7,90555,5730
244,85185,3,9,9,90915,5730
245,85545,4,15,15,91275,5730
247,86265,6,13,13,91995,5730
248,86625,7,6,6,92355,5730
265,86985,8,1,1,92715,5730
266,87345,9,0,0,93075,5730
267,87705,10,11,11,93435,5730
268,88065,11,7,7,93795,5730
269,88425,12,15,15,94155,5730
270,88785,13,15,15,94515,5730
271,89145,14,15,15,94875,5730
272,89505,15,2,2,95235,5730
257,89865,0,1,1,95595,5730
258,90225,1,5,5,95955,5730
259,90585,2,9,9,96315,5730
260,90945,3,0,0,96675,5730
276,96705,3,32,-1,,
261,91305,4,1,1,97035,5730
262,91665,5,12,12,97395,5730
263,92025,6,4,4,97755,5730
264,92385,7,10,10,98115,5730
281,92745,8,0,0,98475,5730
297,98505,8,97,-1,,
282,93105,9,7,7,98835,5730
283,93465,10,2,2,99195,5730
284,93825,11,3,3,99555,5730
285,94185,12,7,7,99915,5730
286,94545,13,3,3,100275,5730
287,94905,14,9,9,100635,5730
288,95265,15,7,7,100995,5730
273,95625,0,8,8,101355,5730
274,95985,1,5,5,101715,5730
275,96345,2,5,5,102075,5730
277,97065,4,14,14,102795,5730
278,97425,5,4,4,103155,5730
294,103185,5,145,-1,,
279,97785,6,255,0,103515,5730
279,97785,6,255,1,103515,5730
279,97785,6,255,2,103515,5730
279,97785,6,255,3,103515,5730
279,97785,6,255,4,103515,5730
279,97785,6,255,5,103515,5730
279,97785,6,255,7,103515,5730
279,97785,6,255,8,103515,5730
279,97785,6,255,9,103515,5730
279,97785,6,255,10,103515,5730
279,97785,6,255,11,103515,5730
279,97785,6,255,12,103515,5730
279,97785,6,255,13,103515,5730
279,97785,6,255,14,103515,5730
279,97785,6,255,15,103515,5730
280,98145,7,2,2,103875,5730
296,103905,7,131,-1,,
298,98865,9,1,1,104595,5730
299,99225,10,12,12,104955,5730
300,99585,11,7,7,105315,5730
301,99945,12,6,6,105675,5730
317,105705,12,92,-1,,
302,100305,13,6,6,106035,5730
303,100665,14,0,0,106395,5730
304,101025,15,3,3,106755,5730
289,101385,0,14,14,107115,5730
290,101745,1,14,14,107475,5730
291,102105,2,13,13,107835,5730
292,102465,3,1,1,108195,5730
293,102825,4,3,3,108555,5730
309,108585,4,109,-1,,
295,103545,6,2,2,109275,5730
313,104265,8,10,10,109995,5730
314,104625,9,8,8,110355,5730
315,104985,10,0,0,110715,5730
316,105345,11,2,2,111075,5730
318,106065,13,7,7,111795,5730
319,106425,14,10,10,112155,5730
335,112185,14,186,-1,,
320,106785,15,6,6,112515,5730
305,107145,0,255,1,112875,5730
305,107145,0,255,2,112875,5730
305,107145,0,255,3,112875,5730
305,107145,0,255,4,112875,5730
305,107145,0,255,5,112875,5730
305,107145,0,255,6,112875,5730
305,107145,0,255,7,112875,5730
305,107145,0,255,8,112875,5730
305,107145,0,255,9,112875,5730
305,107145,0,255,10,112875,5730
305,107145,0,255,11,112875,5730
305,107145,0,255,12,112875,5730
305,107145,0,255,13,112875,5730
305,107145,0,255,14,112875,5730
305,107145,0,255,15,112875,5730
306,107505,1,14,14,113235,5730
307,107865,2,7,7,113595,5730
308,108225,3,1,1,113955,5730
310,108945,5,11,11,114675,5730
311,109305,6,13,13,115035,5730
312,109665,7,14,14,115395,5730
329,110025,8,4,4,115755,5730
330,110385,9,15,15,116115,5730
331,110745,10,13,13,116475,5730
332,111105,11,13,13,116835,5730
333,111465,12,0,0,117195,5730
334,111825,13,7,7,117555,5730
336,112545,15,4,4,118275,5730
321,112905,0,255,1,118635,5730
321,112905,0,255,2,118635,5730
321,112905,0,255,3,118635,5730
321,112905,0,255,4,118635,5730
321,112905,0,255,5,118635,5730
321,112905,0,255,6,118635,5730
321,112905,0,255,7,118635,5730
321,112905,0,255,8,118635,5730
321,112905,0,255,9,118635,5730
321,112905,0,255,10,118635,5730
321,112905,0,255,11,118635,5730
321,112905,0,255,12,118635,5730
321,112905,0,255,13,118635,5730
321,112905,0,255,14,118635,5730
321,112905,0,255,15,118635,5730
322,113265,1,10,10,118995,5730
323,113625,2,7,7,119355,5730
324,113985,3,12,12,119715,5730
325,114345,4,5,5,120075,5730
326,114705,5,0,0,120435,5730
327,115065,6,10,10,120795,5730
328,115425,7,6,6,121155,5730
345,115785,8,1,1,121515,5730
346,116145,9,2,2,121875,5730
347,116505,10,1,1,122235,5730
363,122265,10,112,-1,,
348,116865,11,3,3,122595,5730
349,117225,12,14,14,122955,5730
350,117585,13,4,4,123315,5730
351,117945,14,6,6,123675,5730
352,118305,15,12,12,124035,5730
337,118665,0,255,1,124395,5730
337,118665,0,255,2,124395,5730
337,118665,0,255,3,124395,5730
337,118665,0,255,4,124395,5730
337,118665,0,255,5,124395,5730
337,118665,0,255,6,124395,5730
337,118665,0,255,7,124395,5730
337,118665,0,255,8,124395,5730
337,118665,0,255,9,124395,5730
337,118665,0,255,10,124395,5730
337,118665,0,255,11,124395,5730
337,118665,0,255,12,124395,5730
337,118665,0,255,13,124395,5730
337,118665,0,255,14,124395,5730
337,118665,0,255,15,124395,5730
338,119025,1,11,11,124755,5730
354,124785,1,143,-1,,
339,119385,2,5,5,125115,5730
355,125145,2,156,-1,,
340,119745,3,13,13,125475,5730
341,120105,4,11,11,125835,5730
342,120465,5,6,6,126195,5730
343,120825,6,11,11,126555,5730
344,121185,7,1,1,126915,5730
361,121545,8,11,11,127275,5730
377,127305,8,71,-1,,
362,121905,9,7,7,127635,5730
364,122625,11,14,14,128355,5730
365,122985,12,3,3,128715,5730
366,123345,13,8,8,129075,5730
367,123705,14,10,10,129435,5730
368,124065,15,1,1,129795,5730
353,124425,0,14,14,130155,5730
356,125505,3,2,2,131235,5730
357,125865,4,255,0,131595,5730
357,125865,4,255,1,131595,5730
357,125865,4,255,2,131595,5730
357,125865,4,255,3,131595,5730
357,125865,4,255,5,131595,5730
357,125865,4,255,6,131595,5730
357,125865,4,255,7,131595,5730
357,125865,4,255,8,131595,5730
357,125865,4,255,9,131595,5730
357,125865,4,255,10,131595,5730
357,125865,4,255,11,131595,5730
357,125865,4,255,12,131595,5730
357,125865,4,255,13,131595,5730
357,125865,4,255,14,131595,5730
357,125865,4,255,15,131595,5730
358,126225,5,255,0,131955,5730
358,126225,5,255,1,131955,5730
358,126225,5,255,2,131955,5730
358,126225,5,255,3,131955,5730
358,126225,5,255,4,131955,5730
358,126225,5,255,6,131955,5730
358,126225,5,255,7,131955,5730
358,126225,5,255,8,131955,5730
358,126225,5,255,9,131955,5730
358,126225,5,255,10,131955,5730
358,126225,5,255,11,131955,5730
358,126225,5,255,12,131955,5730
358,126225,5,255,13,131955,5730
358,126225,5,255,14,131955,5730
358,126225,5,255,15,131955,5730
359,126585,6,4,4,132315,5730
375,132345,6,106,-1,,
360,126945,7,8,8,132675,5730
378,127665,9,14,14,133395,5730
379,128025,10,5,5,133755,5730
380,128385,11,15,15,134115,5730
381,128745,12,7,7,134475,5730
382,129105,13,7,7,134835,5730
383,129465,14,4,4,135195,5730
384,129825,15,13,13,135555,5730
369,130185,0,12,12,135915,5730
370,130545,1,9,9,136275,5730
371,130905,2,8,8,136635,5730
372,131265,3,255,0,136995,5730
372,131265,3,255,1,136995,5730
372,131265,3,255,2,136995,5730
372,131265,3,255,4,136995,5730
372,131265,3,255,5,136995,5730
372,131265,3,255,6,136995,5730
372,131265,3,255,7,136995,5730
372,131265,3,255,8,136995,5730
372,131265,3,255,9,136995,5730
372,131265,3,255,10,136995,5730
372,131265,3,255,11,136995,5730
372,131265,3,255,12,136995,5730
372,131265,3,255,13,136995,5730
372,131265,3,255,14,136995,5730
372,131265,3,255,15,136995,5730
388,137025,3,71,-1,,
373,131625,4,255,0,137355,5730
373,131625,4,255,1,137355,5730
373,131625,4,255,2,137355,5730
373,131625,4,255,3,137355,5730
373,131625,4,255,5,137355,5730
373,131625,4,255,6,137355,5730
373,131625,4,255,7,137355,5730
373,131625,4,255,8,137355,5730
373,131625,4,255,9,137355,5730
373,131625,4,255,10,137355,5730
373,131625,4,255,11,137355,5730
373,131625,4,255,12,137355,5730
373,131625,4,255,13,137355,5730
373,131625,4,255,14,137355,5730
373,131625,4,255,15,137355,5730
374,131985,5,11,11,137715,5730
376,132705,7,15,15,138435,5730
393,133065,8,10,10,138795,5730
394,133425,9,0,0,139155,5730
395,133785,10,12,12,139515,5730
396,134145,11,7,7,139875,5730
397,134505,12,15,15,140235,5730
398,134865,13,7,7,140595,5730
399,135225,14,6,6,140955,5730
415,140985,14,196,-1,,
400,135585,15,10,10,141315,5730
385,135945,0,5,5,141675,5730
386,136305,1,12,12,142035,5730
387,136665,2,13,13,142395,5730
389,137385,4,6,6,143115,5730
390,137745,5,3,3,143475,5730
391,138105,6,0,0,143835,5730
407,143865,6,74,-1,,
392,138465,7,4,4,144195,5730
409,138825,8,1,1,144555,5730
410,139185,9,4,4,144915,5730
411,139545,10,4,4,145275,5730
412,139905,11,14,14,145635,5730
413,140265,12,11,11,145995,5730
414,140625,13,9,9,146355,5730
416,141345,15,2,2,147075,5730
401,141705,0,2,2,147435,5730
402,142065,1,255,0,147795,5730
402,142065,1,255,2,147795,5730
402,142065,1,255,3,147795,5730
402,142065,1,255,4,147795,5730
402,142065,1,255,5,147795,5730
402,142065,1,255,6,147795,5730
402,142065,1,255,7,147795,5730
402,142065,1,255,8,147795,5730
402,142065,1,255,9,147795,5730
402,142065,1,255,10,147795,5730
402,142065,1,255,11,147795,5730
402,142065,1,255,12,147795,5730
402,142065,1,255,13,147795,5730
402,142065,1,255,14,147795,5730
402,142065,1,255,15,147795,5730
403,142425,2,0,0,148155,5730
404,142785,3,8,8,148515,5730
405,143145,4,6,6,148875,5730
406,143505,5,255,0,149235,5730
406,143505,5,255,1,149235,5730
406,143505,5,255,2,149235,5730
406,143505,5,255,3,149235,5730
406,143505,5,255,4,149235,5730
406,143505,5,255,6,149235,5730
406,143505,5,255,7,149235,5730
406,143505,5,255,8,149235,5730
406,143505,5,255,9,149235,5730
406,143505,5,255,10,149235,5730
406,143505,5,255,11,149235,5730
406,143505,5,255,12,149235,5730
406,143505,5,255,13,149235,5730
406,143505,5,255,14,149235,5730
406,143505,5,255,15,149235,5730
408,144225,7,0,0,149955,5730
425,144585,8,15,15,150315,5730
426,144945,9,1,1,150675,5730
427,145305,10,3,3,151035,5730
428,145665,11,2,2,151395,5730
429,146025,12,255,0,151755,5730
429,146025,12,255,1,151755,5730
429,146025,12,255,2,151755,5730
429,146025,12,255,3,151755,5730
429,146025,12,255,4,151755,5730
429,146025,12,255,5,151755,5730
429,146025,12,255,6,151755,5730
429,146025,12,255,7,151755,5730
429,146025,12,255,8,151755,5730
429,146025,12,255,9,151755,5730
429,146025,12,255,10,151755,5730
429,146025,12,255,11,151755,5730
429,146025,12,255,13,151755,5730
429,146025,12,255,14,151755,5730
429,146025,12,255,15,151755,5730
430,146385,13,3,3,152115,5730
431,146745,14,2,2,152475,5730
447,152505,14,173,-1,,
432,147105,15,0,0,152835,5730
417,147465,0,11,11,153195,5730
433,153225,0,188,-1,,
418,147825,1,14,14,153555,5730
419,148185,2,255,0,153915,5730
419,148185,2,255,1,153915,5730
419,148185,2,255,3,153915,5730
419,148185,2,255,4,153915,5730
419,148185,2,255,5,153915,5730
419,148185,2,255,6,153915,5730
419,148185,2,255,7,153915,5730
419,148185,2,255,8,153915,5730
419,148185,2,255,9,153915,5730
419,148185,2,255,10,153915,5730
419,148185,2,255,11,153915,5730
419,148185,2,255,12,153915,5730
419,148185,2,255,13,153915,5730
419,148185,2,255,14,153915,5730
419,148185,2,255,15,153915,5730
420,148545,3,2,2,154275,5730
421,148905,4,3,3,154635,5730
422,149265,5,255,0,154995,5730
422,149265,5,255,1,154995,5730
422,149265,5,255,2,154995,5730
422,149265,5,255,3,154995,5730
422,149265,5,255,4,154995,5730
422,149265,5,255,6,154995,5730
422,149265,5,255,7,154995,5730
422,149265,5,255,8,154995,5730
422,149265,5,255,9,154995,5730
422,149265,5,255,10,154995,5730
422,149265,5,255,11,154995,5730
422,149265,5,255,12,154995,5730
422,149265,5,255,13,154995,5730
422,149265,5,255,14,154995,5730
422,149265,5,255,15,154995,5730
438,155025,5,139,-1,,
423,149625,6,4,4,155355,5730
424,149985,7,1,1,155715,5730
441,150345,8,255,0,156075,5730
441,150345,8,255,1,156075,5730
441,150345,8,255,2,156075,5730
441,150345,8,255,3,156075,5730
441,150345,8,255,4,156075,5730
441,150345,8,255,5,156075,5730
441,150345,8,255,6,156075,5730
441,150345,8,255,7,156075,5730
441,150345,8,255,9,156075,5730
441,150345,8,255,10,156075,5730
441,150345,8,255,11,156075,5730
441,150345,8,255,12,156075,5730
441,150345,8,255,13,156075,5730
441,150345,8,255,14,156075,5730
441,150345,8,255,15,156075,5730
442,150705,9,7,7,156435,5730
458,156465,9,61,-1,,
443,151065,10,1,1,156795,5730
444,151425,11,4,4,157155,5730
445,151785,12,8,8,157515,5730
446,152145,13,15,15,157875,5730
448,152865,15,5,5,158595,5730
434,153585,1,5,5,159315,5730
435,153945,2,3,3,159675,5730
451,159705,2,209,-1,,
436,154305,3,15,15,160035,5730
437,154665,4,6,6,160395,5730
439,155385,6,14,14,161115,5730
440,155745,7,3,3,161475,5730
457,156105,8,255,0,161835,5730
457,156105,8,255,1,161835,5730
457,156105,8,255,2,161835,5730
457,156105,8,255,3,161835,5730
457,156105,8,255,4,161835,5730
457,156105,8,255,5,161835,5730
457,156105,8,255,6,161835,5730
457,156105,8,255,7,161835,5730
457,156105,8,255,9,161835,5730
457,156105,8,255,10,161835,5730
457,156105,8,255,11,161835,5730
457,156105,8,255,12,161835,5730
457,156105,8,255,13,161835,5730
457,156105,8,255,14,161835,5730
457,156105,8,255,15,161835,5730
459,156825,10,3,3,162555,5730
460,157185,11,0,0,162915,5730
461,157545,12,6,6,163275,5730
462,157905,13,5,5,163635,5730
463,158265,14,1,1,163995,5730
464,158625,15,0,0,164355,5730
449,158985,0,9,9,164715,5730
450,159345,1,9,9,165075,5730
452,160065,3,4,4,165795,5730
453,160425,4,1,1,166155,5730
454,160785,5,255,0,166515,5730
454,160785,5,255,1,166515,5730
454,160785,5,255,2,166515,5730
454,160785,5,255,3,166515,5730
454,160785,5,255,4,166515,5730
454,160785,5,255,6,166515,5730
454,160785,5,255,7,166515,5730
454,160785,5,255,8,166515,5730
454,160785,5,255,9,166515,5730
454,160785,5,255,10,166515,5730
454,160785,5,255,11,166515,5730
454,160785,5,255,12,166515,5730
454,160785,5,255,13,166515,5730
454,160785,5,255,14,166515,5730
454,160785,5,255,15,166515,5730
455,161145,6,13,13,166875,5730
471,166905,6,207,-1,,
456,161505,7,14,14,167235,5730
473,161865,8,0,0,167595,5730
474,162225,9,13,13,167955,5730
475,162585,10,6,6,168315,5730
476,162945,11,12,12,168675,5730
477,163305,12,10,10,169035,5730
478,163665,13,4,4,169395,5730
479,164025,14,12,12,169755,5730
480,164385,15,5,5,170115,5730
465,164745,0,1,1,170475,5730
466,165105,1,14,14,170835,5730
467,165465,2,10,10,171195,5730
483,171225,2,136,-1,,
468,165825,3,255,0,171555,5730
468,165825,3,255,1,171555,5730
468,165825,3,255,2,171555,5730
468,165825,3,255,4,171555,5730
468,165825,3,255,5,171555,5730
468,165825,3,255,6,171555,5730
468,165825,3,255,7,171555,5730
468,165825,3,255,8,171555,5730
468,165825,3,255,9,171555,5730
468,165825,3,255,10,171555,5730
468,165825,3,255,11,171555,5730
468,165825,3,255,12,171555,5730
468,165825,3,255,13,171555,5730
468,165825,3,255,14,171555,5730
468,165825,3,255,15,171555,5730
469,166185,4,15,15,171915,5730
470,166545,5,10,10,172275,5730
472,167265,7,2,2,172995,5730
489,167625,8,5,5,173355,5730
490,167985,9,2,2,173715,5730
491,168345,10,255,0,174075,5730
491,168345,10,255,1,174075,5730
491,168345,10,255,2,174075,5730
491,168345,10,255,3,174075,5730
491,168345,10,255,4,174075,5730
491,168345,10,255,5,174075,5730
491,168345,10,255,6,174075,5730
491,168345,10,255,7,174075,5730
491,168345,10,255,8,174075,5730
491,168345,10,255,9,174075,5730
491,168345,10,255,11,174075,5730
491,168345,10,255,12,174075,5730
491,168345,10,255,13,174075,5730
491,168345,10,255,14,174075,5730
491,168345,10,255,15,174075,5730
492,168705,11,1,1,174435,5730
493,169065,12,11,11,174795,5730
494,169425,13,9,9,175155,5730
495,169785,14,5,5,175515,5730
496,170145,15,14,14,175875,5730
481,170505,0,10,10,176235,5730
482,170865,1,5,5,176595,5730
499,176985,2,118,-1,,
484,171585,3,10,10,177315,5730
485,171945,4,6,6,177675,5730
486,172305,5,4,4,178035,5730
502,178065,5,203,-1,,
487,172665,6,4,4,178395,5730
488,173025,7,5,5,178755,5730
505,173385,8,5,5,179115,5730
506,173745,9,13,13,179475,5730
507,174105,10,11,11,179835,5730
508,174465,11,12,12,180195,5730
509,174825,12,10,10,180555,5730
510,175185,13,14,14,180915,5730
511,175545,14,7,7,181275,5730
512,175905,15,3,3,181635,5730
497,176265,0,9,9,181995,5730
498,176625,1,5,5,182355,5730
500,177345,3,6,6,183075,5730
501,177705,4,14,14,183435,5730
503,178425,6,13,13,184155,5730
504,178785,7,6,6,184515,5730
521,179145,8,255,0,184875,5730
521,179145,8,255,1,184875,5730
521,179145,8,255,2,184875,5730
521,179145,8,255,3,184875,5730
521,179145,8,255,4,184875,5730
521,179145,8,255,5,184875,5730
521,179145,8,255,6,184875,5730
521,179145,8,255,7,184875,5730
521,179145,8,255,9,184875,5730
521,179145,8,255,10,184875,5730
521,179145,8,255,11,184875,5730
521,179145,8,255,12,184875,5730
521,179145,8,255,13,184875,5730
521,179145,8,255,14,184875,5730
521,179145,8,255,15,184875,5730
522,179505,9,4,4,185235,5730
523,179865,10,255,0,185595,5730
523,179865,10,255,1,185595,5730
523,179865,10,255,2,185595,5730
523,179865,10,255,3,185595,5730
523,179865,10,255,4,185595,5730
523,179865,10,255,5,185595,5730
523,179865,10,255,6,185595,5730
523,179865,10,255,7,185595,5730
523,179865,10,255,8,185595,5730
523,179865,10,255,9,185595,5730
523,179865,10,255,11,185595,5730
523,179865,10,255,12,185595,5730
523,179865,10,255,13,185595,5730
523,179865,10,255,14,185595,5730
523,179865,10,255,15,185595,5730
524,180225,11,0,0,185955,5730
525,180585,12,6,6,186315,5730
526,180945,13,8,8,186675,5730
527,181305,14,7,7,187035,5730
528,181665,15,8,8,187395,5730
513,182025,0,14,14,187755,5730
529,187785,0,164,-1,,
514,182385,1,11,11,188115,5730
515,182745,2,1,1,188475,5730
516,183105,3,7,7,188835,5730
517,183465,4,7,7,189195,5730
518,183825,5,9,9,189555,5730
519,184185,6,15,15,189915,5730
520,184545,7,4,4,190275,5730
537,184905,8,13,13,190635,5730
538,185265,9,1,1,190995,5730
539,185625,10,8,8,191355,5730
555,191385,10,83,-1,,
540,185985,11,5,5,191715,5730
541,186345,12,6,6,192075,5730
542,186705,13,255,0,192435,5730
542,186705,13,255,1,192435,5730
542,186705,13,255,2,192435,5730
542,186705,13,255,3,192435,5730
542,186705,13,255,4,192435,5730
542,186705,13,255,5,192435,5730
542,186705,13,255,6,192435,5730
542,186705,13,255,7,192435,5730
542,186705,13,255,8,192435,5730
542,186705,13,255,9,192435,5730
542,186705,13,255,10,192435,5730
542,186705,13,255,11,192435,5730
542,186705,13,255,12,192435,5730
542,186705,13,255,14,192435,5730
542,186705,13,255,15,192435,5730
543,187065,14,255,0,192795,5730
543,187065,14,255,1,192795,5730
543,187065,14,255,2,192795,5730
543,187065,14,255,3,192795,5730
543,187065,14,255,4,192795,5730
543,187065,14,255,5,192795,5730
543,187065,14,255,6,192795,5730
543,187065,14,255,7,192795,5730
543,187065,14,255,8,192795,5730
543,187065,14,255,9,192795,5730
543,187065,14,255,10,192795,5730
543,187065,14,255,11,192795,5730
543,187065,14,255,12,192795,5730
543,187065,14,255,13,192795,5730
543,187065,14,255,15,192795,5730
544,187425,15,7,7,193155,5730
545,193545,0,31,-1,,
530,188145,1,2,2,193875,5730
531,188505,2,8,8,194235,5730
532,188865,3,12,12,194595,5730
533,189225,4,14,14,194955,5730
534,189585,5,6,6,195315,5730
535,189945,6,8,8,195675,5730
536,190305,7,15,15,196035,5730
553,190665,8,0,0,196395,5730
554,191025,9,255,0,196755,5730
554,191025,9,255,1,196755,5730
554,191025,9,255,2,196755,5730
554,191025,9,255,3,196755,5730
554,191025,9,255,4,196755,5730
554,191025,9,255,5,196755,5730
554,191025,9,255,6,196755,5730
554,191025,9,255,7,196755,5730
554,191025,9,255,8,196755,5730
554,191025,9,255,10,196755,5730
554,191025,9,255,11,196755,5730
554,191025,9,255,12,196755,5730
554,191025,9,255,13,196755,5730
554,191025,9,255,14,196755,5730
554,191025,9,255,15,196755,5730
556,191745,11,12,12,197475,5730
557,192105,12,6,6,197835,5730
558,192465,13,14,14,198195,5730
559,192825,14,4,4,198555,5730
575,198585,14,136,-1,,
560,193185,15,3,3,198915,5730
546,193905,1,8,8,199635,5730
547,194265,2,6,6,199995,5730
548,194625,3,7,7,200355,5730
549,194985,4,9,9,200715,5730
550,195345,5,3,3,201075,5730
551,195705,6,1,1,201435,5730
552,196065,7,8,8,201795,5730
569,196425,8,7,7,202155,5730
570,196785,9,14,14,202515,5730
571,197145,10,8,8,202875,5730
572,197505,11,5,5,203235,5730
573,197865,12,7,7,203595,5730
574,198225,13,5,5,203955,5730
576,198945,15,14,14,204675,5730
561,199305,0,255,1,205035,5730
561,199305,0,255,2,205035,5730
561,199305,0,255,3,205035,5730
561,199305,0,255,4,205035,5730
561,199305,0,255,5,205035,5730
561,199305,0,255,6,205035,5730
561,199305,0,255,7,205035,5730
561,199305,0,255,8,205035,5730
561,199305,0,255,9,205035,5730
561,199305,0,255,10,205035,5730
561,199305,0,255,11,205035,5730
561,199305,0,255,12,205035,5730
561,199305,0,255,13,205035,5730
561,199305,0,255,14,205035,5730
561,199305,0,255,15,205035,5730
577,205065,0,233,-1,,
562,199665,1,7,7,205395,5730
563,200025,2,13,13,205755,5730
564,200385,3,7,7,206115,5730
565,200745,4,1,1,206475,5730
566,201105,5,13,13,206835,5730
567,201465,6,11,11,207195,5730
568,201825,7,12,12,207555,5730
585,202185,8,10,10,207915,5730
601,207945,8,188,-1,,
586,202545,9,3,3,208275,5730
587,202905,10,15,15,208635,5730
588,203265,11,12,12,208995,5730
589,203625,12,5,5,209355,5730
590,203985,13,5,5,209715,5730
591,204345,14,7,7,210075,5730
592,204705,15,4,4,210435,5730
578,205425,1,255,0,211155,5730
578,205425,1,255,2,211155,5730
578,205425,1,255,3,211155,5730
578,205425,1,255,4,211155,5730
578,205425,1,255,5,211155,5730
578,205425,1,255,6,211155,5730
578,205425,1,255,7,211155,5730
578,205425,1,255,8,211155,5730
578,205425,1,255,9,211155,5730
578,205425,1,255,10,211155,5730
578,205425,1,255,11,211155,5730
578,205425,1,255,12,211155,5730
578,205425,1,255,13,211155,5730
578,205425,1,255,14,211155,5730
578,205425,1,255,15,211155,5730
579,205785,2,3,3,211515,5730
580,206145,3,8,8,211875,5730
581,206505,4,14,14,212235,5730
582,206865,5,6,6,212595,5730
598,212625,5,141,-1,,
583,207225,6,4,4,212955,5730
584,207585,7,6,6,213315,5730
602,208305,9,10,10,214035,5730
603,208665,10,11,11,214395,5730
604,209025,11,5,5,214755,5730
605,209385,12,13,13,215115,5730
606,209745,13,14,14,215475,5730
607,210105,14,9,9,215835,5730
608,210465,15,9,9,216195,5730
593,210825,0,9,9,216555,5730
594,211185,1,0,0,216915,5730
595,211545,2,15,15,217275,5730
596,211905,3,255,0,217635,5730
596,211905,3,255,1,217635,5730
596,211905,3,255,2,217635,5730
596,211905,3,255,4,217635,5730
596,211905,3,255,5,217635,5730
596,211905,3,255,6,217635,5730
596,211905,3,255,7,217635,5730
596,211905,3,255,8,217635,5730
596,211905,3,255,9,217635,5730
596,211905,3,255,10,217635,5730
596,211905,3,255,11,217635,5730
596,211905,3,255,12,217635,5730
596,211905,3,255,13,217635,5730
596,211905,3,255,14,217635,5730
596,211905,3,255,15,217635,5730
597,212265,4,8,8,217995,5730
614,218385,5,203,-1,,
599,212985,6,2,2,218715,5730
600,213345,7,13,13,219075,5730
617,213705,8,255,0,219435,5730
617,213705,8,255,1,219435,5730
617,213705,8,255,2,219435,5730
617,213705,8,255,3,219435,5730
617,213705,8,255,4,219435,5730
617,213705,8,255,5,219435,5730
617,213705,8,255,6,219435,5730
617,213705,8,255,7,219435,5730
617,213705,8,255,9,219435,5730
617,213705,8,255,10,219435,5730
617,213705,8,255,11,219435,5730
617,213705,8,255,12,219435,5730
617,213705,8,255,13,219435,5730
617,213705,8,255,14,219435,5730
617,213705,8,255,15,219435,5730
618,214065,9,11,11,219795,5730
619,214425,10,8,8,220155,5730
620,214785,11,0,0,220515,5730
621,215145,12,0,0,220875,5730
622,215505,13,7,7,221235,5730
623,215865,14,12,12,221595,5730
624,216225,15,3,3,221955,5730
609,216585,0,2,2,222315,5730
610,216945,1,8,8,222675,5730
611,217305,2,255,0,223035,5730
611,217305,2,255,1,223035,5730
611,217305,2,255,3,223035,5730
611,217305,2,255,4,223035,5730
611,217305,2,255,5,223035,5730
611,217305,2,255,6,223035,5730
611,217305,2,255,7,223035,5730
611,217305,2,255,8,223035,5730
611,217305,2,255,9,223035,5730
611,217305,2,255,10,223035,5730
611,217305,2,255,11,223035,5730
611,217305,2,255,12,223035,5730
611,217305,2,255,13,223035,5730
611,217305,2,255,14,223035,5730
611,217305,2,255,15,223035,5730
612,217665,3,14,14,223395,5730
613,218025,4,5,5,223755,5730
615,218745,6,1,1,224475,5730
616,219105,7,3,3,224835,5730
633,219465,8,3,3,225195,5730
634,219825,9,10,10,225555,5730
635,220185,10,2,2,225915,5730
636,220545,11,2,2,226275,5730
637,220905,12,2,2,226635,5730
638,221265,13,15,15,226995,5730
639,221625,14,10,10,227355,5730
640,221985,15,11,11,227715,5730
625,222345,0,6,6,228075,5730
626,222705,1,11,11,228435,5730
627,223065,2,0,0,228795,5730
628,223425,3,255,0,229155,5730
628,223425,3,255,1,229155,5730
628,223425,3,255,2,229155,5730
628,223425,3,255,4,229155,5730
628,223425,3,255,5,229155,5730
628,223425,3,255,6,229155,5730
628,223425,3,255,7,229155,5730
628,223425,3,255,8,229155,5730
628,223425,3,255,9,229155,5730
628,223425,3,255,10,229155,5730
628,223425,3,255,11,229155,5730
628,223425,3,255,12,229155,5730
628,223425,3,255,13,229155,5730
628,223425,3,255,14,229155,5730
628,223425,3,255,15,229155,5730
629,223785,4,11,11,229515,5730
630,224145,5,6,6,229875,5730
631,224505,6,7,7,230235,5730
632,224865,7,11,11,230595,5730
649,225225,8,7,7,230955,5730
650,225585,9,14,14,231315,5730
651,225945,10,13,13,231675,5730
652,226305,11,255,0,232035,5730
652,226305,11,255,1,232035,5730
652,226305,11,255,2,232035,5730
652,226305,11,255,3,232035,5730
652,226305,11,255,4,232035,5730
652,226305,11,255,5,232035,5730
652,226305,11,255,6,232035,5730
652,226305,11,255,7,232035,5730
652,226305,11,255,8,232035,5730
652,226305,11,255,9,232035,5730
652,226305,11,255,10,232035,5730
652,226305,11,255,12,232035,5730
652,226305,11,255,13,232035,5730
652,226305,11,255,14,232035,5730
652,226305,11,255,15,232035,5730
653,226665,12,255,0,232395,5730
653,226665,12,255,1,232395,5730
653,226665,12,255,2,232395,5730
653,226665,12,255,3,232395,5730
653,226665,12,255,4,232395,5730
653,226665,12,255,5,232395,5730
653,226665,12,255,6,232395,5730
653,226665,12,255,7,232395,5730
653,226665,12,255,8,232395,5730
653,226665,12,255,9,232395,5730
653,226665,12,255,10,232395,5730
653,226665,12,255,11,232395,5730
653,226665,12,255,13,232395,5730
653,226665,12,255,14,232395,5730
653,226665,12,255,15,232395,5730
654,227025,13,5,5,232755,5730
655,227385,14,3,3,233115,5730
656,227745,15,0,0,233475,5730
641,228105,0,14,14,233835,5730
642,228465,1,9,9,234195,5730
643,228825,2,10,10,234555,5730
644,229185,3,13,13,234915,5730
645,229545,4,14,14,235275,5730
646,229905,5,7,7,235635,5730
647,230265,6,255,0,235995,5730
647,230265,6,255,1,235995,5730
647,230265,6,255,2,235995,5730
647,230265,6,255,3,235995,5730
647,230265,6,255,4,235995,5730
647,230265,6,255,5,235995,5730
647,230265,6,255,7,235995,5730
647,230265,6,255,8,235995,5730
647,230265,6,255,9,235995,5730
647,230265,6,255,10,235995,5730
647,230265,6,255,11,235995,5730
647,230265,6,255,12,235995,5730
647,230265,6,255,13,235995,5730
647,230265,6,255,14,235995,5730
647,230265,6,255,15,235995,5730
648,230625,7,9,9,236355,5730
665,230985,8,11,11,236715,5730
666,231345,9,5,5,237075,5730
667,231705,10,1,1,237435,5730
668,232065,11,255,0,237795,5730
668,232065,11,255,1,237795,5730
668,232065,11,255,2,237795,5730
668,232065,11,255,3,237795,5730
668,232065,11,255,4,237795,5730
668,232065,11,255,5,237795,5730
668,232065,11,255,6,237795,5730
668,232065,11,255,7,237795,5730
668,232065,11,255,8,237795,5730
668,232065,11,255,9,237795,5730
668,232065,11,255,10,237795,5730
668,232065,11,255,12,237795,5730
668,232065,11,255,13,237795,5730
668,232065,11,255,14,237795,5730
668,232065,11,255,15,237795,5730
684,237825,11,202,-1,,
669,232425,12,11,11,238155,5730
670,232785,13,15,15,238515,5730
671,233145,14,13,13,238875,5730
687,238905,14,253,-1,,
672,233505,15,6,6,239235,5730
657,233865,0,12,12,239595,5730
658,234225,1,11,11,239955,5730
659,234585,2,3,3,240315,5730
660,234945,3,6,6,240675,5730
661,235305,4,255,0,241035,5730
661,235305,4,255,1,241035,5730
661,235305,4,255,2,241035,5730
661,235305,4,255,3,241035,5730
661,235305,4,255,5,241035,5730
661,235305,4,255,6,241035,5730
661,235305,4,255,7,241035,5730
661,235305,4,255,8,241035,5730
661,235305,4,255,9,241035,5730
661,235305,4,255,10,241035,5730
661,235305,4,255,11,241035,5730
661,235305,4,255,12,241035,5730
661,235305,4,255,13,241035,5730
661,235305,4,255,14,241035,5730
661,235305,4,255,15,241035,5730
662,235665,5,255,0,241395,5730
662,235665,5,255,1,241395,5730
662,235665,5,255,2,241395,5730
662,235665,5,255,3,241395,5730
662,235665,5,255,4,241395,5730
662,235665,5,255,6,241395,5730
662,235665,5,255,7,241395,5730
662,235665,5,255,8,241395,5730
662,235665,5,255,9,241395,5730
662,235665,5,255,10,241395,5730
662,235665,5,255,11,241395,5730
662,235665,5,255,12,241395,5730
662,235665,5,255,13,241395,5730
662,235665,5,255,14,241395,5730
662,235665,5,255,15,241395,5730
663,236025,6,15,15,241755,5730
679,241785,6,69,-1,,
664,236385,7,9,9,242115,5730
681,236745,8,11,11,242475,5730
682,237105,9,8,8,242835,5730
683,237465,10,0,0,243195,5730
685,238185,12,4,4,243915,5730
701,243945,12,172,-1,,
686,238545,13,255,0,244275,5730
686,238545,13,255,1,244275,5730
686,238545,13,255,2,244275,5730
686,238545,13,255,3,244275,5730
686,238545,13,255,4,244275,5730
686,238545,13,255,5,244275,5730
686,238545,13,255,6,244275,5730
686,238545,13,255,7,244275,5730
686,238545,13,255,8,244275,5730
686,238545,13,255,9,244275,5730
686,238545,13,255,10,244275,5730
686,238545,13,255,11,244275,5730
686,238545,13,255,12,244275,5730
686,238545,13,255,14,244275,5730
686,238545,13,255,15,244275,5730
688,239265,15,5,5,244995,5730
673,239625,0,10,10,245355,5730
674,239985,1,7,7,245715,5730
675,240345,2,10,10,246075,5730
676,240705,3,255,0,246435,5730
676,240705,3,255,1,246435,5730
676,240705,3,255,2,246435,5730
676,240705,3,255,4,246435,5730
676,240705,3,255,5,246435,5730
676,240705,3,255,6,246435,5730
676,240705,3,255,7,246435,5730
676,240705,3,255,8,246435,5730
676,240705,3,255,9,246435,5730
676,240705,3,255,10,246435,5730
676,240705,3,255,11,246435,5730
676,240705,3,255,12,246435,5730
676,240705,3,255,13,246435,5730
676,240705,3,255,14,246435,5730
676,240705,3,255,15,246435,5730
677,241065,4,255,0,246795,5730
677,241065,4,255,1,246795,5730
677,241065,4,255,2,246795,5730
677,241065,4,255,3,246795,5730
677,241065,4,255,5,246795,5730
677,241065,4,255,6,246795,5730
677,241065,4,255,7,246795,5730
677,241065,4,255,8,246795,5730
677,241065,4,255,9,246795,5730
677,241065,4,255,10,246795,5730
677,241065,4,255,11,246795,5730
677,241065,4,255,12,246795,5730
677,241065,4,255,13,246795,5730
677,241065,4,255,14,246795,5730
677,241065,4,255,15,246795,5730
678,241425,5,8,8,247155,5730
680,242145,7,4,4,247875,5730
697,242505,8,13,13,248235,5730
698,242865,9,4,4,248595,5730
699,243225,10,12,12,248955,5730
700,243585,11,10,10,249315,5730
702,244305,13,10,10,250035,5730
703,244665,14,5,5,250395,5730
704,245025,15,2,2,250755,5730
689,245385,0,12,12,251115,5730
690,245745,1,5,5,251475,5730
706,251505,1,129,-1,,
691,246105,2,12,12,251835,5730
692,246465,3,9,9,252195,5730
693,246825,4,1,1,252555,5730
694,247185,5,255,0,252915,5730
694,247185,5,255,1,252915,5730
694,247185,5,255,2,252915,5730
694,247185,5,255,3,252915,5730
694,247185,5,255,4,252915,5730
694,247185,5,255,6,252915,5730
694,247185,5,255,7,252915,5730
694,247185,5,255,8,252915,5730
694,247185,5,255,9,252915,5730
694,247185,5,255,10,252915,5730
694,247185,5,255,11,252915,5730
694,247185,5,255,12,252915,5730
694,247185,5,255,13,252915,5730
694,247185,5,255,14,252915,5730
694,247185,5,255,15,252915,5730
695,247545,6,1,1,253275,5730
711,253305,6,164,-1,,
696,247905,7,5,5,253635,5730
712,253665,7,166,-1,,
713,248265,8,9,9,253995,5730
714,248625,9,6,6,254355,5730
715,248985,10,12,12,254715,5730
716,249345,11,12,12,255075,5730
717,249705,12,2,2,255435,5730
718,250065,13,10,10,255795,5730
719,250425,14,3,3,256155,5730
720,250785,15,11,11,256515,5730
705,251145,0,9,9,256875,5730
707,251865,2,11,11,257595,5730
708,252225,3,9,9,257955,5730
709,252585,4,3,3,258315,5730
710,252945,5,255,0,258675,5730
710,252945,5,255,1,258675,5730
710,252945,5,255,2,258675,5730
710,252945,5,255,3,258675,5730
710,252945,5,255,4,258675,5730
710,252945,5,255,6,258675,5730
710,252945,5,255,7,258675,5730
710,252945,5,255,8,258675,5730
710,252945,5,255,9,258675,5730
710,252945,5,255,10,258675,5730
710,252945,5,255,11,258675,5730
710,252945,5,255,12,258675,5730
710,252945,5,255,13,258675,5730
710,252945,5,255,14,258675,5730
710,252945,5,255,15,258675,5730
726,258705,5,91,-1,,
728,259425,7,128,-1,,
729,254025,8,5,5,259755,5730
730,254385,9,14,14,260115,5730
731,254745,10,8,8,260475,5730
732,255105,11,5,5,260835,5730
733,255465,12,6,6,261195,5730
749,261225,12,69,-1,,
734,255825,13,6,6,261555,5730
750,261585,13,113,-1,,
735,256185,14,9,9,261915,5730
736,256545,15,8,8,262275,5730
721,256905,0,7,7,262635,5730
722,257265,1,8,8,262995,5730
723,257625,2,10,10,263355,5730
724,257985,3,13,13,263715,5730
725,258345,4,8,8,264075,5730
727,259065,6,11,11,264795,5730
745,259785,8,255,0,265515,5730
745,259785,8,255,1,265515,5730
745,259785,8,255,2,265515,5730
745,259785,8,255,3,265515,5730
745,259785,8,255,4,265515,5730
745,259785,8,255,5,265515,5730
745,259785,8,255,6,265515,5730
745,259785,8,255,7,265515,5730
745,259785,8,255,9,265515,5730
745,259785,8,255,10,265515,5730
745,259785,8,255,11,265515,5730
745,259785,8,255,12,265515,5730
745,259785,8,255,13,265515,5730
745,259785,8,255,14,265515,5730
745,259785,8,255,15,265515,5730
761,265545,8,185,-1,,
746,260145,9,12,12,265875,5730
747,260505,10,9,9,266235,5730
748,260865,11,1,1,266595,5730
751,261945,14,8,8,267675,5730
752,262305,15,2,2,268035,5730
737,262665,0,8,8,268395,5730
738,263025,1,3,3,268755,5730
739,263385,2,6,6,269115,5730
740,263745,3,2,2,269475,5730
741,264105,4,255,0,269835,5730
741,264105,4,255,1,269835,5730
741,264105,4,255,2,269835,5730
741,264105,4,255,3,269835,5730
741,264105,4,255,5,269835,5730
741,264105,4,255,6,269835,5730
741,264105,4,255,7,269835,5730
741,264105,4,255,8,269835,5730
741,264105,4,255,9,269835,5730
741,264105,4,255,10,269835,5730
741,264105,4,255,11,269835,5730
741,264105,4,255,12,269835,5730
741,264105,4,255,13,269835,5730
741,264105,4,255,14,269835,5730
741,264105,4,255,15,269835,5730
742,264465,5,8,8,270195,5730
743,264825,6,0,0,270555,5730
744,265185,7,3,3,270915,5730
762,265905,9,255,0,271635,5730
762,265905,9,255,1,271635,5730
762,265905,9,255,2,271635,5730
762,265905,9,255,3,271635,5730
762,265905,9,255,4,271635,5730
762,265905,9,255,5,271635,5730
762,265905,9,255,6,271635,5730
762,265905,9,255,7,271635,5730
762,265905,9,255,8,271635,5730
762,265905,9,255,10,271635,5730
762,265905,9,255,11,271635,5730
762,265905,9,255,12,271635,5730
762,265905,9,255,13,271635,5730
762,265905,9,255,14,271635,5730
762,265905,9,255,15,271635,5730
763,266265,10,3,3,271995,5730
764,266625,11,255,0,272355,5730
764,266625,11,255,1,272355,5730
764,266625,11,255,2,272355,5730
764,266625,11,255,3,272355,5730
764,266625,11,255,4,272355,5730
764,266625,11,255,5,272355,5730
764,266625,11,255,6,272355,5730
764,266625,11,255,7,272355,5730
764,266625,11,255,8,272355,5730
764,266625,11,255,9,272355,5730
764,266625,11,255,10,272355,5730
764,266625,11,255,12,272355,5730
764,266625,11,255,13,272355,5730
764,266625,11,255,14,272355,5730
764,266625,11,255,15,272355,5730
765,266985,12,14,14,272715,5730
766,267345,13,11,11,273075,5730
767,267705,14,15,15,273435,5730
768,268065,15,6,6,273795,5730
753,268425,0,1,1,274155,5730
754,268785,1,6,6,274515,5730
755,269145,2,5,5,274875,5730
756,269505,3,255,0,275235,5730
756,269505,3,255,1,275235,5730
756,269505,3,255,2,275235,5730
756,269505,3,255,4,275235,5730
756,269505,3,255,5,275235,5730
756,269505,3,255,6,275235,5730
756,269505,3,255,7,275235,5730
756,269505,3,255,8,275235,5730
756,269505,3,255,9,275235,5730
756,269505,3,255,10,275235,5730
756,269505,3,255,11,275235,5730
756,269505,3,255,12,275235,5730
756,269505,3,255,13,275235,5730
756,269505,3,255,14,275235,5730
756,269505,3,255,15,275235,5730
757,269865,4,15,15,275595,5730
758,270225,5,8,8,275955,5730
759,270585,6,7,7,276315,5730
760,270945,7,6,6,276675,5730
776,271305,8,255,0,277035,5730
776,271305,8,255,1,277035,5730
776,271305,8,255,2,277035,5730
776,271305,8,255,3,277035,5730
776,271305,8,255,4,277035,5730
776,271305,8,255,5,277035,5730
776,271305,8,255,6,277035,5730
776,271305,8,255,7,277035,5730
776,271305,8,255,9,277035,5730
776,271305,8,255,10,277035,5730
776,271305,8,255,11,277035,5730
776,271305,8,255,12,277035,5730
776,271305,8,255,13,277035,5730
776,271305,8,255,14,277035,5730
776,271305,8,255,15,277035,5730
777,271665,9,3,3,277395,5730
778,272025,10,2,2,277755,5730
779,272745,12,0,0,278125,5380
780,273105,13,3,3,278485,5380
781,273465,14,12,12,278845,5380
782,273825,15,5,5,279205,5380
769,274185,0,255,1,279565,5380
769,274185,0,255,2,279565,5380
769,274185,0,255,3,279565,5380
769,274185,0,255,4,279565,5380
769,274185,0,255,5,279565,5380
769,274185,0,255,6,279565,5380
769,274185,0,255,7,279565,5380
769,274185,0,255,8,279565,5380
769,274185,0,255,9,279565,5380
769,274185,0,255,10,279565,5380
769,274185,0,255,11,279565,5380
769,274185,0,255,12,279565,5380
769,274185,0,255,13,279565,5380
769,274185,0,255,14,279565,5380
769,274185,0,255,15,279565,5380
770,274545,1,5,5,279925,5380
771,274905,2,6,6,280285,5380
772,275265,3,7,7,280645,5380
773,275625,4,8,8,281005,5380
774,275985,5,255,0,281365,5380
774,275985,5,255,1,281365,5380
774,275985,5,255,2,281365,5380
774,275985,5,255,3,281365,5380
774,275985,5,255,4,281365,5380
774,275985,5,255,6,281365,5380
774,275985,5,255,7,281365,5380
774,275985,5,255,8,281365,5380
774,275985,5,255,9,281365,5380
774,275985,5,255,10,281365,5380
774,275985,5,255,11,281365,5380
774,275985,5,255,12,281365,5380
774,275985,5,255,13,281365,5380
774,275985,5,255,14,281365,5380
774,275985,5,255,15,281365,5380
775,276705,7,2,2,281735,5030
790,277065,8,7,7,282095,5030
804,282125,8,204,-1,,
791,277425,9,5,5,282455,5030
792,277785,10,6,6,282815,5030
806,282845,10,97,-1,,
793,278155,12,9,9,283185,5030
794,278515,13,7,7,283545,5030
795,278875,14,9,9,283905,5030
796,279235,15,14,14,284265,5030
783,279595,0,4,4,284625,5030
784,279955,1,255,0,284985,5030
784,279955,1,255,2,284985,5030
784,279955,1,255,3,284985,5030
784,279955,1,255,4,284985,5030
784,279955,1,255,5,284985,5030
784,279955,1,255,6,284985,5030
784,279955,1,255,7,284985,5030
784,279955,1,255,8,284985,5030
784,279955,1,255,9,284985,5030
784,279955,1,255,10,284985,5030
784,279955,1,255,11,284985,5030
784,279955,1,255,12,284985,5030
784,279955,1,255,13,284985,5030
784,279955,1,255,14,284985,5030
784,279955,1,255,15,284985,5030
785,280315,2,13,13,285345,5030
786,280675,3,2,2,285705,5030
787,281035,4,6,6,286065,5030
788,281395,5,10,10,286425,5030
789,281765,7,255,0,286795,5030
789,281765,7,255,1,286795,5030
789,281765,7,255,2,286795,5030
789,281765,7,255,3,286795,5030
789,281765,7,255,4,286795,5030
789,281765,7,255,5,286795,5030
789,281765,7,255,6,286795,5030
789,281765,7,255,8,286795,5030
789,281765,7,255,9,286795,5030
789,281765,7,255,10,286795,5030
789,281765,7,255,11,286795,5030
789,281765,7,255,12,286795,5030
789,281765,7,255,13,286795,5030
789,281765,7,255,14,286795,5030
789,281765,7,255,15,286795,5030
805,282485,9,13,13,287515,5030
807,283215,12,2,2,288245,5030
808,283575,13,0,0,288605,5030
809,283935,14,11,11,288965,5030
810,284295,15,12,12,289325,5030
797,284655,0,255,1,289685,5030
797,284655,0,255,2,289685,5030
797,284655,0,255,3,289685,5030
797,284655,0,255,4,289685,5030
797,284655,0,255,5,289685,5030
797,284655,0,255,6,289685,5030
797,284655,0,255,7,289685,5030
797,284655,0,255,8,289685,5030
797,284655,0,255,9,289685,5030
797,284655,0,255,10,289685,5030
797,284655,0,255,11,289685,5030
797,284655,0,255,12,289685,5030
797,284655,0,255,13,289685,5030
797,284655,0,255,14,289685,5030
797,284655,0,255,15,289685,5030
798,285015,1,0,0,290045,5030
799,285375,2,7,7,290405,5030
800,285735,3,0,0,290765,5030
801,286095,4,2,2,291125,5030
802,286455,5,4,4,291485,5030
803,286825,7,15,15,291855,5030
818,287185,8,9,9,292215,5030
819,287545,9,0,0,292575,5030
820,287905,10,3,3,292935,5030
821,288275,12,13,13,293305,5030
822,288635,13,0,0,293665,5030
823,288995,14,255,0,294025,5030
823,288995,14,255,1,294025,5030
823,288995,14,255,2,294025,5030
823,288995,14,255,3,294025,5030
823,288995,14,255,4,294025,5030
823,288995,14,255,5,294025,5030
823,288995,14,255,6,294025,5030
823,288995,14,255,7,294025,5030
823,288995,14,255,8,294025,5030
823,288995,14,255,9,294025,5030
823,288995,14,255,10,294025,5030
823,288995,14,255,11,294025,5030
823,288995,14,255,12,294025,5030
823,288995,14,255,13,294025,5030
823,288995,14,255,15,294025,5030
824,289355,15,14,14,294385,5030
811,289715,0,5,5,294745,5030
812,290075,1,3,3,295105,5030
813,290435,2,11,11,295465,5030
814,290795,3,255,0,295825,5030
814,290795,3,255,1,295825,5030
814,290795,3,255,2,295825,5030
814,290795,3,255,4,295825,5030
814,290795,3,255,5,295825,5030
814,290795,3,255,6,295825,5030
814,290795,3,255,7,295825,5030
814,290795,3,255,8,295825,5030
814,290795,3,255,9,295825,5030
814,290795,3,255,10,295825,5030
814,290795,3,255,11,295825,5030
814,290795,3,255,12,295825,5030
814,290795,3,255,13,295825,5030
814,290795,3,255,14,295825,5030
814,290795,3,255,15,295825,5030
815,291155,4,10,10,296185,5030
816,291515,5,9,9,296545,5030
817,291885,7,11,11,296915,5030
832,292245,8,13,13,297275,5030
833,292605,9,11,11,297635,5030
834,292965,10,3,3,297995,5030
835,293335,12,5,5,298365,5030
836,293695,13,12,12,298725,5030
837,294055,14,11,11,299085,5030
838,294415,15,6,6,299445,5030
825,294775,0,9,9,299805,5030
826,295135,1,255,0,300165,5030
826,295135,1,255,2,300165,5030
826,295135,1,255,3,300165,5030
826,295135,1,255,4,300165,5030
826,295135,1,255,5,300165,5030
826,295135,1,255,6,300165,5030
826,295135,1,255,7,300165,5030
826,295135,1,255,8,300165,5030
826,295135,1,255,9,300165,5030
826,295135,1,255,10,300165,5030
826,295135,1,255,11,300165,5030
826,295135,1,255,12,300165,5030
826,295135,1,255,13,300165,5030
826,295135,1,255,14,300165,5030
826,295135,1,255,15,300165,5030
827,295495,2,7,7,300525,5030
828,295855,3,10,10,300885,5030
829,296215,4,6,6,301245,5030
830,296575,5,3,3,301605,5030
831,296945,7,6,6,301975,5030
846,297305,8,255,0,302335,5030
846,297305,8,255,1,302335,5030
846,297305,8,255,2,302335,5030
846,297305,8,255,3,302335,5030
846,297305,8,255,4,302335,5030
846,297305,8,255,5,302335,5030
846,297305,8,255,6,302335,5030
846,297305,8,255,7,302335,5030
846,297305,8,255,9,302335,5030
846,297305,8,255,10,302335,5030
846,297305,8,255,11,302335,5030
846,297305,8,255,12,302335,5030
846,297305,8,255,13,302335,5030
846,297305,8,255,14,302335,5030
846,297305,8,255,15,302335,5030
847,297665,9,3,3,302695,5030
848,298025,10,1,1,303055,5030
849,298395,12,1,1,303425,5030
850,298755,13,3,3,303785,5030
851,299115,14,255,0,304145,5030
851,299115,14,255,1,304145,5030
851,299115,14,255,2,304145,5030
851,299115,14,255,3,304145,5030
851,299115,14,255,4,304145,5030
851,299115,14,255,5,304145,5030
851,299115,14,255,6,304145,5030
851,299115,14,255,7,304145,5030
851,299115,14,255,8,304145,5030
851,299115,14,255,9,304145,5030
851,299115,14,255,10,304145,5030
851,299115,14,255,11,304145,5030
851,299115,14,255,12,304145,5030
851,299115,14,255,13,304145,5030
851,299115,14,255,15,304145,5030
852,299475,15,0,0,304505,5030
839,299835,0,9,9,304865,5030
840,300195,1,10,10,305225,5030
841,300555,2,4,4,305585,5030
842,300915,3,15,15,305945,5030
843,301275,4,1,1,306305,5030
844,301635,5,3,3,306665,5030
857,306695,5,126,-1,,
845,302005,7,12,12,307035,5030
859,302365,8,10,10,307395,5030
860,302725,9,255,0,307755,5030
860,302725,9,255,1,307755,5030
860,302725,9,255,2,307755,5030
860,302725,9,255,3,307755,5030
860,302725,9,255,4,307755,5030
860,302725,9,255,5,307755,5030
860,302725,9,255,6,307755,5030
860,302725,9,255,7,307755,5030
860,302725,9,255,8,307755,5030
860,302725,9,255,10,307755,5030
860,302725,9,255,11,307755,5030
860,302725,9,255,12,307755,5030
860,302725,9,255,13,307755,5030
860,302725,9,255,14,307755,5030
860,302725,9,255,15,307755,5030
861,303085,10,1,1,308115,5030
862,303455,12,3,3,308485,5030
863,303815,13,0,0,308845,5030
864,304175,14,13,13,309205,5030
865,304535,15,14,14,309565,5030
853,304895,0,12,12,309925,5030
854,305255,1,10,10,310285,5030
855,305615,2,12,12,310645,5030
856,306335,4,7,7,311015,4680
869,311045,4,173,-1,,
870,311405,5,172,-1,,
858,307065,7,10,10,311745,4680
872,307425,8,7,7,312105,4680
873,307785,9,11,11,312465,4680
874,308145,10,3,3,312825,4680
875,308515,12,8,8,313195,4680
876,308875,13,5,5,313555,4680
889,313585,13,107,-1,,
877,309235,14,2,2,313915,4680
878,309595,15,9,9,314275,4680
866,309955,0,11,11,314635,4680
879,314665,0,145,-1,,
867,310315,1,7,7,314995,4680
880,315025,1,252,-1,,
868,310675,2,7,7,315355,4680
871,311775,7,255,0,316455,4680
871,311775,7,255,1,316455,4680
871,311775,7,255,2,316455,4680
871,311775,7,255,3,316455,4680
871,311775,7,255,4,316455,4680
871,311775,7,255,5,316455,4680
871,311775,7,255,6,316455,4680
871,311775,7,255,8,316455,4680
871,311775,7,255,9,316455,4680
871,311775,7,255,10,316455,4680
871,311775,7,255,11,316455,4680
871,311775,7,255,12,316455,4680
871,311775,7,255,13,316455,4680
871,311775,7,255,14,316455,4680
871,311775,7,255,15,316455,4680
885,312135,8,9,9,316815,4680
886,312495,9,12,12,317175,4680
899,317205,9,103,-1,,
887,312855,10,4,4,317535,4680
888,313225,12,13,13,317905,4680
890,313945,14,1,1,318625,4680
903,318655,14,85,-1,,
891,314305,15,9,9,318985,4680
881,315385,2,5,5,320065,4680
882,315755,4,3,3,320435,4680
883,316115,5,2,2,320795,4680
896,320825,5,137,-1,,
884,316485,7,10,10,321165,4680
898,316845,8,2,2,321525,4680
912,321915,9,248,-1,,
900,317565,10,6,6,322245,4680
901,317935,12,2,2,322615,4680
902,318295,13,255,0,322975,4680
902,318295,13,255,1,322975,4680
902,318295,13,255,2,322975,4680
902,318295,13,255,3,322975,4680
902,318295,13,255,4,322975,4680
902,318295,13,255,5,322975,4680
902,318295,13,255,6,322975,4680
902,318295,13,255,7,322975,4680
902,318295,13,255,8,322975,4680
902,318295,13,255,9,322975,4680
902,318295,13,255,10,322975,4680
902,318295,13,255,11,322975,4680
902,318295,13,255,12,322975,4680
902,318295,13,255,14,322975,4680
902,318295,13,255,15,322975,4680
915,323005,13,186,-1,,
904,319015,15,255,0,323695,4680
904,319015,15,255,1,323695,4680
904,319015,15,255,2,323695,4680
904,319015,15,255,3,323695,4680
904,319015,15,255,4,323695,4680
904,319015,15,255,5,323695,4680
904,319015,15,255,6,323695,4680
904,319015,15,255,7,323695,4680
904,319015,15,255,8,323695,4680
904,319015,15,255,9,323695,4680
904,319015,15,255,10,323695,4680
904,319015,15,255,11,323695,4680
904,319015,15,255,12,323695,4680
904,319015,15,255,13,323695,4680
904,319015,15,255,14,323695,4680
917,323725,15,62,-1,,
892,319375,0,3,3,324055,4680
893,319735,1,4,4,324415,4680
894,320095,2,10,10,324775,4680
895,320465,4,255,0,325145,4680
895,320465,4,255,1,325145,4680
895,320465,4,255,2,325145,4680
895,320465,4,255,3,325145,4680
895,320465,4,255,5,325145,4680
895,320465,4,255,6,325145,4680
895,320465,4,255,7,325145,4680
895,320465,4,255,8,325145,4680
895,320465,4,255,9,325145,4680
895,320465,4,255,10,325145,4680
895,320465,4,255,11,325145,4680
895,320465,4,255,12,325145,4680
895,320465,4,255,13,325145,4680
895,320465,4,255,14,325145,4680
895,320465,4,255,15,325145,4680
909,325535,5,177,-1,,
897,321195,7,3,3,325875,4680
911,321555,8,255,0,326235,4680
911,321555,8,255,1,326235,4680
911,321555,8,255,2,326235,4680
911,321555,8,255,3,326235,4680
911,321555,8,255,4,326235,4680
911,321555,8,255,5,326235,4680
911,321555,8,255,6,326235,4680
911,321555,8,255,7,326235,4680
911,321555,8,255,9,326235,4680
911,321555,8,255,10,326235,4680
911,321555,8,255,11,326235,4680
911,321555,8,255,12,326235,4680
911,321555,8,255,13,326235,4680
911,321555,8,255,14,326235,4680
911,321555,8,255,15,326235,4680
913,322275,10,255,0,326955,4680
913,322275,10,255,1,326955,4680
913,322275,10,255,2,326955,4680
913,322275,10,255,3,326955,4680
913,322275,10,255,4,326955,4680
913,322275,10,255,5,326955,4680
913,322275,10,255,6,326955,4680
913,322275,10,255,7,326955,4680
913,322275,10,255,8,326955,4680
913,322275,10,255,9,326955,4680
913,322275,10,255,11,326955,4680
913,322275,10,255,12,326955,4680
913,322275,10,255,13,326955,4680
913,322275,10,255,14,326955,4680
913,322275,10,255,15,326955,4680
914,322645,12,11,11,327325,4680
927,327355,12,142,-1,,
916,323365,14,4,4,328045,4680
905,324085,0,11,11,328765,4680
906,324445,1,9,9,329125,4680
907,324805,2,10,10,329485,4680
908,325175,4,13,13,329855,4680
922,330245,5,227,-1,,
910,325905,7,4,4,330585,4680
924,326265,8,3,3,330945,4680
925,326625,9,8,8,331305,4680
926,326985,10,5,5,331665,4680
938,331695,10,97,-1,,
928,327715,13,6,6,332395,4680
929,328075,14,5,5,332755,4680
918,328795,0,15,15,333125,4330
919,329155,1,11,11,333485,4330
920,329515,2,1,1,333845,4330
921,329885,4,12,12,334215,4330
923,330615,7,0,0,334945,4330
936,330975,8,6,6,335305,4330
937,331335,9,2,2,335665,4330
939,332065,12,14,14,336395,4330
940,332425,13,8,8,336755,4330
941,332785,14,4,4,337115,4330
930,333155,0,15,15,337485,4330
931,333515,1,11,11,337845,4330
943,337875,1,34,-1,,
932,333875,2,0,0,338205,4330
933,334245,4,5,5,338575,4330
934,334605,5,8,8,338935,4330
935,334975,7,255,0,339305,4330
935,334975,7,255,1,339305,4330
935,334975,7,255,2,339305,4330
935,334975,7,255,3,339305,4330
935,334975,7,255,4,339305,4330
935,334975,7,255,5,339305,4330
935,334975,7,255,6,339305,4330
935,334975,7,255,8,339305,4330
935,334975,7,255,9,339305,4330
935,334975,7,255,10,339305,4330
935,334975,7,255,11,339305,4330
935,334975,7,255,12,339305,4330
935,334975,7,255,13,339305,4330
935,334975,7,255,14,339305,4330
935,334975,7,255,15,339305,4330
948,335335,8,255,0,339665,4330
948,335335,8,255,1,339665,4330
948,335335,8,255,2,339665,4330
948,335335,8,255,3,339665,4330
948,335335,8,255,4,339665,4330
948,335335,8,255,5,339665,4330
948,335335,8,255,6,339665,4330
948,335335,8,255,7,339665,4330
948,335335,8,255,9,339665,4330
948,335335,8,255,10,339665,4330
948,335335,8,255,11,339665,4330
948,335335,8,255,12,339665,4330
948,335335,8,255,13,339665,4330
948,335335,8,255,14,339665,4330
948,335335,8,255,15,339665,4330
949,335695,9,12,12,340025,4330
961,340055,9,226,-1,,
950,336055,10,8,8,340385,4330
951,336425,12,6,6,340755,4330
952,336785,13,9,9,341115,4330
953,337145,14,6,6,341475,4330
942,337515,0,5,5,341845,4330
944,338235,2,15,15,342565,4330
945,338605,4,9,9,342935,4330
946,338965,5,13,13,343295,4330
947,339335,7,3,3,343665,4330
960,339695,8,9,9,344025,4330
962,340415,10,15,15,344745,4330
963,340785,12,11,11,345115,4330
964,341145,13,7,7,345475,4330
965,341505,14,2,2,345835,4330
954,341875,0,13,13,346205,4330
955,342235,1,12,12,346565,4330
956,342595,2,10,10,346925,4330
957,342965,4,15,15,347295,4330
958,343325,5,2,2,347655,4330
959,343695,7,9,9,348025,4330
972,344055,8,0,0,348385,4330
984,348415,8,224,-1,,
973,344415,9,8,8,348745,4330
974,344775,10,13,13,349105,4330
975,345145,12,2,2,349475,4330
976,345505,13,255,0,349835,4330
976,345505,13,255,1,349835,4330
976,345505,13,255,2,349835,4330
976,345505,13,255,3,349835,4330
976,345505,13,255,4,349835,4330
976,345505,13,255,5,349835,4330
976,345505,13,255,6,349835,4330
976,345505,13,255,7,349835,4330
976,345505,13,255,8,349835,4330
976,345505,13,255,9,349835,4330
976,345505,13,255,10,349835,4330
976,345505,13,255,11,349835,4330
976,345505,13,255,12,349835,4330
976,345505,13,255,14,349835,4330
976,345505,13,255,15,349835,4330
977,345865,14,13,13,350195,4330
966,346235,0,8,8,350565,4330
967,346595,1,0,0,350925,4330
968,346955,2,255,0,351285,4330
968,346955,2,255,1,351285,4330
968,346955,2,255,3,351285,4330
968,346955,2,255,4,351285,4330
968,346955,2,255,5,351285,4330
968,346955,2,255,6,351285,4330
968,346955,2,255,7,351285,4330
968,346955,2,255,8,351285,4330
968,346955,2,255,9,351285,4330
968,346955,2,255,10,351285,4330
968,346955,2,255,11,351285,4330
968,346955,2,255,12,351285,4330
968,346955,2,255,13,351285,4330
968,346955,2,255,14,351285,4330
968,346955,2,255,15,351285,4330
969,347325,4,7,7,351655,4330
970,347685,5,255,0,352015,4330
970,347685,5,255,1,352015,4330
970,347685,5,255,2,352015,4330
970,347685,5,255,3,352015,4330
970,347685,5,255,4,352015,4330
970,347685,5,255,6,352015,4330
970,347685,5,255,7,352015,4330
970,347685,5,255,8,352015,4330
970,347685,5,255,9,352015,4330
970,347685,5,255,10,352015,4330
970,347685,5,255,11,352015,4330
970,347685,5,255,12,352015,4330
970,347685,5,255,13,352015,4330
970,347685,5,255,14,352015,4330
970,347685,5,255,15,352015,4330
971,348055,7,3,3,352385,4330
985,348775,9,13,13,353105,4330
986,349135,10,13,13,353465,4330
987,349505,12,4,4,353835,4330
988,349865,13,7,7,354195,4330
1000,354225,13,238,-1,,
989,350225,14,15,15,354555,4330
978,350595,0,1,1,354925,4330
979,350955,1,3,3,355285,4330
980,351315,2,5,5,355645,4330
981,351685,4,13,13,356015,4330
982,352045,5,14,14,356375,4330
983,352415,7,11,11,356745,4330
996,352775,8,12,12,357105,4330
997,353135,9,0,0,357465,4330
998,353495,10,1,1,357825,4330
999,353865,12,9,9,358195,4330
1011,358225,12,211,-1,,
1001,354585,14,4,4,358915,4330
990,354955,0,3,3,359285,4330
991,355315,1,4,4,359645,4330
992,355675,2,5,5,360005,4330
993,356045,4,10,10,360375,4330
994,356405,5,255,0,360735,4330
994,356405,5,255,1,360735,4330
994,356405,5,255,2,360735,4330
994,356405,5,255,3,360735,4330
994,356405,5,255,4,360735,4330
994,356405,5,255,6,360735,4330
994,356405,5,255,7,360735,4330
994,356405,5,255,8,360735,4330
994,356405,5,255,9,360735,4330
994,356405,5,255,10,360735,4330
994,356405,5,255,11,360735,4330
994,356405,5,255,12,360735,4330
994,356405,5,255,13,360735,4330
994,356405,5,255,14,360735,4330
994,356405,5,255,15,360735,4330
995,356775,7,13,13,361105,4330
1008,357135,8,9,9,361465,4330
1020,361495,8,172,-1,,
1009,357495,9,3,3,361825,4330
1010,357855,10,255,0,362185,4330
1010,357855,10,255,1,362185,4330
1010,357855,10,255,2,362185,4330
1010,357855,10,255,3,362185,4330
1010,357855,10,255,4,362185,4330
1010,357855,10,255,5,362185,4330
1010,357855,10,255,6,362185,4330
1010,357855,10,255,7,362185,4330
1010,357855,10,255,8,362185,4330
1010,357855,10,255,9,362185,4330
1010,357855,10,255,11,362185,4330
1010,357855,10,255,12,362185,4330
1010,357855,10,255,13,362185,4330
1010,357855,10,255,14,362185,4330
1010,357855,10,255,15,362185,4330
1012,358585,13,9,9,362915,4330
1013,358945,14,13,13,363275,4330
1002,359315,0,255,1,363645,4330
1002,359315,0,255,2,363645,4330
1002,359315,0,255,3,363645,4330
1002,359315,0,255,4,363645,4330
1002,359315,0,255,5,363645,4330
1002,359315,0,255,6,363645,4330
1002,359315,0,255,7,363645,4330
1002,359315,0,255,8,363645,4330
1002,359315,0,255,9,363645,4330
1002,359315,0,255,10,363645,4330
1002,359315,0,255,11,363645,4330
1002,359315,0,255,12,363645,4330
1002,359315,0,255,13,363645,4330
1002,359315,0,255,14,363645,4330
1002,359315,0,255,15,363645,4330
1003,359675,1,255,0,364005,4330
1003,359675,1,255,2,364005,4330
1003,359675,1,255,3,364005,4330
1003,359675,1,255,4,364005,4330
1003,359675,1,255,5,364005,4330
1003,359675,1,255,6,364005,4330
1003,359675,1,255,7,364005,4330
1003,359675,1,255,8,364005,4330
1003,359675,1,255,9,364005,4330
1003,359675,1,255,10,364005,4330
1003,359675,1,255,11,364005,4330
1003,359675,1,255,12,364005,4330
1003,359675,1,255,13,364005,4330
1003,359675,1,255,14,364005,4330
1003,359675,1,255,15,364005,4330
1004,360035,2,0,0,364365,4330
1005,360405,4,10,10,364735,4330
1006,360765,5,1,1,365095,4330
1018,365125,5,144,-1,,
1007,361135,7,6,6,365465,4330
1021,361855,9,3,3,366185,4330
1022,362215,10,15,15,366545,4330
1023,362585,12,8,8,366915,4330
1035,366945,12,116,-1,,
1024,362945,13,10,10,367275,4330
1025,363305,14,5,5,367635,4330
1014,363675,0,7,7,368005,4330
1015,364035,1,7,7,368365,4330
1016,364395,2,3,3,368725,4330
1028,368755,2,231,-1,,
1017,364765,4,10,10,369095,4330
1019,365495,7,255,0,369825,4330
1019,365495,7,255,1,369825,4330
1019,365495,7,255,2,369825,4330
1019,365495,7,255,3,369825,4330
1019,365495,7,255,4,369825,4330
1019,365495,7,255,5,369825,4330
1019,365495,7,255,6,369825,4330
1019,365495,7,255,8,369825,4330
1019,365495,7,255,9,369825,4330
1019,365495,7,255,10,369825,4330
1019,365495,7,255,11,369825,4330
1019,365495,7,255,12,369825,4330
1019,365495,7,255,13,369825,4330
1019,365495,7,255,14,369825,4330
1019,365495,7,255,15,369825,4330
1032,365855,8,5,5,370185,4330
1033,366215,9,14,14,370545,4330
1034,366575,10,15,15,370905,4330
1047,371305,12,30,-1,,
1036,367305,13,12,12,371635,4330
1037,367665,14,8,8,371995,4330
1026,368035,0,15,15,372365,4330
1038,372395,0,230,-1,,
1027,368395,1,255,0,372725,4330
1027,368395,1,255,2,372725,4330
1027,368395,1,255,3,372725,4330
1027,368395,1,255,4,372725,4330
1027,368395,1,255,5,372725,4330
1027,368395,1,255,6,372725,4330
1027,368395,1,255,7,372725,4330
1027,368395,1,255,8,372725,4330
1027,368395,1,255,9,372725,4330
1027,368395,1,255,10,372725,4330
1027,368395,1,255,11,372725,4330
1027,368395,1,255,12,372725,4330
1027,368395,1,255,13,372725,4330
1027,368395,1,255,14,372725,4330
1027,368395,1,255,15,372725,4330
1040,373115,2,103,-1,,
1029,369125,4,9,9,373455,4330
1030,369485,5,15,15,373815,4330
1031,369855,7,6,6,374185,4330
1044,370215,8,13,13,374545,4330
1045,370575,9,255,0,374905,4330
1045,370575,9,255,1,374905,4330
1045,370575,9,255,2,374905,4330
1045,370575,9,255,3,374905,4330
1045,370575,9,255,4,374905,4330
1045,370575,9,255,5,374905,4330
1045,370575,9,255,6,374905,4330
1045,370575,9,255,7,374905,4330
1045,370575,9,255,8,374905,4330
1045,370575,9,255,10,374905,4330
1045,370575,9,255,11,374905,4330
1045,370575,9,255,12,374905,4330
1045,370575,9,255,13,374905,4330
1045,370575,9,255,14,374905,4330
1045,370575,9,255,15,374905,4330
1046,370935,10,255,0,375265,4330
1046,370935,10,255,1,375265,4330
1046,370935,10,255,2,375265,4330
1046,370935,10,255,3,375265,4330
1046,370935,10,255,4,375265,4330
1046,370935,10,255,5,375265,4330
1046,370935,10,255,6,375265,4330
1046,370935,10,255,7,375265,4330
1046,370935,10,255,8,375265,4330
1046,370935,10,255,9,375265,4330
1046,370935,10,255,11,375265,4330
1046,370935,10,255,12,375265,4330
1046,370935,10,255,13,375265,4330
1046,370935,10,255,14,375265,4330
1046,370935,10,255,15,375265,4330
1048,371665,13,6,6,375995,4330
1049,372025,14,12,12,376355,4330
1039,372755,1,6,6,377085,4330
1041,373485,4,3,3,377815,4330
1042,373845,5,14,14,378175,4330
1043,374215,7,8,8,378545,4330
1056,374575,8,5,5,378905,4330
1057,374935,9,5,5,379265,4330
1058,375295,10,15,15,379625,4330
1059,375665,12,2,2,379995,4330
1060,376025,13,9,9,380355,4330
1061,376385,14,11,11,380715,4330
1050,376755,0,8,8,381085,4330
1062,381115,0,145,-1,,
1051,377115,1,7,7,381445,4330
1052,377475,2,8,8,381805,4330
1053,377845,4,7,7,382175,4330
1054,378205,5,1,1,382535,4330
1066,382565,5,30,-1,,
1055,378575,7,11,11,382905,4330
1068,379295,9,8,8,383275,3980
1069,379655,10,255,0,383635,3980
1069,379655,10,255,1,383635,3980
1069,379655,10,255,2,383635,3980
1069,379655,10,255,3,383635,3980
1069,379655,10,255,4,383635,3980
1069,379655,10,255,5,383635,3980
1069,379655,10,255,6,383635,3980
1069,379655,10,255,7,383635,3980
1069,379655,10,255,8,383635,3980
1069,379655,10,255,9,383635,3980
1069,379655,10,255,11,383635,3980
1069,379655,10,255,12,383635,3980
1069,379655,10,255,13,383635,3980
1069,379655,10,255,14,383635,3980
1069,379655,10,255,15,383635,3980
1070,380025,12,9,9,384005,3980
1071,380385,13,255,0,384365,3980
1071,380385,13,255,1,384365,3980
1071,380385,13,255,2,384365,3980
1071,380385,13,255,3,384365,3980
1071,380385,13,255,4,384365,3980
1071,380385,13,255,5,384365,3980
1071,380385,13,255,6,384365,3980
1071,380385,13,255,7,384365,3980
1071,380385,13,255,8,384365,3980
1071,380385,13,255,9,384365,3980
1071,380385,13,255,10,384365,3980
1071,380385,13,255,11,384365,3980
1071,380385,13,255,12,384365,3980
1071,380385,13,255,14,384365,3980
1071,380385,13,255,15,384365,3980
1072,380745,14,7,7,384725,3980
1063,381475,1,3,3,385455,3980
1064,381835,2,11,11,385815,3980
1065,382205,4,0,0,386185,3980
1076,386215,4,119,-1,,
1077,386575,5,66,-1,,
1067,382935,7,2,2,386915,3980
1079,383305,9,4,4,387285,3980
1090,387315,9,37,-1,,
1080,383665,10,14,14,387645,3980
1081,384035,12,255,0,388015,3980
1081,384035,12,255,1,388015,3980
1081,384035,12,255,2,388015,3980
1081,384035,12,255,3,388015,3980
1081,384035,12,255,4,388015,3980
1081,384035,12,255,5,388015,3980
1081,384035,12,255,6,388015,3980
1081,384035,12,255,7,388015,3980
1081,384035,12,255,8,388015,3980
1081,384035,12,255,9,388015,3980
1081,384035,12,255,10,388015,3980
1081,384035,12,255,11,388015,3980
1081,384035,12,255,13,388015,3980
1081,384035,12,255,14,388015,3980
1081,384035,12,255,15,388015,3980
1082,384395,13,6,6,388375,3980
1083,384755,14,255,0,388735,3980
1083,384755,14,255,1,388735,3980
1083,384755,14,255,2,388735,3980
1083,384755,14,255,3,388735,3980
1083,384755,14,255,4,388735,3980
1083,384755,14,255,5,388735,3980
1083,384755,14,255,6,388735,3980
1083,384755,14,255,7,388735,3980
1083,384755,14,255,8,388735,3980
1083,384755,14,255,9,388735,3980
1083,384755,14,255,10,388735,3980
1083,384755,14,255,11,388735,3980
1083,384755,14,255,12,388735,3980
1083,384755,14,255,13,388735,3980
1083,384755,14,255,15,388735,3980
1073,385125,0,9,9,389105,3980
1074,385485,1,7,7,389465,3980
1075,385845,2,0,0,389825,3980
1087,390225,4,163,-1,,
1088,390585,5,60,-1,,
1078,386945,7,10,10,390925,3980
1091,387675,10,0,0,391655,3980
1092,388045,12,1,1,392025,3980
1093,388405,13,4,4,392385,3980
1094,388765,14,255,0,392745,3980
1094,388765,14,255,1,392745,3980
1094,388765,14,255,2,392745,3980
1094,388765,14,255,3,392745,3980
1094,388765,14,255,4,392745,3980
1094,388765,14,255,5,392745,3980
1094,388765,14,255,6,392745,3980
1094,388765,14,255,7,392745,3980
1094,388765,14,255,8,392745,3980
1094,388765,14,255,9,392745,3980
1094,388765,14,255,10,392745,3980
1094,388765,14,255,11,392745,3980
1094,388765,14,255,12,392745,3980
1094,388765,14,255,13,392745,3980
1094,388765,14,255,15,392745,3980
1084,389135,0,2,2,393115,3980
1085,389495,1,4,4,393475,3980
1086,389855,2,11,11,393835,3980
1089,390955,7,4,4,394935,3980
1101,391325,9,2,2,395305,3980
1102,391685,10,255,0,395665,3980
1102,391685,10,255,1,395665,3980
1102,391685,10,255,2,395665,3980
1102,391685,10,255,3,395665,3980
1102,391685,10,255,4,395665,3980
1102,391685,10,255,5,395665,3980
1102,391685,10,255,6,395665,3980
1102,391685,10,255,7,395665,3980
1102,391685,10,255,8,395665,3980
1102,391685,10,255,9,395665,3980
1102,391685,10,255,11,395665,3980
1102,391685,10,255,12,395665,3980
1102,391685,10,255,13,395665,3980
1102,391685,10,255,14,395665,3980
1102,391685,10,255,15,395665,3980
1103,392055,12,255,0,396035,3980
1103,392055,12,255,1,396035,3980
1103,392055,12,255,2,396035,3980
1103,392055,12,255,3,396035,3980
1103,392055,12,255,4,396035,3980
1103,392055,12,255,5,396035,3980
1103,392055,12,255,6,396035,3980
1103,392055,12,255,7,396035,3980
1103,392055,12,255,8,396035,3980
1103,392055,12,255,9,396035,3980
1103,392055,12,255,10,396035,3980
1103,392055,12,255,11,396035,3980
1103,392055,12,255,13,396035,3980
1103,392055,12,255,14,396035,3980
1103,392055,12,255,15,396035,3980
1104,392415,13,0,0,396395,3980
1105,392775,14,255,0,396755,3980
1105,392775,14,255,1,396755,3980
1105,392775,14,255,2,396755,3980
1105,392775,14,255,3,396755,3980
1105,392775,14,255,4,396755,3980
1105,392775,14,255,5,396755,3980
1105,392775,14,255,6,396755,3980
1105,392775,14,255,7,396755,3980
1105,392775,14,255,8,396755,3980
1105,392775,14,255,9,396755,3980
1105,392775,14,255,10,396755,3980
1105,392775,14,255,11,396755,3980
1105,392775,14,255,12,396755,3980
1105,392775,14,255,13,396755,3980
1105,392775,14,255,15,396755,3980
1095,393145,0,11,11,397125,3980
1096,393505,1,9,9,397485,3980
1097,393865,2,12,12,397845,3980
1098,394235,4,15,15,398215,3980
1099,394595,5,255,0,398575,3980
1099,394595,5,255,1,398575,3980
1099,394595,5,255,2,398575,3980
1099,394595,5,255,3,398575,3980
1099,394595,5,255,4,398575,3980
1099,394595,5,255,6,398575,3980
1099,394595,5,255,7,398575,3980
1099,394595,5,255,8,398575,3980
1099,394595,5,255,9,398575,3980
1099,394595,5,255,10,398575,3980
1099,394595,5,255,11,398575,3980
1099,394595,5,255,12,398575,3980
1099,394595,5,255,13,398575,3980
1099,394595,5,255,14,398575,3980
1099,394595,5,255,15,398575,3980
1100,394965,7,11,11,398945,3980
1112,395335,9,10,10,399315,3980
1113,395695,10,4,4,399675,3980
1124,399705,10,29,-1,,
1114,396065,12,14,14,400045,3980
1115,396425,13,255,0,400405,3980
1115,396425,13,255,1,400405,3980
1115,396425,13,255,2,400405,3980
1115,396425,13,255,3,400405,3980
1115,396425,13,255,4,400405,3980
1115,396425,13,255,5,400405,3980
1115,396425,13,255,6,400405,3980
1115,396425,13,255,7,400405,3980
1115,396425,13,255,8,400405,3980
1115,396425,13,255,9,400405,3980
1115,396425,13,255,10,400405,3980
1115,396425,13,255,11,400405,3980
1115,396425,13,255,12,400405,3980
1115,396425,13,255,14,400405,3980
1115,396425,13,255,15,400405,3980
1116,396785,14,3,3,400765,3980
1106,397155,0,6,6,401135,3980
1107,397515,1,11,11,401495,3980
1108,397875,2,12,12,401855,3980
1109,398245,4,255,0,402225,3980
1109,398245,4,255,1,402225,3980
1109,398245,4,255,2,402225,3980
1109,398245,4,255,3,402225,3980
1109,398245,4,255,5,402225,3980
1109,398245,4,255,6,402225,3980
1109,398245,4,255,7,402225,3980
1109,398245,4,255,8,402225,3980
1109,398245,4,255,9,402225,3980
1109,398245,4,255,10,402225,3980
1109,398245,4,255,11,402225,3980
1109,398245,4,255,12,402225,3980
1109,398245,4,255,13,402225,3980
1109,398245,4,255,14,402225,3980
1109,398245,4,255,15,402225,3980
1110,398605,5,14,14,402585,3980
1121,402615,5,224,-1,,
1111,398975,7,13,13,402955,3980
1123,399345,9,5,5,403325,3980
1125,400075,12,5,5,404055,3980
1126,400435,13,11,11,404415,3980
1137,404445,13,184,-1,,
1127,400795,14,0,0,404775,3980
1117,401165,0,8,8,405145,3980
1118,401525,1,3,3,405505,3980
1119,401885,2,1,1,405865,3980
1120,402255,4,6,6,406235,3980
1122,402985,7,15,15,406965,3980
1134,403355,9,10,10,407335,3980
1135,403715,10,13,13,407695,3980
1146,407725,10,72,-1,,
1136,404085,12,5,5,408065,3980
1138,404805,14,6,6,408785,3980
1128,405175,0,11,11,409155,3980
1129,405535,1,5,5,409515,3980
1130,405895,2,11,11,409875,3980
1131,406265,4,0,0,410245,3980
1132,406625,5,0,0,410605,3980
1133,406995,7,15,15,410975,3980
1145,407365,9,12,12,411345,3980
1147,408095,12,5,5,412075,3980
1148,408455,13,10,10,412435,3980
1149,408815,14,1,1,412795,3980
1139,409185,0,10,10,413165,3980
1150,413195,0,95,-1,,
1140,409545,1,14,14,413525,3980
1141,409905,2,4,4,413885,3980
1142,410275,4,8,8,414255,3980
1143,410635,5,11,11,414615,3980
1144,411005,7,11,11,414985,3980
1156,411375,9,3,3,415355,3980
1157,411735,10,8,8,415715,3980
1158,412105,12,0,0,416085,3980
1159,412465,13,15,15,416445,3980
1160,412825,14,10,10,416805,3980
1171,416835,14,165,-1,,
1151,413555,1,0,0,417535,3980
1152,413915,2,7,7,417895,3980
1153,414285,4,15,15,418265,3980
1164,418295,4,132,-1,,
1154,414645,5,1,1,418625,3980
1155,415015,7,10,10,418995,3980
1167,415385,9,13,13,419365,3980
1168,415745,10,12,12,419725,3980
1169,416115,12,6,6,420095,3980
1170,416475,13,14,14,420455,3980
1180,420485,13,175,-1,,
1161,417205,0,13,13,421185,3980
1162,417565,1,13,13,421545,3980
1163,417925,2,4,4,421905,3980
1165,418655,5,15,15,422635,3980
1166,419025,7,9,9,423005,3980
1178,419395,9,12,12,423375,3980
1179,419755,10,5,5,423735,3980
1181,420845,14,3,3,424485,3640
1172,421215,0,3,3,424855,3640
1173,421575,1,0,0,425215,3640
1174,421935,2,10,10,425575,3640
1175,422305,4,11,11,425945,3640
1176,422665,5,255,0,426305,3640
1176,422665,5,255,1,426305,3640
1176,422665,5,255,2,426305,3640
1176,422665,5,255,3,426305,3640
1176,422665,5,255,4,426305,3640
1176,422665,5,255,6,426305,3640
1176,422665,5,255,7,426305,3640
1176,422665,5,255,8,426305,3640
1176,422665,5,255,9,426305,3640
1176,422665,5,255,10,426305,3640
1176,422665,5,255,11,426305,3640
1176,422665,5,255,12,426305,3640
1176,422665,5,255,13,426305,3640
1176,422665,5,255,14,426305,3640
1176,422665,5,255,15,426305,3640
1177,423035,7,12,12,426675,3640
1188,423405,9,11,11,427045,3640
1189,423765,10,12,12,427405,3640
1190,424155,13,14,14,427795,3640
1191,424515,14,11,11,428155,3640
1182,424885,0,1,1,428525,3640
1183,425245,1,5,5,428885,3640
1184,425605,2,12,12,429245,3640
1185,425975,4,2,2,429615,3640
1186,426335,5,7,7,429975,3640
1196,430005,5,144,-1,,
1187,426705,7,12,12,430345,3640
1197,430375,7,172,-1,,
1198,427075,9,6,6,430715,3640
1199,427435,10,0,0,431075,3640
1200,427825,13,1,1,431465,3640
1201,428185,14,9,9,431825,3640
1192,428555,0,11,11,432195,3640
1193,428915,1,0,0,432555,3640
1194,429275,2,6,6,432915,3640
1195,429645,4,1,1,433285,3640
1208,430745,9,7,7,434385,3640
1209,431105,10,255,0,434745,3640
1209,431105,10,255,1,434745,3640
1209,431105,10,255,2,434745,3640
1209,431105,10,255,3,434745,3640
1209,431105,10,255,4,434745,3640
1209,431105,10,255,5,434745,3640
1209,431105,10,255,6,434745,3640
1209,431105,10,255,7,434745,3640
1209,431105,10,255,8,434745,3640
1209,431105,10,255,9,434745,3640
1209,431105,10,255,11,434745,3640
1209,431105,10,255,12,434745,3640
1209,431105,10,255,13,434745,3640
1209,431105,10,255,14,434745,3640
1209,431105,10,255,15,434745,3640
1210,431495,13,14,14,435135,3640
1211,431855,14,15,15,435495,3640
1202,432225,0,10,10,435865,3640
1203,432585,1,12,12,436225,3640
1204,432945,2,6,6,436585,3640
1205,433315,4,12,12,436955,3640
1206,433675,5,11,11,437315,3640
1207,434045,7,13,13,437685,3640
1218,434415,9,0,0,438055,3640
1219,434775,10,6,6,438415,3640
1220,435165,13,255,0,438805,3640
1220,435165,13,255,1,438805,3640
1220,435165,13,255,2,438805,3640
1220,435165,13,255,3,438805,3640
1220,435165,13,255,4,438805,3640
1220,435165,13,255,5,438805,3640
1220,435165,13,255,6,438805,3640
1220,435165,13,255,7,438805,3640
1220,435165,13,255,8,438805,3640
1220,435165,13,255,9,438805,3640
1220,435165,13,255,10,438805,3640
1220,435165,13,255,11,438805,3640
1220,435165,13,255,12,438805,3640
1220,435165,13,255,14,438805,3640
1220,435165,13,255,15,438805,3640
1221,435525,14,1,1,439165,3640
1212,435895,0,255,1,439535,3640
1212,435895,0,255,2,439535,3640
1212,435895,0,255,3,439535,3640
1212,435895,0,255,4,439535,3640
1212,435895,0,255,5,439535,3640
1212,435895,0,255,6,439535,3640
1212,435895,0,255,7,439535,3640
1212,435895,0,255,8,439535,3640
1212,435895,0,255,9,439535,3640
1212,435895,0,255,10,439535,3640
1212,435895,0,255,11,439535,3640
1212,435895,0,255,12,439535,3640
1212,435895,0,255,13,439535,3640
1212,435895,0,255,14,439535,3640
1212,435895,0,255,15,439535,3640
1213,436255,1,2,2,439895,3640
1214,436615,2,13,13,440255,3640
1215,436985,4,0,0,440625,3640
1216,437345,5,9,9,440985,3640
1217,437715,7,255,0,441355,3640
1217,437715,7,255,1,441355,3640
1217,437715,7,255,2,441355,3640
1217,437715,7,255,3,441355,3640
1217,437715,7,255,4,441355,3640
1217,437715,7,255,5,441355,3640
1217,437715,7,255,6,441355,3640
1217,437715,7,255,8,441355,3640
1217,437715,7,255,9,441355,3640
1217,437715,7,255,10,441355,3640
1217,437715,7,255,11,441355,3640
1217,437715,7,255,12,441355,3640
1217,437715,7,255,13,441355,3640
1217,437715,7,255,14,441355,3640
1217,437715,7,255,15,441355,3640
1228,438085,9,7,7,441725,3640
1229,438445,10,255,0,442085,3640
1229,438445,10,255,1,442085,3640
1229,438445,10,255,2,442085,3640
1229,438445,10,255,3,442085,3640
1229,438445,10,255,4,442085,3640
1229,438445,10,255,5,442085,3640
1229,438445,10,255,6,442085,3640
1229,438445,10,255,7,442085,3640
1229,438445,10,255,8,442085,3640
1229,438445,10,255,9,442085,3640
1229,438445,10,255,11,442085,3640
1229,438445,10,255,12,442085,3640
1229,438445,10,255,13,442085,3640
1229,438445,10,255,14,442085,3640
1229,438445,10,255,15,442085,3640
1230,438835,13,255,0,442475,3640
1230,438835,13,255,1,442475,3640
1230,438835,13,255,2,442475,3640
1230,438835,13,255,3,442475,3640
1230,438835,13,255,4,442475,3640
1230,438835,13,255,5,442475,3640
1230,438835,13,255,6,442475,3640
1230,438835,13,255,7,442475,3640
1230,438835,13,255,8,442475,3640
1230,438835,13,255,9,442475,3640
1230,438835,13,255,10,442475,3640
1230,438835,13,255,11,442475,3640
1230,438835,13,255,12,442475,3640
1230,438835,13,255,14,442475,3640
1230,438835,13,255,15,442475,3640
1239,442505,13,208,-1,,
1231,439195,14,13,13,442835,3640
1222,439565,0,3,3,443205,3640
1223,439925,1,5,5,443565,3640
1233,443595,1,130,-1,,
1224,440285,2,3,3,443925,3640
1234,443955,2,175,-1,,
1225,440655,4,2,2,444295,3640
1226,441015,5,10,10,444655,3640
1227,441385,7,13,13,445025,3640
1238,442115,10,2,2,445415,3300
1240,442865,14,6,6,446165,3300
1232,443235,0,2,2,446535,3300
1241,446565,0,192,-1,,
1235,444325,4,0,0,447625,3300
1236,444685,5,15,15,447985,3300
1245,448015,5,97,-1,,
1237,445055,7,9,9,448355,3300
1247,445445,10,2,2,448745,3300
1248,445835,13,9,9,449135,3300
1249,446195,14,9,9,449495,3300
1242,446925,1,9,9,450225,3300
1243,447285,2,3,3,450585,3300
1244,447655,4,0,0,450955,3300
1246,448385,7,5,5,451685,3300
1256,448775,10,255,0,452075,3300
1256,448775,10,255,1,452075,3300
1256,448775,10,255,2,452075,3300
1256,448775,10,255,3,452075,3300
1256,448775,10,255,4,452075,3300
1256,448775,10,255,5,452075,3300
1256,448775,10,255,6,452075,3300
1256,448775,10,255,7,452075,3300
1256,448775,10,255,8,452075,3300
1256,448775,10,255,9,452075,3300
1256,448775,10,255,11,452075,3300
1256,448775,10,255,12,452075,3300
1256,448775,10,255,13,452075,3300
1256,448775,10,255,14,452075,3300
1256,448775,10,255,15,452075,3300
1257,449165,13,12,12,452465,3300
1258,449525,14,4,4,452825,3300
1250,449895,0,6,6,453195,3300
1251,450255,1,10,10,453555,3300
1252,450615,2,7,7,453915,3300
1253,450985,4,9,9,454285,3300
1254,451345,5,255,0,454645,3300
1254,451345,5,255,1,454645,3300
1254,451345,5,255,2,454645,3300
1254,451345,5,255,3,454645,3300
1254,451345,5,255,4,454645,3300
1254,451345,5,255,6,454645,3300
1254,451345,5,255,7,454645,3300
1254,451345,5,255,8,454645,3300
1254,451345,5,255,9,454645,3300
1254,451345,5,255,10,454645,3300
1254,451345,5,255,11,454645,3300
1254,451345,5,255,12,454645,3300
1254,451345,5,255,13,454645,3300
1254,451345,5,255,14,454645,3300
1254,451345,5,255,15,454645,3300
1255,451715,7,5,5,455015,3300
1264,452105,10,0,0,455405,3300
1265,452495,13,3,3,455795,3300
1266,452855,14,1,1,456155,3300
1259,453585,1,9,9,456545,2960
1260,453945,2,13,13,456905,2960
1261,454315,4,255,0,457275,2960
1261,454315,4,255,1,457275,2960
1261,454315,4,255,2,457275,2960
1261,454315,4,255,3,457275,2960
1261,454315,4,255,5,457275,2960
1261,454315,4,255,6,457275,2960
1261,454315,4,255,7,457275,2960
1261,454315,4,255,8,457275,2960
1261,454315,4,255,9,457275,2960
1261,454315,4,255,10,457275,2960
1261,454315,4,255,11,457275,2960
1261,454315,4,255,12,457275,2960
1261,454315,4,255,13,457275,2960
1261,454315,4,255,14,457275,2960
1261,454315,4,255,15,457275,2960
1269,457305,4,231,-1,,
1262,454675,5,0,0,457635,2960
1263,455045,7,255,0,458005,2960
1263,455045,7,255,1,458005,2960
1263,455045,7,255,2,458005,2960
1263,455045,7,255,3,458005,2960
1263,455045,7,255,4,458005,2960
1263,455045,7,255,5,458005,2960
1263,455045,7,255,6,458005,2960
1263,455045,7,255,8,458005,2960
1263,455045,7,255,9,458005,2960
1263,455045,7,255,10,458005,2960
1263,455045,7,255,11,458005,2960
1263,455045,7,255,12,458005,2960
1263,455045,7,255,13,458005,2960
1263,455045,7,255,14,458005,2960
1263,455045,7,255,15,458005,2960
1272,455435,10,13,13,458395,2960
1273,455825,13,2,2,458785,2960
1274,456185,14,2,2,459145,2960
1267,456575,1,12,12,459535,2960
1268,456935,2,8,8,459895,2960
1276,459925,2,39,-1,,
1270,457665,5,2,2,460625,2960
1271,458035,7,5,5,460995,2960
1280,458425,10,1,1,461385,2960
1281,458815,13,9,9,461775,2960
1282,459175,14,4,4,462135,2960
1275,459565,1,6,6,462525,2960
1277,460295,4,3,3,463255,2960
1278,460655,5,11,11,463615,2960
1279,461025,7,8,8,463985,2960
1288,461415,10,1,1,464375,2960
1289,461805,13,255,0,464765,2960
1289,461805,13,255,1,464765,2960
1289,461805,13,255,2,464765,2960
1289,461805,13,255,3,464765,2960
1289,461805,13,255,4,464765,2960
1289,461805,13,255,5,464765,2960
1289,461805,13,255,6,464765,2960
1289,461805,13,255,7,464765,2960
1289,461805,13,255,8,464765,2960
1289,461805,13,255,9,464765,2960
1289,461805,13,255,10,464765,2960
1289,461805,13,255,11,464765,2960
1289,461805,13,255,12,464765,2960
1289,461805,13,255,14,464765,2960
1289,461805,13,255,15,464765,2960
1290,462165,14,1,1,465125,2960
1297,465155,14,178,-1,,
1283,462555,1,8,8,465515,2960
1291,465545,1,46,-1,,
1284,462915,2,7,7,465875,2960
1285,463285,4,8,8,466245,2960
1286,463645,5,11,11,466605,2960
1287,464015,7,9,9,466975,2960
1295,464405,10,3,3,467365,2960
1296,464795,13,12,12,467755,2960
1292,465905,2,8,8,468865,2960
1293,466275,4,5,5,469235,2960
1294,466635,5,11,11,469595,2960
1302,467395,10,9,9,470025,2630
1303,467785,13,10,10,470415,2630
1304,468145,14,255,0,470775,2630
1304,468145,14,255,1,470775,2630
1304,468145,14,255,2,470775,2630
1304,468145,14,255,3,470775,2630
1304,468145,14,255,4,470775,2630
1304,468145,14,255,5,470775,2630
1304,468145,14,255,6,470775,2630
1304,468145,14,255,7,470775,2630
1304,468145,14,255,8,470775,2630
1304,468145,14,255,9,470775,2630
1304,468145,14,255,10,470775,2630
1304,468145,14,255,11,470775,2630
1304,468145,14,255,12,470775,2630
1304,468145,14,255,13,470775,2630
1304,468145,14,255,15,470775,2630
1298,468535,1,0,0,471165,2630
1299,468895,2,8,8,471525,2630
1306,471555,2,132,-1,,
1300,469265,4,255,0,471895,2630
1300,469265,4,255,1,471895,2630
1300,469265,4,255,2,471895,2630
1300,469265,4,255,3,471895,2630
1300,469265,4,255,5,471895,2630
1300,469265,4,255,6,471895,2630
1300,469265,4,255,7,471895,2630
1300,469265,4,255,8,471895,2630
1300,469265,4,255,9,471895,2630
1300,469265,4,255,10,471895,2630
1300,469265,4,255,11,471895,2630
1300,469265,4,255,12,471895,2630
1300,469265,4,255,13,471895,2630
1300,469265,4,255,14,471895,2630
1300,469265,4,255,15,471895,2630
1301,469625,5,3,3,472255,2630
1308,470055,10,2,2,472685,2630
1309,470445,13,5,5,473075,2630
1310,470805,14,255,0,473435,2630
1310,470805,14,255,1,473435,2630
1310,470805,14,255,2,473435,2630
1310,470805,14,255,3,473435,2630
1310,470805,14,255,4,473435,2630
1310,470805,14,255,5,473435,2630
1310,470805,14,255,6,473435,2630
1310,470805,14,255,7,473435,2630
1310,470805,14,255,8,473435,2630
1310,470805,14,255,9,473435,2630
1310,470805,14,255,10,473435,2630
1310,470805,14,255,11,473435,2630
1310,470805,14,255,12,473435,2630
1310,470805,14,255,13,473435,2630
1310,470805,14,255,15,473435,2630
1305,471195,1,7,7,473825,2630
1307,472285,5,255,0,474575,2290
1307,472285,5,255,1,474575,2290
1307,472285,5,255,2,474575,2290
1307,472285,5,255,3,474575,2290
1307,472285,5,255,4,474575,2290
1307,472285,5,255,6,474575,2290
1307,472285,5,255,7,474575,2290
1307,472285,5,255,8,474575,2290
1307,472285,5,255,9,474575,2290
1307,472285,5,255,10,474575,2290
1307,472285,5,255,11,474575,2290
1307,472285,5,255,12,474575,2290
1307,472285,5,255,13,474575,2290
1307,472285,5,255,14,474575,2290
1307,472285,5,255,15,474575,2290
1314,472715,10,3,3,475005,2290
1315,473105,13,1,1,475395,2290
1316,473465,14,15,15,475755,2290
1311,473855,1,13,13,476145,2290
1312,474215,2,15,15,476505,2290
1313,474605,5,14,14,476895,2290
1320,475425,13,255,0,477385,1960
1320,475425,13,255,1,477385,1960
1320,475425,13,255,2,477385,1960
1320,475425,13,255,3,477385,1960
1320,475425,13,255,4,477385,1960
1320,475425,13,255,5,477385,1960
1320,475425,13,255,6,477385,1960
1320,475425,13,255,7,477385,1960
1320,475425,13,255,8,477385,1960
1320,475425,13,255,9,477385,1960
1320,475425,13,255,10,477385,1960
1320,475425,13,255,11,477385,1960
1320,475425,13,255,12,477385,1960
1320,475425,13,255,14,477385,1960
1320,475425,13,255,15,477385,1960
1325,477415,13,150,-1,,
1321,475785,14,4,4,477745,1960
1317,476175,1,7,7,478135,1960
1318,476535,2,9,9,478495,1960
1319,476925,5,6,6,478885,1960
1326,477775,14,255,0,479735,1960
1326,477775,14,255,1,479735,1960
1326,477775,14,255,2,479735,1960
1326,477775,14,255,3,479735,1960
1326,477775,14,255,4,479735,1960
1326,477775,14,255,5,479735,1960
1326,477775,14,255,6,479735,1960
1326,477775,14,255,7,479735,1960
1326,477775,14,255,8,479735,1960
1326,477775,14,255,9,479735,1960
1326,477775,14,255,10,479735,1960
1326,477775,14,255,11,479735,1960
1326,477775,14,255,12,479735,1960
1326,477775,14,255,13,479735,1960
1326,477775,14,255,15,479735,1960
1322,478165,1,15,15,480125,1960
1323,478525,2,1,1,480485,1960
1324,478915,5,14,14,480875,1960
1329,479405,13,2,2,481365,1960
1330,479765,14,8,8,481725,1960
1327,480515,2,3,3,482135,1620
1328,480905,5,11,11,482525,1620
1333,481395,13,255,0,483015,1620
1333,481395,13,255,1,483015,1620
1333,481395,13,255,2,483015,1620
1333,481395,13,255,3,483015,1620
1333,481395,13,255,4,483015,1620
1333,481395,13,255,5,483015,1620
1333,481395,13,255,6,483015,1620
1333,481395,13,255,7,483015,1620
1333,481395,13,255,8,483015,1620
1333,481395,13,255,9,483015,1620
1333,481395,13,255,10,483015,1620
1333,481395,13,255,11,483015,1620
1333,481395,13,255,12,483015,1620
1333,481395,13,255,14,483015,1620
1333,481395,13,255,15,483015,1620
1334,481755,14,1,1,483375,1620
1331,482165,2,3,3,483785,1620
1332,482555,5,7,7,484175,1620
1337,483045,13,4,4,484665,1620
1338,483405,14,12,12,485025,1620
1335,483815,2,6,6,485435,1620
1336,484205,5,6,6,485825,1620
1340,485855,5,99,-1,,
1339,485465,2,8,8,486415,950
1341,486445,2,5,5,487395,950
1342,486835,5,8,8,487785,950
1343,487425,2,10,10,488375,950
1344,487815,5,11,11,488765,950
1346,488795,5,146,-1,,
1345,488405,2,10,10,489355,950
1347,489385,2,8,8,490335,950
1348,489775,5,0,0,490725,950
1349,490365,2,15,15,491315,950
1350,490755,5,255,0,491705,950
1350,490755,5,255,1,491705,950
1350,490755,5,255,2,491705,950
1350,490755,5,255,3,491705,950
1350,490755,5,255,4,491705,950
1350,490755,5,255,6,491705,950
1350,490755,5,255,7,491705,950
1350,490755,5,255,8,491705,950
1350,490755,5,255,9,491705,950
1350,490755,5,255,10,491705,950
1350,490755,5,255,11,491705,950
1350,490755,5,255,12,491705,950
1350,490755,5,255,13,491705,950
1350,490755,5,255,14,491705,950
1350,490755,5,255,15,491705,950
1351,491735,5,230,-1,,
