id_transaccion,t_envio,d_origen,d_destino,terminal,t_recibido,retraso
8,235,7,226,-1,,
9,135,8,3,3,875,740
10,225,9,255,0,1555,1330
10,225,9,255,1,1555,1330
10,225,9,255,2,1555,1330
10,225,9,255,3,1555,1330
10,225,9,255,4,1555,1330
10,225,9,255,5,1555,1330
10,225,9,255,6,1555,1330
10,225,9,255,7,1555,1330
10,225,9,255,8,1555,1330
10,225,9,255,10,1555,1330
10,225,9,255,11,1555,1330
10,225,9,255,12,1555,1330
10,225,9,255,13,1555,1330
10,225,9,255,14,1555,1330
10,225,9,255,15,1555,1330
11,205,10,4,4,2235,2030
12,115,11,255,0,2915,2800
12,115,11,255,1,2915,2800
12,115,11,255,2,2915,2800
12,115,11,255,3,2915,2800
12,115,11,255,4,2915,2800
12,115,11,255,5,2915,2800
12,115,11,255,6,2915,2800
12,115,11,255,7,2915,2800
12,115,11,255,8,2915,2800
12,115,11,255,9,2915,2800
12,115,11,255,10,2915,2800
12,115,11,255,12,2915,2800
12,115,11,255,13,2915,2800
12,115,11,255,14,2915,2800
12,115,11,255,15,2915,2800
28,2945,11,84,-1,,
13,125,12,7,7,3595,3470
14,185,13,0,0,4275,4090
15,165,14,1,1,4955,4790
16,135,15,8,8,5635,5500
32,5665,15,115,-1,,
1,165,0,5,5,6315,6150
17,6345,0,145,-1,,
2,145,1,11,11,6995,6850
3,165,2,15,15,7675,7510
4,245,3,5,5,8355,8110
5,195,4,15,15,9035,8840
6,205,5,7,7,9715,9510
7,205,6,12,12,10395,10190
25,905,8,9,9,11755,10850
26,1585,9,15,15,12435,10850
27,2265,10,255,0,13115,10850
27,2265,10,255,1,13115,10850
27,2265,10,255,2,13115,10850
27,2265,10,255,3,13115,10850
27,2265,10,255,4,13115,10850
27,2265,10,255,5,13115,10850
27,2265,10,255,6,13115,10850
27,2265,10,255,7,13115,10850
27,2265,10,255,8,13115,10850
27,2265,10,255,9,13115,10850
27,2265,10,255,11,13115,10850
27,2265,10,255,12,13115,10850
27,2265,10,255,13,13115,10850
27,2265,10,255,14,13115,10850
27,2265,10,255,15,13115,10850
29,3625,12,2,2,14475,10850
30,4305,13,255,0,15155,10850
30,4305,13,255,1,15155,10850
30,4305,13,255,2,15155,10850
30,4305,13,255,3,15155,10850
30,4305,13,255,4,15155,10850
30,4305,13,255,5,15155,10850
30,4305,13,255,6,15155,10850
30,4305,13,255,7,15155,10850
30,4305,13,255,8,15155,10850
30,4305,13,255,9,15155,10850
30,4305,13,255,10,15155,10850
30,4305,13,255,11,15155,10850
30,4305,13,255,12,15155,10850
30,4305,13,255,14,15155,10850
30,4305,13,255,15,15155,10850
31,4985,14,10,10,15835,10850
18,7025,1,11,11,17875,10850
19,7705,2,5,5,18555,10850
20,8385,3,14,14,19235,10850
21,9065,4,11,11,19915,10850
22,9745,5,9,9,20595,10850
23,10425,6,255,0,21275,10850
23,10425,6,255,1,21275,10850
23,10425,6,255,2,21275,10850
23,10425,6,255,3,21275,10850
23,10425,6,255,4,21275,10850
23,10425,6,255,5,21275,10850
23,10425,6,255,7,21275,10850
23,10425,6,255,8,21275,10850
23,10425,6,255,9,21275,10850
23,10425,6,255,10,21275,10850
23,10425,6,255,11,21275,10850
23,10425,6,255,12,21275,10850
23,10425,6,255,13,21275,10850
23,10425,6,255,14,21275,10850
23,10425,6,255,15,21275,10850
24,11105,7,11,11,21955,10850
41,11785,8,11,11,22635,10850
42,12465,9,255,0,23315,10850
42,12465,9,255,1,23315,10850
42,12465,9,255,2,23315,10850
42,12465,9,255,3,23315,10850
42,12465,9,255,4,23315,10850
42,12465,9,255,5,23315,10850
42,12465,9,255,6,23315,10850
42,12465,9,255,7,23315,10850
42,12465,9,255,8,23315,10850
42,12465,9,255,10,23315,10850
42,12465,9,255,11,23315,10850
42,12465,9,255,12,23315,10850
42,12465,9,255,13,23315,10850
42,12465,9,255,14,23315,10850
42,12465,9,255,15,23315,10850
43,13145,10,15,15,23995,10850
44,13825,11,255,0,24675,10850
44,13825,11,255,1,24675,10850
44,13825,11,255,2,24675,10850
44,13825,11,255,3,24675,10850
44,13825,11,255,4,24675,10850
44,13825,11,255,5,24675,10850
44,13825,11,255,6,24675,10850
44,13825,11,255,7,24675,10850
44,13825,11,255,8,24675,10850
44,13825,11,255,9,24675,10850
44,13825,11,255,10,24675,10850
44,13825,11,255,12,24675,10850
44,13825,11,255,13,24675,10850
44,13825,11,255,14,24675,10850
44,13825,11,255,15,24675,10850
45,14505,12,3,3,25355,10850
46,15185,13,2,2,26035,10850
47,15865,14,9,9,26715,10850
48,16545,15,2,2,27395,10850
33,17225,0,15,15,28075,10850
34,17905,1,255,0,28755,10850
34,17905,1,255,2,28755,10850
34,17905,1,255,3,28755,10850
34,17905,1,255,4,28755,10850
34,17905,1,255,5,28755,10850
34,17905,1,255,6,28755,10850
34,17905,1,255,7,28755,10850
34,17905,1,255,8,28755,10850
34,17905,1,255,9,28755,10850
34,17905,1,255,10,28755,10850
34,17905,1,255,11,28755,10850
34,17905,1,255,12,28755,10850
34,17905,1,255,13,28755,10850
34,17905,1,255,14,28755,10850
34,17905,1,255,15,28755,10850
35,18585,2,255,0,29435,10850
35,18585,2,255,1,29435,10850
35,18585,2,255,3,29435,10850
35,18585,2,255,4,29435,10850
35,18585,2,255,5,29435,10850
35,18585,2,255,6,29435,10850
35,18585,2,255,7,29435,10850
35,18585,2,255,8,29435,10850
35,18585,2,255,9,29435,10850
35,18585,2,255,10,29435,10850
35,18585,2,255,11,29435,10850
35,18585,2,255,12,29435,10850
35,18585,2,255,13,29435,10850
35,18585,2,255,14,29435,10850
35,18585,2,255,15,29435,10850
36,19265,3,255,0,30115,10850
36,19265,3,255,1,30115,10850
36,19265,3,255,2,30115,10850
36,19265,3,255,4,30115,10850
36,19265,3,255,5,30115,10850
36,19265,3,255,6,30115,10850
36,19265,3,255,7,30115,10850
36,19265,3,255,8,30115,10850
36,19265,3,255,9,30115,10850
36,19265,3,255,10,30115,10850
36,19265,3,255,11,30115,10850
36,19265,3,255,12,30115,10850
36,19265,3,255,13,30115,10850
36,19265,3,255,14,30115,10850
36,19265,3,255,15,30115,10850
37,19945,4,15,15,30795,10850
38,20625,5,8,8,31475,10850
39,21305,6,8,8,32155,10850
40,21985,7,9,9,32835,10850
57,22665,8,15,15,33515,10850
58,23345,9,15,15,34195,10850
59,24025,10,4,4,34875,10850
60,24705,11,13,13,35555,10850
61,25385,12,10,10,36235,10850
62,26065,13,8,8,36915,10850
63,26745,14,12,12,37595,10850
64,27425,15,10,10,38275,10850
49,28105,0,255,1,38955,10850
49,28105,0,255,2,38955,10850
49,28105,0,255,3,38955,10850
49,28105,0,255,4,38955,10850
49,28105,0,255,5,38955,10850
49,28105,0,255,6,38955,10850
49,28105,0,255,7,38955,10850
49,28105,0,255,8,38955,10850
49,28105,0,255,9,38955,10850
49,28105,0,255,10,38955,10850
49,28105,0,255,11,38955,10850
49,28105,0,255,12,38955,10850
49,28105,0,255,13,38955,10850
49,28105,0,255,14,38955,10850
49,28105,0,255,15,38955,10850
50,28785,1,13,13,39635,10850
51,29465,2,7,7,40315,10850
52,30145,3,255,0,40995,10850
52,30145,3,255,1,40995,10850
52,30145,3,255,2,40995,10850
52,30145,3,255,4,40995,10850
52,30145,3,255,5,40995,10850
52,30145,3,255,6,40995,10850
52,30145,3,255,7,40995,10850
52,30145,3,255,8,40995,10850
52,30145,3,255,9,40995,10850
52,30145,3,255,10,40995,10850
52,30145,3,255,11,40995,10850
52,30145,3,255,12,40995,10850
52,30145,3,255,13,40995,10850
52,30145,3,255,14,40995,10850
52,30145,3,255,15,40995,10850
53,30825,4,7,7,41675,10850
54,31505,5,0,0,42355,10850
55,32185,6,12,12,43035,10850
56,32865,7,11,11,43715,10850
73,33545,8,15,15,44395,10850
74,34225,9,14,14,45075,10850
75,34905,10,4,4,45755,10850
76,35585,11,2,2,46435,10850
77,36265,12,2,2,47115,10850
78,36945,13,6,6,47795,10850
79,37625,14,3,3,48475,10850
80,38305,15,6,6,49155,10850
65,38985,0,7,7,49835,10850
66,39665,1,6,6,50515,10850
82,50545,1,21,-1,,
67,40345,2,14,14,51195,10850
68,41025,3,11,11,51875,10850
69,41705,4,6,6,52555,10850
70,42385,5,1,1,53235,10850
86,53265,5,22,-1,,
71,43065,6,7,7,53915,10850
72,43745,7,5,5,54595,10850
89,44425,8,12,12,55275,10850
105,55305,8,200,-1,,
90,45105,9,11,11,55955,10850
91,45785,10,6,6,56635,10850
107,56665,10,27,-1,,
92,46465,11,255,0,57315,10850
92,46465,11,255,1,57315,10850
92,46465,11,255,2,57315,10850
92,46465,11,255,3,57315,10850
92,46465,11,255,4,57315,10850
92,46465,11,255,5,57315,10850
92,46465,11,255,6,57315,10850
92,46465,11,255,7,57315,10850
92,46465,11,255,8,57315,10850
92,46465,11,255,9,57315,10850
92,46465,11,255,10,57315,10850
92,46465,11,255,12,57315,10850
92,46465,11,255,13,57315,10850
92,46465,11,255,14,57315,10850
92,46465,11,255,15,57315,10850
93,47145,12,2,2,57995,10850
109,58025,12,112,-1,,
94,47825,13,11,11,58675,10850
95,48505,14,6,6,59355,10850
96,49185,15,11,11,60035,10850
112,60065,15,190,-1,,
81,49865,0,12,12,60715,10850
83,51225,2,14,14,62075,10850
84,51905,3,15,15,62755,10850
85,52585,4,255,0,63435,10850
85,52585,4,255,1,63435,10850
85,52585,4,255,2,63435,10850
85,52585,4,255,3,63435,10850
85,52585,4,255,5,63435,10850
85,52585,4,255,6,63435,10850
85,52585,4,255,7,63435,10850
85,52585,4,255,8,63435,10850
85,52585,4,255,9,63435,10850
85,52585,4,255,10,63435,10850
85,52585,4,255,11,63435,10850
85,52585,4,255,12,63435,10850
85,52585,4,255,13,63435,10850
85,52585,4,255,14,63435,10850
85,52585,4,255,15,63435,10850
87,53945,6,255,0,64795,10850
87,53945,6,255,1,64795,10850
87,53945,6,255,2,64795,10850
87,53945,6,255,3,64795,10850
87,53945,6,255,4,64795,10850
87,53945,6,255,5,64795,10850
87,53945,6,255,7,64795,10850
87,53945,6,255,8,64795,10850
87,53945,6,255,9,64795,10850
87,53945,6,255,10,64795,10850
87,53945,6,255,11,64795,10850
87,53945,6,255,12,64795,10850
87,53945,6,255,13,64795,10850
87,53945,6,255,14,64795,10850
87,53945,6,255,15,64795,10850
88,54625,7,6,6,65475,10850
106,55985,9,7,7,66835,10850
122,66865,9,164,-1,,
108,57345,11,13,13,68195,10850
110,58705,13,4,4,69555,10850
111,59385,14,8,8,70235,10850
97,60745,0,13,13,71595,10850
98,61425,1,13,13,72275,10850
114,72305,1,120,-1,,
99,62105,2,3,3,72955,10850
115,72985,2,203,-1,,
100,62785,3,14,14,73635,10850
101,63465,4,0,0,74315,10850
102,64145,5,9,9,74995,10850
103,64825,6,0,0,75675,10850
104,65505,7,13,13,76355,10850
121,66185,8,7,7,77035,10850
123,67545,10,12,12,78395,10850
124,68225,11,1,1,79075,10850
125,68905,12,14,14,79755,10850
126,69585,13,12,12,80435,10850
142,80465,13,132,-1,,
127,70265,14,15,15,81115,10850
128,70945,15,10,10,81795,10850
113,71625,0,12,12,82475,10850
116,73665,3,8,8,84515,10850
117,74345,4,9,9,85195,10850
118,75025,5,15,15,85875,10850
119,75705,6,255,0,86555,10850
119,75705,6,255,1,86555,10850
119,75705,6,255,2,86555,10850
119,75705,6,255,3,86555,10850
119,75705,6,255,4,86555,10850
119,75705,6,255,5,86555,10850
119,75705,6,255,7,86555,10850
119,75705,6,255,8,86555,10850
119,75705,6,255,9,86555,10850
119,75705,6,255,10,86555,10850
119,75705,6,255,11,86555,10850
119,75705,6,255,12,86555,10850
119,75705,6,255,13,86555,10850
119,75705,6,255,14,86555,10850
119,75705,6,255,15,86555,10850
120,76385,7,13,13,87235,10850
137,77065,8,11,11,87915,10850
138,77745,9,7,7,88595,10850
154,88625,9,181,-1,,
139,78425,10,255,0,89275,10850
139,78425,10,255,1,89275,10850
139,78425,10,255,2,89275,10850
139,78425,10,255,3,89275,10850
139,78425,10,255,4,89275,10850
139,78425,10,255,5,89275,10850
139,78425,10,255,6,89275,10850
139,78425,10,255,7,89275,10850
139,78425,10,255,8,89275,10850
139,78425,10,255,9,89275,10850
139,78425,10,255,11,89275,10850
139,78425,10,255,12,89275,10850
139,78425,10,255,13,89275,10850
139,78425,10,255,14,89275,10850
139,78425,10,255,15,89275,10850
140,79105,11,6,6,89955,10850
141,79785,12,6,6,90635,10850
158,91345,13,175,-1,,
143,81145,14,3,3,91995,10850
144,81825,15,2,2,92675,10850
129,82505,0,255,1,93355,10850
129,82505,0,255,2,93355,10850
129,82505,0,255,3,93355,10850
129,82505,0,255,4,93355,10850
129,82505,0,255,5,93355,10850
129,82505,0,255,6,93355,10850
129,82505,0,255,7,93355,10850
129,82505,0,255,8,93355,10850
129,82505,0,255,9,93355,10850
129,82505,0,255,10,93355,10850
129,82505,0,255,11,93355,10850
129,82505,0,255,12,93355,10850
129,82505,0,255,13,93355,10850
129,82505,0,255,14,93355,10850
129,82505,0,255,15,93355,10850
130,83185,1,0,0,94035,10850
131,83865,2,9,9,94715,10850
147,94745,2,179,-1,,
132,84545,3,255,0,95395,10850
132,84545,3,255,1,95395,10850
132,84545,3,255,2,95395,10850
132,84545,3,255,4,95395,10850
132,84545,3,255,5,95395,10850
132,84545,3,255,6,95395,10850
132,84545,3,255,7,95395,10850
132,84545,3,255,8,95395,10850
132,84545,3,255,9,95395,10850
132,84545,3,255,10,95395,10850
132,84545,3,255,11,95395,10850
132,84545,3,255,12,95395,10850
132,84545,3,255,13,95395,10850
132,84545,3,255,14,95395,10850
132,84545,3,255,15,95395,10850
133,85225,4,10,10,96075,10850
134,85905,5,14,14,96755,10850
135,86585,6,2,2,97435,10850
136,87265,7,11,11,98115,10850
153,87945,8,11,11,98795,10850
155,89305,10,255,0,100155,10850
155,89305,10,255,1,100155,10850
155,89305,10,255,2,100155,10850
155,89305,10,255,3,100155,10850
155,89305,10,255,4,100155,10850
155,89305,10,255,5,100155,10850
155,89305,10,255,6,100155,10850
155,89305,10,255,7,100155,10850
155,89305,10,255,8,100155,10850
155,89305,10,255,9,100155,10850
155,89305,10,255,11,100155,10850
155,89305,10,255,12,100155,10850
155,89305,10,255,13,100155,10850
155,89305,10,255,14,100155,10850
155,89305,10,255,15,100155,10850
156,89985,11,6,6,100835,10850
172,100865,11,21,-1,,
157,90665,12,14,14,101515,10850
159,92025,14,255,0,102875,10850
159,92025,14,255,1,102875,10850
159,92025,14,255,2,102875,10850
159,92025,14,255,3,102875,10850
159,92025,14,255,4,102875,10850
159,92025,14,255,5,102875,10850
159,92025,14,255,6,102875,10850
159,92025,14,255,7,102875,10850
159,92025,14,255,8,102875,10850
159,92025,14,255,9,102875,10850
159,92025,14,255,10,102875,10850
159,92025,14,255,11,102875,10850
159,92025,14,255,12,102875,10850
159,92025,14,255,13,102875,10850
159,92025,14,255,15,102875,10850
160,92705,15,255,0,103555,10850
160,92705,15,255,1,103555,10850
160,92705,15,255,2,103555,10850
160,92705,15,255,3,103555,10850
160,92705,15,255,4,103555,10850
160,92705,15,255,5,103555,10850
160,92705,15,255,6,103555,10850
160,92705,15,255,7,103555,10850
160,92705,15,255,8,103555,10850
160,92705,15,255,9,103555,10850
160,92705,15,255,10,103555,10850
160,92705,15,255,11,103555,10850
160,92705,15,255,12,103555,10850
160,92705,15,255,13,103555,10850
160,92705,15,255,14,103555,10850
145,93385,0,1,1,104235,10850
146,94065,1,255,0,104915,10850
146,94065,1,255,2,104915,10850
146,94065,1,255,3,104915,10850
146,94065,1,255,4,104915,10850
146,94065,1,255,5,104915,10850
146,94065,1,255,6,104915,10850
146,94065,1,255,7,104915,10850
146,94065,1,255,8,104915,10850
146,94065,1,255,9,104915,10850
146,94065,1,255,10,104915,10850
146,94065,1,255,11,104915,10850
146,94065,1,255,12,104915,10850
146,94065,1,255,13,104915,10850
146,94065,1,255,14,104915,10850
146,94065,1,255,15,104915,10850
148,95425,3,255,0,106275,10850
148,95425,3,255,1,106275,10850
148,95425,3,255,2,106275,10850
148,95425,3,255,4,106275,10850
148,95425,3,255,5,106275,10850
148,95425,3,255,6,106275,10850
148,95425,3,255,7,106275,10850
148,95425,3,255,8,106275,10850
148,95425,3,255,9,106275,10850
148,95425,3,255,10,106275,10850
148,95425,3,255,11,106275,10850
148,95425,3,255,12,106275,10850
148,95425,3,255,13,106275,10850
148,95425,3,255,14,106275,10850
148,95425,3,255,15,106275,10850
149,96105,4,11,11,106955,10850
150,96785,5,255,0,107635,10850
150,96785,5,255,1,107635,10850
150,96785,5,255,2,107635,10850
150,96785,5,255,3,107635,10850
150,96785,5,255,4,107635,10850
150,96785,5,255,6,107635,10850
150,96785,5,255,7,107635,10850
150,96785,5,255,8,107635,10850
150,96785,5,255,9,107635,10850
150,96785,5,255,10,107635,10850
150,96785,5,255,11,107635,10850
150,96785,5,255,12,107635,10850
150,96785,5,255,13,107635,10850
150,96785,5,255,14,107635,10850
150,96785,5,255,15,107635,10850
151,97465,6,14,14,108315,10850
152,98145,7,4,4,108995,10850
169,98825,8,14,14,109675,10850
170,99505,9,8,8,110355,10850
171,100185,10,255,0,111035,10850
171,100185,10,255,1,111035,10850
171,100185,10,255,2,111035,10850
171,100185,10,255,3,111035,10850
171,100185,10,255,4,111035,10850
171,100185,10,255,5,111035,10850
171,100185,10,255,6,111035,10850
171,100185,10,255,7,111035,10850
171,100185,10,255,8,111035,10850
171,100185,10,255,9,111035,10850
171,100185,10,255,11,111035,10850
171,100185,10,255,12,111035,10850
171,100185,10,255,13,111035,10850
171,100185,10,255,14,111035,10850
171,100185,10,255,15,111035,10850
173,101545,12,2,2,112395,10850
174,102225,13,15,15,113075,10850
175,102905,14,255,0,113755,10850
175,102905,14,255,1,113755,10850
175,102905,14,255,2,113755,10850
175,102905,14,255,3,113755,10850
175,102905,14,255,4,113755,10850
175,102905,14,255,5,113755,10850
175,102905,14,255,6,113755,10850
175,102905,14,255,7,113755,10850
175,102905,14,255,8,113755,10850
175,102905,14,255,9,113755,10850
175,102905,14,255,10,113755,10850
175,102905,14,255,11,113755,10850
175,102905,14,255,12,113755,10850
175,102905,14,255,13,113755,10850
175,102905,14,255,15,113755,10850
176,103585,15,3,3,114435,10850
161,104265,0,255,1,115115,10850
161,104265,0,255,2,115115,10850
161,104265,0,255,3,115115,10850
161,104265,0,255,4,115115,10850
161,104265,0,255,5,115115,10850
161,104265,0,255,6,115115,10850
161,104265,0,255,7,115115,10850
161,104265,0,255,8,115115,10850
161,104265,0,255,9,115115,10850
161,104265,0,255,10,115115,10850
161,104265,0,255,11,115115,10850
161,104265,0,255,12,115115,10850
161,104265,0,255,13,115115,10850
161,104265,0,255,14,115115,10850
161,104265,0,255,15,115115,10850
162,104945,1,7,7,115795,10850
163,105625,2,10,10,116475,10850
164,106305,3,255,0,117155,10850
164,106305,3,255,1,117155,10850
164,106305,3,255,2,117155,10850
164,106305,3,255,4,117155,10850
164,106305,3,255,5,117155,10850
164,106305,3,255,6,117155,10850
164,106305,3,255,7,117155,10850
164,106305,3,255,8,117155,10850
164,106305,3,255,9,117155,10850
164,106305,3,255,10,117155,10850
164,106305,3,255,11,117155,10850
164,106305,3,255,12,117155,10850
164,106305,3,255,13,117155,10850
164,106305,3,255,14,117155,10850
164,106305,3,255,15,117155,10850
165,106985,4,12,12,117835,10850
166,107665,5,2,2,118515,10850
167,108345,6,8,8,119195,10850
168,109025,7,3,3,119875,10850
185,109705,8,5,5,120555,10850
186,110385,9,12,12,121235,10850
187,111065,10,7,7,121915,10850
188,111745,11,0,0,122595,10850
189,112425,12,6,6,123275,10850
190,113105,13,4,4,123955,10850
191,113785,14,4,4,124635,10850
192,114465,15,10,10,125315,10850
177,115145,0,5,5,125995,10850
178,115825,1,12,12,126675,10850
194,126705,1,194,-1,,
179,116505,2,7,7,127355,10850
180,117185,3,1,1,128035,10850
181,117865,4,6,6,128715,10850
182,118545,5,14,14,129395,10850
183,119225,6,3,3,130075,10850
184,119905,7,255,0,130755,10850
184,119905,7,255,1,130755,10850
184,119905,7,255,2,130755,10850
184,119905,7,255,3,130755,10850
184,119905,7,255,4,130755,10850
184,119905,7,255,5,130755,10850
184,119905,7,255,6,130755,10850
184,119905,7,255,8,130755,10850
184,119905,7,255,9,130755,10850
184,119905,7,255,10,130755,10850
184,119905,7,255,11,130755,10850
184,119905,7,255,12,130755,10850
184,119905,7,255,13,130755,10850
184,119905,7,255,14,130755,10850
184,119905,7,255,15,130755,10850
201,120585,8,15,15,131435,10850
202,121265,9,12,12,132115,10850
203,121945,10,5,5,132795,10850
204,122625,11,1,1,133475,10850
205,123305,12,9,9,134155,10850
206,123985,13,3,3,134835,10850
207,124665,14,8,8,135515,10850
208,125345,15,1,1,136195,10850
193,126025,0,14,14,136875,10850
209,136905,0,67,-1,,
195,127385,2,12,12,138235,10850
196,128065,3,255,0,138915,10850
196,128065,3,255,1,138915,10850
196,128065,3,255,2,138915,10850
196,128065,3,255,4,138915,10850
196,128065,3,255,5,138915,10850
196,128065,3,255,6,138915,10850
196,128065,3,255,7,138915,10850
196,128065,3,255,8,138915,10850
196,128065,3,255,9,138915,10850
196,128065,3,255,10,138915,10850
196,128065,3,255,11,138915,10850
196,128065,3,255,12,138915,10850
196,128065,3,255,13,138915,10850
196,128065,3,255,14,138915,10850
196,128065,3,255,15,138915,10850
197,128745,4,2,2,139595,10850
213,139625,4,201,-1,,
198,129425,5,13,13,140275,10850
199,130105,6,4,4,140955,10850
200,130785,7,3,3,141635,10850
217,131465,8,0,0,142315,10850
218,132145,9,15,15,142995,10850
219,132825,10,8,8,143675,10850
220,133505,11,1,1,144355,10850
221,134185,12,255,0,145035,10850
221,134185,12,255,1,145035,10850
221,134185,12,255,2,145035,10850
221,134185,12,255,3,145035,10850
221,134185,12,255,4,145035,10850
221,134185,12,255,5,145035,10850
221,134185,12,255,6,145035,10850
221,134185,12,255,7,145035,10850
221,134185,12,255,8,145035,10850
221,134185,12,255,9,145035,10850
221,134185,12,255,10,145035,10850
221,134185,12,255,11,145035,10850
221,134185,12,255,13,145035,10850
221,134185,12,255,14,145035,10850
221,134185,12,255,15,145035,10850
222,134865,13,8,8,145715,10850
223,135545,14,5,5,146395,10850
224,136225,15,12,12,147075,10850
210,137585,1,13,13,148435,10850
211,138265,2,10,10,149115,10850
212,138945,3,15,15,149795,10850
214,140305,5,13,13,151155,10850
215,140985,6,255,0,151835,10850
215,140985,6,255,1,151835,10850
215,140985,6,255,2,151835,10850
215,140985,6,255,3,151835,10850
215,140985,6,255,4,151835,10850
215,140985,6,255,5,151835,10850
215,140985,6,255,7,151835,10850
215,140985,6,255,8,151835,10850
215,140985,6,255,9,151835,10850
215,140985,6,255,10,151835,10850
215,140985,6,255,11,151835,10850
215,140985,6,255,12,151835,10850
215,140985,6,255,13,151835,10850
215,140985,6,255,14,151835,10850
215,140985,6,255,15,151835,10850
231,151865,6,149,-1,,
216,141665,7,4,4,152515,10850
233,142345,8,0,0,153195,10850
249,153225,8,233,-1,,
234,143025,9,3,3,153875,10850
235,143705,10,255,0,154555,10850
235,143705,10,255,1,154555,10850
235,143705,10,255,2,154555,10850
235,143705,10,255,3,154555,10850
235,143705,10,255,4,154555,10850
235,143705,10,255,5,154555,10850
235,143705,10,255,6,154555,10850
235,143705,10,255,7,154555,10850
235,143705,10,255,8,154555,10850
235,143705,10,255,9,154555,10850
235,143705,10,255,11,154555,10850
235,143705,10,255,12,154555,10850
235,143705,10,255,13,154555,10850
235,143705,10,255,14,154555,10850
235,143705,10,255,15,154555,10850
236,144385,11,15,15,155235,10850
237,145065,12,10,10,155915,10850
238,145745,13,6,6,156595,10850
239,146425,14,3,3,157275,10850
240,147105,15,8,8,157955,10850
225,147785,0,9,9,158635,10850
226,148465,1,8,8,159315,10850
227,149145,2,7,7,159995,10850
228,149825,3,11,11,160675,10850
229,150505,4,11,11,161355,10850
230,151185,5,1,1,162035,10850
246,162065,5,176,-1,,
232,152545,7,14,14,163395,10850
250,153905,9,7,7,164755,10850
251,154585,10,1,1,165435,10850
252,155265,11,15,15,166115,10850
253,155945,12,4,4,166795,10850
254,156625,13,7,7,167475,10850
255,157305,14,11,11,168155,10850
256,157985,15,1,1,168835,10850
241,158665,0,8,8,169515,10850
242,159345,1,11,11,170195,10850
243,160025,2,7,7,170875,10850
244,160705,3,9,9,171555,10850
245,161385,4,15,15,172235,10850
247,162745,6,13,13,173595,10850
248,163425,7,6,6,174275,10850
265,164105,8,1,1,174955,10850
266,164785,9,0,0,175635,10850
267,165465,10,11,11,176315,10850
268,166145,11,7,7,176995,10850
269,166825,12,15,15,177675,10850
270,167505,13,15,15,178355,10850
271,168185,14,15,15,179035,10850
272,168865,15,2,2,179715,10850
257,169545,0,1,1,180395,10850
258,170225,1,5,5,181075,10850
259,170905,2,9,9,181755,10850
260,171585,3,0,0,182435,10850
276,182465,3,32,-1,,
261,172265,4,1,1,183115,10850
262,172945,5,12,12,183795,10850
263,173625,6,4,4,184475,10850
264,174305,7,10,10,185155,10850
281,174985,8,0,0,185835,10850
297,185865,8,97,-1,,
282,175665,9,7,7,186515,10850
283,176345,10,2,2,187195,10850
284,177025,11,3,3,187875,10850
285,177705,12,7,7,188555,10850
286,178385,13,3,3,189235,10850
287,179065,14,9,9,189915,10850
288,179745,15,7,7,190595,10850
273,180425,0,8,8,191275,10850
274,181105,1,5,5,191955,10850
275,181785,2,5,5,192635,10850
277,183145,4,14,14,193995,10850
278,183825,5,4,4,194675,10850
294,194705,5,145,-1,,
279,184505,6,255,0,195355,10850
279,184505,6,255,1,195355,10850
279,184505,6,255,2,195355,10850
279,184505,6,255,3,195355,10850
279,184505,6,255,4,195355,10850
279,184505,6,255,5,195355,10850
279,184505,6,255,7,195355,10850
279,184505,6,255,8,195355,10850
279,184505,6,255,9,195355,10850
279,184505,6,255,10,195355,10850
279,184505,6,255,11,195355,10850
279,184505,6,255,12,195355,10850
279,184505,6,255,13,195355,10850
279,184505,6,255,14,195355,10850
279,184505,6,255,15,195355,10850
280,185185,7,2,2,196035,10850
296,196065,7,131,-1,,
298,186545,9,1,1,197395,10850
299,187225,10,12,12,198075,10850
300,187905,11,7,7,198755,10850
301,188585,12,6,6,199435,10850
317,199465,12,92,-1,,
302,189265,13,6,6,200115,10850
303,189945,14,0,0,200795,10850
304,190625,15,3,3,201475,10850
289,191305,0,14,14,202155,10850
290,191985,1,14,14,202835,10850
291,192665,2,13,13,203515,10850
292,193345,3,1,1,204195,10850
293,194025,4,3,3,204875,10850
309,204905,4,109,-1,,
295,195385,6,2,2,206235,10850
313,196745,8,10,10,207595,10850
314,197425,9,8,8,208275,10850
315,198105,10,0,0,208955,10850
316,198785,11,2,2,209635,10850
318,200145,13,7,7,210995,10850
319,200825,14,10,10,211675,10850
335,211705,14,186,-1,,
320,201505,15,6,6,212355,10850
305,202185,0,255,1,213035,10850
305,202185,0,255,2,213035,10850
305,202185,0,255,3,213035,10850
305,202185,0,255,4,213035,10850
305,202185,0,255,5,213035,10850
305,202185,0,255,6,213035,10850
305,202185,0,255,7,213035,10850
305,202185,0,255,8,213035,10850
305,202185,0,255,9,213035,10850
305,202185,0,255,10,213035,10850
305,202185,0,255,11,213035,10850
305,202185,0,255,12,213035,10850
305,202185,0,255,13,213035,10850
305,202185,0,255,14,213035,10850
305,202185,0,255,15,213035,10850
306,202865,1,14,14,213715,10850
307,203545,2,7,7,214395,10850
308,204225,3,1,1,215075,10850
310,205585,5,11,11,216435,10850
311,206265,6,13,13,217115,10850
312,206945,7,14,14,217795,10850
329,207625,8,4,4,218475,10850
330,208305,9,15,15,219155,10850
331,208985,10,13,13,219835,10850
332,209665,11,13,13,220515,10850
333,210345,12,0,0,221195,10850
334,211025,13,7,7,221875,10850
336,212385,15,4,4,223235,10850
321,213065,0,255,1,223915,10850
321,213065,0,255,2,223915,10850
321,213065,0,255,3,223915,10850
321,213065,0,255,4,223915,10850
321,213065,0,255,5,223915,10850
321,213065,0,255,6,223915,10850
321,213065,0,255,7,223915,10850
321,213065,0,255,8,223915,10850
321,213065,0,255,9,223915,10850
321,213065,0,255,10,223915,10850
321,213065,0,255,11,223915,10850
321,213065,0,255,12,223915,10850
321,213065,0,255,13,223915,10850
321,213065,0,255,14,223915,10850
321,213065,0,255,15,223915,10850
322,213745,1,10,10,224595,10850
323,214425,2,7,7,225275,10850
324,215105,3,12,12,225955,10850
325,215785,4,5,5,226635,10850
326,216465,5,0,0,227315,10850
327,217145,6,10,10,227995,10850
328,217825,7,6,6,228675,10850
345,218505,8,1,1,229355,10850
346,219185,9,2,2,230035,10850
347,219865,10,1,1,230715,10850
363,230745,10,112,-1,,
348,220545,11,3,3,231395,10850
349,221225,12,14,14,232075,10850
350,221905,13,4,4,232755,10850
351,222585,14,6,6,233435,10850
352,223265,15,12,12,234115,10850
337,223945,0,255,1,234795,10850
337,223945,0,255,2,234795,10850
337,223945,0,255,3,234795,10850
337,223945,0,255,4,234795,10850
337,223945,0,255,5,234795,10850
337,223945,0,255,6,234795,10850
337,223945,0,255,7,234795,10850
337,223945,0,255,8,234795,10850
337,223945,0,255,9,234795,10850
337,223945,0,255,10,234795,10850
337,223945,0,255,11,234795,10850
337,223945,0,255,12,234795,10850
337,223945,0,255,13,234795,10850
337,223945,0,255,14,234795,10850
337,223945,0,255,15,234795,10850
338,224625,1,11,11,235475,10850
354,235505,1,143,-1,,
339,225305,2,5,5,236155,10850
355,236185,2,156,-1,,
340,225985,3,13,13,236835,10850
341,226665,4,11,11,237515,10850
342,227345,5,6,6,238195,10850
343,228025,6,11,11,238875,10850
344,228705,7,1,1,239555,10850
361,229385,8,11,11,240235,10850
377,240265,8,71,-1,,
362,230065,9,7,7,240915,10850
364,231425,11,14,14,242275,10850
365,232105,12,3,3,242955,10850
366,232785,13,8,8,243635,10850
367,233465,14,10,10,244315,10850
368,234145,15,1,1,244995,10850
353,234825,0,14,14,245675,10850
356,236865,3,2,2,247715,10850
357,237545,4,255,0,248395,10850
357,237545,4,255,1,248395,10850
357,237545,4,255,2,248395,10850
357,237545,4,255,3,248395,10850
357,237545,4,255,5,248395,10850
357,237545,4,255,6,248395,10850
357,237545,4,255,7,248395,10850
357,237545,4,255,8,248395,10850
357,237545,4,255,9,248395,10850
357,237545,4,255,10,248395,10850
357,237545,4,255,11,248395,10850
357,237545,4,255,12,248395,10850
357,237545,4,255,13,248395,10850
357,237545,4,255,14,248395,10850
357,237545,4,255,15,248395,10850
358,238225,5,255,0,249075,10850
358,238225,5,255,1,249075,10850
358,238225,5,255,2,249075,10850
358,238225,5,255,3,249075,10850
358,238225,5,255,4,249075,10850
358,238225,5,255,6,249075,10850
358,238225,5,255,7,249075,10850
358,238225,5,255,8,249075,10850
358,238225,5,255,9,249075,10850
358,238225,5,255,10,249075,10850
358,238225,5,255,11,249075,10850
358,238225,5,255,12,249075,10850
358,238225,5,255,13,249075,10850
358,238225,5,255,14,249075,10850
358,238225,5,255,15,249075,10850
359,238905,6,4,4,249755,10850
375,249785,6,106,-1,,
360,239585,7,8,8,250435,10850
378,240945,9,14,14,251795,10850
379,241625,10,5,5,252475,10850
380,242305,11,15,15,253155,10850
381,242985,12,7,7,253835,10850
382,243665,13,7,7,254515,10850
383,244345,14,4,4,255195,10850
384,245025,15,13,13,255875,10850
369,245705,0,12,12,256555,10850
370,246385,1,9,9,257235,10850
371,247065,2,8,8,257915,10850
372,247745,3,255,0,258595,10850
372,247745,3,255,1,258595,10850
372,247745,3,255,2,258595,10850
372,247745,3,255,4,258595,10850
372,247745,3,255,5,258595,10850
372,247745,3,255,6,258595,10850
372,247745,3,255,7,258595,10850
372,247745,3,255,8,258595,10850
372,247745,3,255,9,258595,10850
372,247745,3,255,10,258595,10850
372,247745,3,255,11,258595,10850
372,247745,3,255,12,258595,10850
372,247745,3,255,13,258595,10850
372,247745,3,255,14,258595,10850
372,247745,3,255,15,258595,10850
388,258625,3,71,-1,,
373,248425,4,255,0,259275,10850
373,248425,4,255,1,259275,10850
373,248425,4,255,2,259275,10850
373,248425,4,255,3,259275,10850
373,248425,4,255,5,259275,10850
373,248425,4,255,6,259275,10850
373,248425,4,255,7,259275,10850
373,248425,4,255,8,259275,10850
373,248425,4,255,9,259275,10850
373,248425,4,255,10,259275,10850
373,248425,4,255,11,259275,10850
373,248425,4,255,12,259275,10850
373,248425,4,255,13,259275,10850
373,248425,4,255,14,259275,10850
373,248425,4,255,15,259275,10850
374,249105,5,11,11,259955,10850
376,250465,7,15,15,261315,10850
393,251145,8,10,10,261995,10850
394,251825,9,0,0,262675,10850
395,252505,10,12,12,263355,10850
396,253185,11,7,7,264035,10850
397,253865,12,15,15,264715,10850
398,254545,13,7,7,265395,10850
399,255225,14,6,6,266075,10850
415,266105,14,196,-1,,
400,255905,15,10,10,266755,10850
385,256585,0,5,5,267435,10850
386,257265,1,12,12,268115,10850
387,257945,2,13,13,268795,10850
389,259305,4,6,6,270155,10850
390,259985,5,3,3,270835,10850
391,260665,6,0,0,271515,10850
407,271545,6,74,-1,,
392,261345,7,4,4,272195,10850
409,262025,8,1,1,272875,10850
410,262705,9,4,4,273555,10850
411,263385,10,4,4,274235,10850
412,264065,11,14,14,274915,10850
413,264745,12,11,11,275595,10850
414,265425,13,9,9,276275,10850
416,266785,15,2,2,277635,10850
401,267465,0,2,2,278315,10850
402,268145,1,255,0,278995,10850
402,268145,1,255,2,278995,10850
402,268145,1,255,3,278995,10850
402,268145,1,255,4,278995,10850
402,268145,1,255,5,278995,10850
402,268145,1,255,6,278995,10850
402,268145,1,255,7,278995,10850
402,268145,1,255,8,278995,10850
402,268145,1,255,9,278995,10850
402,268145,1,255,10,278995,10850
402,268145,1,255,11,278995,10850
402,268145,1,255,12,278995,10850
402,268145,1,255,13,278995,10850
402,268145,1,255,14,278995,10850
402,268145,1,255,15,278995,10850
403,268825,2,0,0,279675,10850
404,269505,3,8,8,280355,10850
405,270185,4,6,6,281035,10850
406,270865,5,255,0,281715,10850
406,270865,5,255,1,281715,10850
406,270865,5,255,2,281715,10850
406,270865,5,255,3,281715,10850
406,270865,5,255,4,281715,10850
406,270865,5,255,6,281715,10850
406,270865,5,255,7,281715,10850
406,270865,5,255,8,281715,10850
406,270865,5,255,9,281715,10850
406,270865,5,255,10,281715,10850
406,270865,5,255,11,281715,10850
406,270865,5,255,12,281715,10850
406,270865,5,255,13,281715,10850
406,270865,5,255,14,281715,10850
406,270865,5,255,15,281715,10850
408,272225,7,0,0,283075,10850
425,272905,8,15,15,283755,10850
426,273585,9,1,1,284435,10850
427,274265,10,3,3,285115,10850
428,274945,11,2,2,285795,10850
429,275625,12,255,0,286475,10850
429,275625,12,255,1,286475,10850
429,275625,12,255,2,286475,10850
429,275625,12,255,3,286475,10850
429,275625,12,255,4,286475,10850
429,275625,12,255,5,286475,10850
429,275625,12,255,6,286475,10850
429,275625,12,255,7,286475,10850
429,275625,12,255,8,286475,10850
429,275625,12,255,9,286475,10850
429,275625,12,255,10,286475,10850
429,275625,12,255,11,286475,10850
429,275625,12,255,13,286475,10850
429,275625,12,255,14,286475,10850
429,275625,12,255,15,286475,10850
430,276305,13,3,3,287155,10850
431,276985,14,2,2,287835,10850
447,287865,14,173,-1,,
432,277665,15,0,0,288515,10850
417,278345,0,11,11,289195,10850
433,289225,0,188,-1,,
418,279025,1,14,14,289875,10850
419,279705,2,255,0,290555,10850
419,279705,2,255,1,290555,10850
419,279705,2,255,3,290555,10850
419,279705,2,255,4,290555,10850
419,279705,2,255,5,290555,10850
419,279705,2,255,6,290555,10850
419,279705,2,255,7,290555,10850
419,279705,2,255,8,290555,10850
419,279705,2,255,9,290555,10850
419,279705,2,255,10,290555,10850
419,279705,2,255,11,290555,10850
419,279705,2,255,12,290555,10850
419,279705,2,255,13,290555,10850
419,279705,2,255,14,290555,10850
419,279705,2,255,15,290555,10850
420,280385,3,2,2,291235,10850
421,281065,4,3,3,291915,10850
422,281745,5,255,0,292595,10850
422,281745,5,255,1,292595,10850
422,281745,5,255,2,292595,10850
422,281745,5,255,3,292595,10850
422,281745,5,255,4,292595,10850
422,281745,5,255,6,292595,10850
422,281745,5,255,7,292595,10850
422,281745,5,255,8,292595,10850
422,281745,5,255,9,292595,10850
422,281745,5,255,10,292595,10850
422,281745,5,255,11,292595,10850
422,281745,5,255,12,292595,10850
422,281745,5,255,13,292595,10850
422,281745,5,255,14,292595,10850
422,281745,5,255,15,292595,10850
438,292625,5,139,-1,,
423,282425,6,4,4,293275,10850
424,283105,7,1,1,293955,10850
441,283785,8,255,0,294635,10850
441,283785,8,255,1,294635,10850
441,283785,8,255,2,294635,10850
441,283785,8,255,3,294635,10850
441,283785,8,255,4,294635,10850
441,283785,8,255,5,294635,10850
441,283785,8,255,6,294635,10850
441,283785,8,255,7,294635,10850
441,283785,8,255,9,294635,10850
441,283785,8,255,10,294635,10850
441,283785,8,255,11,294635,10850
441,283785,8,255,12,294635,10850
441,283785,8,255,13,294635,10850
441,283785,8,255,14,294635,10850
441,283785,8,255,15,294635,10850
442,284465,9,7,7,295315,10850
458,295345,9,61,-1,,
443,285145,10,1,1,295995,10850
444,285825,11,4,4,296675,10850
445,286505,12,8,8,297355,10850
446,287185,13,15,15,298035,10850
448,288545,15,5,5,299395,10850
434,289905,1,5,5,300755,10850
435,290585,2,3,3,301435,10850
451,301465,2,209,-1,,
436,291265,3,15,15,302115,10850
437,291945,4,6,6,302795,10850
439,293305,6,14,14,304155,10850
440,293985,7,3,3,304835,10850
457,294665,8,255,0,305515,10850
457,294665,8,255,1,305515,10850
457,294665,8,255,2,305515,10850
457,294665,8,255,3,305515,10850
457,294665,8,255,4,305515,10850
457,294665,8,255,5,305515,10850
457,294665,8,255,6,305515,10850
457,294665,8,255,7,305515,10850
457,294665,8,255,9,305515,10850
457,294665,8,255,10,305515,10850
457,294665,8,255,11,305515,10850
457,294665,8,255,12,305515,10850
457,294665,8,255,13,305515,10850
457,294665,8,255,14,305515,10850
457,294665,8,255,15,305515,10850
459,296025,10,3,3,306875,10850
460,296705,11,0,0,307555,10850
461,297385,12,6,6,308235,10850
462,298065,13,5,5,308915,10850
463,298745,14,1,1,309595,10850
464,299425,15,0,0,310275,10850
449,300105,0,9,9,310955,10850
450,300785,1,9,9,311635,10850
452,302145,3,4,4,312995,10850
453,302825,4,1,1,313675,10850
454,303505,5,255,0,314355,10850
454,303505,5,255,1,314355,10850
454,303505,5,255,2,314355,10850
454,303505,5,255,3,314355,10850
454,303505,5,255,4,314355,10850
454,303505,5,255,6,314355,10850
454,303505,5,255,7,314355,10850
454,303505,5,255,8,314355,10850
454,303505,5,255,9,314355,10850
454,303505,5,255,10,314355,10850
454,303505,5,255,11,314355,10850
454,303505,5,255,12,314355,10850
454,303505,5,255,13,314355,10850
454,303505,5,255,14,314355,10850
454,303505,5,255,15,314355,10850
455,304185,6,13,13,315035,10850
471,315065,6,207,-1,,
456,304865,7,14,14,315715,10850
473,305545,8,0,0,316395,10850
474,306225,9,13,13,317075,10850
475,306905,10,6,6,317755,10850
476,307585,11,12,12,318435,10850
477,308265,12,10,10,319115,10850
478,308945,13,4,4,319795,10850
479,309625,14,12,12,320475,10850
480,310305,15,5,5,321155,10850
465,310985,0,1,1,321835,10850
466,311665,1,14,14,322515,10850
467,312345,2,10,10,323195,10850
483,323225,2,136,-1,,
468,313025,3,255,0,323875,10850
468,313025,3,255,1,323875,10850
468,313025,3,255,2,323875,10850
468,313025,3,255,4,323875,10850
468,313025,3,255,5,323875,10850
468,313025,3,255,6,323875,10850
468,313025,3,255,7,323875,10850
468,313025,3,255,8,323875,10850
468,313025,3,255,9,323875,10850
468,313025,3,255,10,323875,10850
468,313025,3,255,11,323875,10850
468,313025,3,255,12,323875,10850
468,313025,3,255,13,323875,10850
468,313025,3,255,14,323875,10850
468,313025,3,255,15,323875,10850
469,313705,4,15,15,324555,10850
470,314385,5,10,10,325235,10850
472,315745,7,2,2,326595,10850
489,316425,8,5,5,327275,10850
490,317105,9,2,2,327955,10850
491,317785,10,255,0,328635,10850
491,317785,10,255,1,328635,10850
491,317785,10,255,2,328635,10850
491,317785,10,255,3,328635,10850
491,317785,10,255,4,328635,10850
491,317785,10,255,5,328635,10850
491,317785,10,255,6,328635,10850
491,317785,10,255,7,328635,10850
491,317785,10,255,8,328635,10850
491,317785,10,255,9,328635,10850
491,317785,10,255,11,328635,10850
491,317785,10,255,12,328635,10850
491,317785,10,255,13,328635,10850
491,317785,10,255,14,328635,10850
491,317785,10,255,15,328635,10850
492,318465,11,1,1,329315,10850
493,319145,12,11,11,329995,10850
494,319825,13,9,9,330675,10850
495,320505,14,5,5,331355,10850
496,321185,15,14,14,332035,10850
481,321865,0,10,10,332715,10850
482,322545,1,5,5,333395,10850
499,334105,2,118,-1,,
484,323905,3,10,10,334755,10850
485,324585,4,6,6,335435,10850
486,325265,5,4,4,336115,10850
502,336145,5,203,-1,,
487,325945,6,4,4,336795,10850
488,326625,7,5,5,337475,10850
505,327305,8,5,5,338155,10850
506,327985,9,13,13,338835,10850
507,328665,10,11,11,339515,10850
508,329345,11,12,12,340195,10850
509,330025,12,10,10,340875,10850
510,330705,13,14,14,341555,10850
511,331385,14,7,7,342235,10850
512,332065,15,3,3,342915,10850
497,332745,0,9,9,343595,10850
498,333425,1,5,5,344275,10850
500,334785,3,6,6,345635,10850
501,335465,4,14,14,346315,10850
503,336825,6,13,13,347675,10850
504,337505,7,6,6,348355,10850
521,338185,8,255,0,349035,10850
521,338185,8,255,1,349035,10850
521,338185,8,255,2,349035,10850
521,338185,8,255,3,349035,10850
521,338185,8,255,4,349035,10850
521,338185,8,255,5,349035,10850
521,338185,8,255,6,349035,10850
521,338185,8,255,7,349035,10850
521,338185,8,255,9,349035,10850
521,338185,8,255,10,349035,10850
521,338185,8,255,11,349035,10850
521,338185,8,255,12,349035,10850
521,338185,8,255,13,349035,10850
521,338185,8,255,14,349035,10850
521,338185,8,255,15,349035,10850
522,338865,9,4,4,349715,10850
523,339545,10,255,0,350395,10850
523,339545,10,255,1,350395,10850
523,339545,10,255,2,350395,10850
523,339545,10,255,3,350395,10850
523,339545,10,255,4,350395,10850
523,339545,10,255,5,350395,10850
523,339545,10,255,6,350395,10850
523,339545,10,255,7,350395,10850
523,339545,10,255,8,350395,10850
523,339545,10,255,9,350395,10850
523,339545,10,255,11,350395,10850
523,339545,10,255,12,350395,10850
523,339545,10,255,13,350395,10850
523,339545,10,255,14,350395,10850
523,339545,10,255,15,350395,10850
524,340225,11,0,0,351075,10850
525,340905,12,6,6,351755,10850
526,341585,13,8,8,352435,10850
527,342265,14,7,7,353115,10850
528,342945,15,8,8,353795,10850
513,343625,0,14,14,354475,10850
529,354505,0,164,-1,,
514,344305,1,11,11,355155,10850
515,344985,2,1,1,355835,10850
516,345665,3,7,7,356515,10850
517,346345,4,7,7,357195,10850
518,347025,5,9,9,357875,10850
519,347705,6,15,15,358555,10850
520,348385,7,4,4,359235,10850
537,349065,8,13,13,359915,10850
538,349745,9,1,1,360595,10850
539,350425,10,8,8,361275,10850
555,361305,10,83,-1,,
540,351105,11,5,5,361955,10850
541,351785,12,6,6,362635,10850
542,352465,13,255,0,363315,10850
542,352465,13,255,1,363315,10850
542,352465,13,255,2,363315,10850
542,352465,13,255,3,363315,10850
542,352465,13,255,4,363315,10850
542,352465,13,255,5,363315,10850
542,352465,13,255,6,363315,10850
542,352465,13,255,7,363315,10850
542,352465,13,255,8,363315,10850
542,352465,13,255,9,363315,10850
542,352465,13,255,10,363315,10850
542,352465,13,255,11,363315,10850
542,352465,13,255,12,363315,10850
542,352465,13,255,14,363315,10850
542,352465,13,255,15,363315,10850
543,353145,14,255,0,363995,10850
543,353145,14,255,1,363995,10850
543,353145,14,255,2,363995,10850
543,353145,14,255,3,363995,10850
543,353145,14,255,4,363995,10850
543,353145,14,255,5,363995,10850
543,353145,14,255,6,363995,10850
543,353145,14,255,7,363995,10850
543,353145,14,255,8,363995,10850
543,353145,14,255,9,363995,10850
543,353145,14,255,10,363995,10850
543,353145,14,255,11,363995,10850
543,353145,14,255,12,363995,10850
543,353145,14,255,13,363995,10850
543,353145,14,255,15,363995,10850
544,353825,15,7,7,364675,10850
545,365385,0,31,-1,,
530,355185,1,2,2,366035,10850
531,355865,2,8,8,366715,10850
532,356545,3,12,12,367395,10850
533,357225,4,14,14,368075,10850
534,357905,5,6,6,368755,10850
535,358585,6,8,8,369435,10850
536,359265,7,15,15,370115,10850
553,359945,8,0,0,370795,10850
554,360625,9,255,0,371475,10850
554,360625,9,255,1,371475,10850
554,360625,9,255,2,371475,10850
554,360625,9,255,3,371475,10850
554,360625,9,255,4,371475,10850
554,360625,9,255,5,371475,10850
554,360625,9,255,6,371475,10850
554,360625,9,255,7,371475,10850
554,360625,9,255,8,371475,10850
554,360625,9,255,10,371475,10850
554,360625,9,255,11,371475,10850
554,360625,9,255,12,371475,10850
554,360625,9,255,13,371475,10850
554,360625,9,255,14,371475,10850
554,360625,9,255,15,371475,10850
556,361985,11,12,12,372835,10850
557,362665,12,6,6,373515,10850
558,363345,13,14,14,374195,10850
559,364025,14,4,4,374875,10850
575,374905,14,136,-1,,
560,364705,15,3,3,375555,10850
546,366065,1,8,8,376915,10850
547,366745,2,6,6,377595,10850
548,367425,3,7,7,378275,10850
549,368105,4,9,9,378955,10850
550,368785,5,3,3,379635,10850
551,369465,6,1,1,380315,10850
552,370145,7,8,8,380995,10850
569,370825,8,7,7,381675,10850
570,371505,9,14,14,382355,10850
571,372185,10,8,8,383035,10850
572,372865,11,5,5,383715,10850
573,373545,12,7,7,384395,10850
574,374225,13,5,5,385075,10850
576,375585,15,14,14,386435,10850
561,376265,0,255,1,387115,10850
561,376265,0,255,2,387115,10850
561,376265,0,255,3,387115,10850
561,376265,0,255,4,387115,10850
561,376265,0,255,5,387115,10850
561,376265,0,255,6,387115,10850
561,376265,0,255,7,387115,10850
561,376265,0,255,8,387115,10850
561,376265,0,255,9,387115,10850
561,376265,0,255,10,387115,10850
561,376265,0,255,11,387115,10850
561,376265,0,255,12,387115,10850
561,376265,0,255,13,387115,10850
561,376265,0,255,14,387115,10850
561,376265,0,255,15,387115,10850
577,387145,0,233,-1,,
562,376945,1,7,7,387795,10850
563,377625,2,13,13,388475,10850
564,378305,3,7,7,389155,10850
565,378985,4,1,1,389835,10850
566,379665,5,13,13,390515,10850
567,380345,6,11,11,391195,10850
568,381025,7,12,12,391875,10850
585,381705,8,10,10,392555,10850
601,392585,8,188,-1,,
586,382385,9,3,3,393235,10850
587,383065,10,15,15,393915,10850
588,383745,11,12,12,394595,10850
589,384425,12,5,5,395275,10850
590,385105,13,5,5,395955,10850
591,385785,14,7,7,396635,10850
592,386465,15,4,4,397315,10850
578,387825,1,255,0,398675,10850
578,387825,1,255,2,398675,10850
578,387825,1,255,3,398675,10850
578,387825,1,255,4,398675,10850
578,387825,1,255,5,398675,10850
578,387825,1,255,6,398675,10850
578,387825,1,255,7,398675,10850
578,387825,1,255,8,398675,10850
578,387825,1,255,9,398675,10850
578,387825,1,255,10,398675,10850
578,387825,1,255,11,398675,10850
578,387825,1,255,12,398675,10850
578,387825,1,255,13,398675,10850
578,387825,1,255,14,398675,10850
578,387825,1,255,15,398675,10850
579,388505,2,3,3,399355,10850
580,389185,3,8,8,400035,10850
581,389865,4,14,14,400715,10850
582,390545,5,6,6,401395,10850
598,401425,5,141,-1,,
583,391225,6,4,4,402075,10850
584,391905,7,6,6,402755,10850
602,393265,9,10,10,404115,10850
603,393945,10,11,11,404795,10850
604,394625,11,5,5,405475,10850
605,395305,12,13,13,406155,10850
606,395985,13,14,14,406835,10850
607,396665,14,9,9,407515,10850
608,397345,15,9,9,408195,10850
593,398025,0,9,9,408875,10850
594,398705,1,0,0,409555,10850
595,399385,2,15,15,410235,10850
596,400065,3,255,0,410915,10850
596,400065,3,255,1,410915,10850
596,400065,3,255,2,410915,10850
596,400065,3,255,4,410915,10850
596,400065,3,255,5,410915,10850
596,400065,3,255,6,410915,10850
596,400065,3,255,7,410915,10850
596,400065,3,255,8,410915,10850
596,400065,3,255,9,410915,10850
596,400065,3,255,10,410915,10850
596,400065,3,255,11,410915,10850
596,400065,3,255,12,410915,10850
596,400065,3,255,13,410915,10850
596,400065,3,255,14,410915,10850
596,400065,3,255,15,410915,10850
597,400745,4,8,8,411595,10850
614,412305,5,203,-1,,
599,402105,6,2,2,412955,10850
600,402785,7,13,13,413635,10850
617,403465,8,255,0,414315,10850
617,403465,8,255,1,414315,10850
617,403465,8,255,2,414315,10850
617,403465,8,255,3,414315,10850
617,403465,8,255,4,414315,10850
617,403465,8,255,5,414315,10850
617,403465,8,255,6,414315,10850
617,403465,8,255,7,414315,10850
617,403465,8,255,9,414315,10850
617,403465,8,255,10,414315,10850
617,403465,8,255,11,414315,10850
617,403465,8,255,12,414315,10850
617,403465,8,255,13,414315,10850
617,403465,8,255,14,414315,10850
617,403465,8,255,15,414315,10850
618,404145,9,11,11,414995,10850
619,404825,10,8,8,415675,10850
620,405505,11,0,0,416355,10850
621,406185,12,0,0,417035,10850
622,406865,13,7,7,417715,10850
623,407545,14,12,12,418395,10850
624,408225,15,3,3,419075,10850
609,408905,0,2,2,419755,10850
610,409585,1,8,8,420435,10850
611,410265,2,255,0,421115,10850
611,410265,2,255,1,421115,10850
611,410265,2,255,3,421115,10850
611,410265,2,255,4,421115,10850
611,410265,2,255,5,421115,10850
611,410265,2,255,6,421115,10850
611,410265,2,255,7,421115,10850
611,410265,2,255,8,421115,10850
611,410265,2,255,9,421115,10850
611,410265,2,255,10,421115,10850
611,410265,2,255,11,421115,10850
611,410265,2,255,12,421115,10850
611,410265,2,255,13,421115,10850
611,410265,2,255,14,421115,10850
611,410265,2,255,15,421115,10850
612,410945,3,14,14,421795,10850
613,411625,4,5,5,422475,10850
615,412985,6,1,1,423835,10850
616,413665,7,3,3,424515,10850
633,414345,8,3,3,425195,10850
634,415025,9,10,10,425875,10850
635,415705,10,2,2,426555,10850
636,416385,11,2,2,427235,10850
637,417065,12,2,2,427915,10850
638,417745,13,15,15,428595,10850
639,418425,14,10,10,429275,10850
640,419105,15,11,11,429955,10850
625,419785,0,6,6,430635,10850
626,420465,1,11,11,431315,10850
627,421145,2,0,0,431995,10850
628,421825,3,255,0,432675,10850
628,421825,3,255,1,432675,10850
628,421825,3,255,2,432675,10850
628,421825,3,255,4,432675,10850
628,421825,3,255,5,432675,10850
628,421825,3,255,6,432675,10850
628,421825,3,255,7,432675,10850
628,421825,3,255,8,432675,10850
628,421825,3,255,9,432675,10850
628,421825,3,255,10,432675,10850
628,421825,3,255,11,432675,10850
628,421825,3,255,12,432675,10850
628,421825,3,255,13,432675,10850
628,421825,3,255,14,432675,10850
628,421825,3,255,15,432675,10850
629,422505,4,11,11,433355,10850
630,423185,5,6,6,434035,10850
631,423865,6,7,7,434715,10850
632,424545,7,11,11,435395,10850
649,425225,8,7,7,436075,10850
650,425905,9,14,14,436755,10850
651,426585,10,13,13,437435,10850
652,427265,11,255,0,438115,10850
652,427265,11,255,1,438115,10850
652,427265,11,255,2,438115,10850
652,427265,11,255,3,438115,10850
652,427265,11,255,4,438115,10850
652,427265,11,255,5,438115,10850
652,427265,11,255,6,438115,10850
652,427265,11,255,7,438115,10850
652,427265,11,255,8,438115,10850
652,427265,11,255,9,438115,10850
652,427265,11,255,10,438115,10850
652,427265,11,255,12,438115,10850
652,427265,11,255,13,438115,10850
652,427265,11,255,14,438115,10850
652,427265,11,255,15,438115,10850
653,427945,12,255,0,438795,10850
653,427945,12,255,1,438795,10850
653,427945,12,255,2,438795,10850
653,427945,12,255,3,438795,10850
653,427945,12,255,4,438795,10850
653,427945,12,255,5,438795,10850
653,427945,12,255,6,438795,10850
653,427945,12,255,7,438795,10850
653,427945,12,255,8,438795,10850
653,427945,12,255,9,438795,10850
653,427945,12,255,10,438795,10850
653,427945,12,255,11,438795,10850
653,427945,12,255,13,438795,10850
653,427945,12,255,14,438795,10850
653,427945,12,255,15,438795,10850
654,428625,13,5,5,439475,10850
655,429305,14,3,3,440155,10850
656,429985,15,0,0,440835,10850
641,430665,0,14,14,441515,10850
642,431345,1,9,9,442195,10850
643,432025,2,10,10,442875,10850
644,432705,3,13,13,443555,10850
645,433385,4,14,14,444235,10850
646,434065,5,7,7,444915,10850
647,434745,6,255,0,445595,10850
647,434745,6,255,1,445595,10850
647,434745,6,255,2,445595,10850
647,434745,6,255,3,445595,10850
647,434745,6,255,4,445595,10850
647,434745,6,255,5,445595,10850
647,434745,6,255,7,445595,10850
647,434745,6,255,8,445595,10850
647,434745,6,255,9,445595,10850
647,434745,6,255,10,445595,10850
647,434745,6,255,11,445595,10850
647,434745,6,255,12,445595,10850
647,434745,6,255,13,445595,10850
647,434745,6,255,14,445595,10850
647,434745,6,255,15,445595,10850
648,435425,7,9,9,446275,10850
665,436105,8,11,11,446955,10850
666,436785,9,5,5,447635,10850
667,437465,10,1,1,448315,10850
668,438145,11,255,0,448995,10850
668,438145,11,255,1,448995,10850
668,438145,11,255,2,448995,10850
668,438145,11,255,3,448995,10850
668,438145,11,255,4,448995,10850
668,438145,11,255,5,448995,10850
668,438145,11,255,6,448995,10850
668,438145,11,255,7,448995,10850
668,438145,11,255,8,448995,10850
668,438145,11,255,9,448995,10850
668,438145,11,255,10,448995,10850
668,438145,11,255,12,448995,10850
668,438145,11,255,13,448995,10850
668,438145,11,255,14,448995,10850
668,438145,11,255,15,448995,10850
684,449025,11,202,-1,,
669,438825,12,11,11,449675,10850
670,439505,13,15,15,450355,10850
671,440185,14,13,13,451035,10850
687,451065,14,253,-1,,
672,440865,15,6,6,451715,10850
657,441545,0,12,12,452395,10850
658,442225,1,11,11,453075,10850
659,442905,2,3,3,453755,10850
660,443585,3,6,6,454435,10850
661,444265,4,255,0,455115,10850
661,444265,4,255,1,455115,10850
661,444265,4,255,2,455115,10850
661,444265,4,255,3,455115,10850
661,444265,4,255,5,455115,10850
661,444265,4,255,6,455115,10850
661,444265,4,255,7,455115,10850
661,444265,4,255,8,455115,10850
661,444265,4,255,9,455115,10850
661,444265,4,255,10,455115,10850
661,444265,4,255,11,455115,10850
661,444265,4,255,12,455115,10850
661,444265,4,255,13,455115,10850
661,444265,4,255,14,455115,10850
661,444265,4,255,15,455115,10850
662,444945,5,255,0,455795,10850
662,444945,5,255,1,455795,10850
662,444945,5,255,2,455795,10850
662,444945,5,255,3,455795,10850
662,444945,5,255,4,455795,10850
662,444945,5,255,6,455795,10850
662,444945,5,255,7,455795,10850
662,444945,5,255,8,455795,10850
662,444945,5,255,9,455795,10850
662,444945,5,255,10,455795,10850
662,444945,5,255,11,455795,10850
662,444945,5,255,12,455795,10850
662,444945,5,255,13,455795,10850
662,444945,5,255,14,455795,10850
662,444945,5,255,15,455795,10850
663,445625,6,15,15,456475,10850
679,456505,6,69,-1,,
664,446305,7,9,9,457155,10850
681,446985,8,11,11,457835,10850
682,447665,9,8,8,458515,10850
683,448345,10,0,0,459195,10850
685,449705,12,4,4,460555,10850
701,460585,12,172,-1,,
686,450385,13,255,0,461235,10850
686,450385,13,255,1,461235,10850
686,450385,13,255,2,461235,10850
686,450385,13,255,3,461235,10850
686,450385,13,255,4,461235,10850
686,450385,13,255,5,461235,10850
686,450385,13,255,6,461235,10850
686,450385,13,255,7,461235,10850
686,450385,13,255,8,461235,10850
686,450385,13,255,9,461235,10850
686,450385,13,255,10,461235,10850
686,450385,13,255,11,461235,10850
686,450385,13,255,12,461235,10850
686,450385,13,255,14,461235,10850
686,450385,13,255,15,461235,10850
688,451745,15,5,5,462595,10850
673,452425,0,10,10,463275,10850
674,453105,1,7,7,463955,10850
675,453785,2,10,10,464635,10850
676,454465,3,255,0,465315,10850
676,454465,3,255,1,465315,10850
676,454465,3,255,2,465315,10850
676,454465,3,255,4,465315,10850
676,454465,3,255,5,465315,10850
676,454465,3,255,6,465315,10850
676,454465,3,255,7,465315,10850
676,454465,3,255,8,465315,10850
676,454465,3,255,9,465315,10850
676,454465,3,255,10,465315,10850
676,454465,3,255,11,465315,10850
676,454465,3,255,12,465315,10850
676,454465,3,255,13,465315,10850
676,454465,3,255,14,465315,10850
676,454465,3,255,15,465315,10850
677,455145,4,255,0,465995,10850
677,455145,4,255,1,465995,10850
677,455145,4,255,2,465995,10850
677,455145,4,255,3,465995,10850
677,455145,4,255,5,465995,10850
677,455145,4,255,6,465995,10850
677,455145,4,255,7,465995,10850
677,455145,4,255,8,465995,10850
677,455145,4,255,9,465995,10850
677,455145,4,255,10,465995,10850
677,455145,4,255,11,465995,10850
677,455145,4,255,12,465995,10850
677,455145,4,255,13,465995,10850
677,455145,4,255,14,465995,10850
677,455145,4,255,15,465995,10850
678,455825,5,8,8,466675,10850
680,457185,7,4,4,468035,10850
697,457865,8,13,13,468715,10850
698,458545,9,4,4,469395,10850
699,459225,10,12,12,470075,10850
700,459905,11,10,10,470755,10850
702,461265,13,10,10,472115,10850
703,461945,14,5,5,472795,10850
704,462625,15,2,2,473475,10850
689,463305,0,12,12,474155,10850
690,463985,1,5,5,474835,10850
706,474865,1,129,-1,,
691,464665,2,12,12,475515,10850
692,465345,3,9,9,476195,10850
693,466025,4,1,1,476875,10850
694,466705,5,255,0,477555,10850
694,466705,5,255,1,477555,10850
694,466705,5,255,2,477555,10850
694,466705,5,255,3,477555,10850
694,466705,5,255,4,477555,10850
694,466705,5,255,6,477555,10850
694,466705,5,255,7,477555,10850
694,466705,5,255,8,477555,10850
694,466705,5,255,9,477555,10850
694,466705,5,255,10,477555,10850
694,466705,5,255,11,477555,10850
694,466705,5,255,12,477555,10850
694,466705,5,255,13,477555,10850
694,466705,5,255,14,477555,10850
694,466705,5,255,15,477555,10850
695,467385,6,1,1,478235,10850
711,478265,6,164,-1,,
696,468065,7,5,5,478915,10850
712,478945,7,166,-1,,
713,468745,8,9,9,479595,10850
714,469425,9,6,6,480275,10850
715,470105,10,12,12,480955,10850
716,470785,11,12,12,481635,10850
717,471465,12,2,2,482315,10850
718,472145,13,10,10,482995,10850
719,472825,14,3,3,483675,10850
720,473505,15,11,11,484355,10850
705,474185,0,9,9,485035,10850
707,475545,2,11,11,486395,10850
708,476225,3,9,9,487075,10850
709,476905,4,3,3,487755,10850
710,477585,5,255,0,488435,10850
710,477585,5,255,1,488435,10850
710,477585,5,255,2,488435,10850
710,477585,5,255,3,488435,10850
710,477585,5,255,4,488435,10850
710,477585,5,255,6,488435,10850
710,477585,5,255,7,488435,10850
710,477585,5,255,8,488435,10850
710,477585,5,255,9,488435,10850
710,477585,5,255,10,488435,10850
710,477585,5,255,11,488435,10850
710,477585,5,255,12,488435,10850
710,477585,5,255,13,488435,10850
710,477585,5,255,14,488435,10850
710,477585,5,255,15,488435,10850
726,488465,5,91,-1,,
728,489825,7,128,-1,,
729,479625,8,5,5,490475,10850
730,480305,9,14,14,491155,10850
731,480985,10,8,8,491835,10850
732,481665,11,5,5,492515,10850
733,482345,12,6,6,493195,10850
749,493225,12,69,-1,,
734,483025,13,6,6,493875,10850
750,493905,13,113,-1,,
735,483705,14,9,9,494555,10850
736,484385,15,8,8,495235,10850
721,485065,0,7,7,495915,10850
722,485745,1,8,8,496595,10850
723,486425,2,10,10,497275,10850
724,487105,3,13,13,497955,10850
725,487785,4,8,8,498635,10850
727,489145,6,11,11,499995,10850
745,490505,8,255,0,501355,10850
745,490505,8,255,1,501355,10850
745,490505,8,255,2,501355,10850
745,490505,8,255,3,501355,10850
745,490505,8,255,4,501355,10850
745,490505,8,255,5,501355,10850
745,490505,8,255,6,501355,10850
745,490505,8,255,7,501355,10850
745,490505,8,255,9,501355,10850
745,490505,8,255,10,501355,10850
745,490505,8,255,11,501355,10850
745,490505,8,255,12,501355,10850
745,490505,8,255,13,501355,10850
745,490505,8,255,14,501355,10850
745,490505,8,255,15,501355,10850
761,501385,8,185,-1,,
746,491185,9,12,12,502035,10850
747,491865,10,9,9,502715,10850
748,492545,11,1,1,503395,10850
751,494585,14,8,8,505435,10850
752,495265,15,2,2,506115,10850
737,495945,0,8,8,506795,10850
738,496625,1,3,3,507475,10850
739,497305,2,6,6,508155,10850
740,497985,3,2,2,508835,10850
741,498665,4,255,0,509515,10850
741,498665,4,255,1,509515,10850
741,498665,4,255,2,509515,10850
741,498665,4,255,3,509515,10850
741,498665,4,255,5,509515,10850
741,498665,4,255,6,509515,10850
741,498665,4,255,7,509515,10850
741,498665,4,255,8,509515,10850
741,498665,4,255,9,509515,10850
741,498665,4,255,10,509515,10850
741,498665,4,255,11,509515,10850
741,498665,4,255,12,509515,10850
741,498665,4,255,13,509515,10850
741,498665,4,255,14,509515,10850
741,498665,4,255,15,509515,10850
742,499345,5,8,8,510195,10850
743,500025,6,0,0,510875,10850
744,500705,7,3,3,511555,10850
762,502065,9,255,0,512915,10850
762,502065,9,255,1,512915,10850
762,502065,9,255,2,512915,10850
762,502065,9,255,3,512915,10850
762,502065,9,255,4,512915,10850
762,502065,9,255,5,512915,10850
762,502065,9,255,6,512915,10850
762,502065,9,255,7,512915,10850
762,502065,9,255,8,512915,10850
762,502065,9,255,10,512915,10850
762,502065,9,255,11,512915,10850
762,502065,9,255,12,512915,10850
762,502065,9,255,13,512915,10850
762,502065,9,255,14,512915,10850
762,502065,9,255,15,512915,10850
763,502745,10,3,3,513595,10850
764,503425,11,255,0,514275,10850
764,503425,11,255,1,514275,10850
764,503425,11,255,2,514275,10850
764,503425,11,255,3,514275,10850
764,503425,11,255,4,514275,10850
764,503425,11,255,5,514275,10850
764,503425,11,255,6,514275,10850
764,503425,11,255,7,514275,10850
764,503425,11,255,8,514275,10850
764,503425,11,255,9,514275,10850
764,503425,11,255,10,514275,10850
764,503425,11,255,12,514275,10850
764,503425,11,255,13,514275,10850
764,503425,11,255,14,514275,10850
764,503425,11,255,15,514275,10850
765,504105,12,14,14,514955,10850
766,504785,13,11,11,515635,10850
767,505465,14,15,15,516315,10850
768,506145,15,6,6,516995,10850
753,506825,0,1,1,517675,10850
754,507505,1,6,6,518355,10850
755,508185,2,5,5,519035,10850
756,508865,3,255,0,519715,10850
756,508865,3,255,1,519715,10850
756,508865,3,255,2,519715,10850
756,508865,3,255,4,519715,10850
756,508865,3,255,5,519715,10850
756,508865,3,255,6,519715,10850
756,508865,3,255,7,519715,10850
756,508865,3,255,8,519715,10850
756,508865,3,255,9,519715,10850
756,508865,3,255,10,519715,10850
756,508865,3,255,11,519715,10850
756,508865,3,255,12,519715,10850
756,508865,3,255,13,519715,10850
756,508865,3,255,14,519715,10850
756,508865,3,255,15,519715,10850
757,509545,4,15,15,520395,10850
758,510225,5,8,8,521075,10850
759,510905,6,7,7,521755,10850
760,511585,7,6,6,522435,10850
776,512265,8,255,0,523115,10850
776,512265,8,255,1,523115,10850
776,512265,8,255,2,523115,10850
776,512265,8,255,3,523115,10850
776,512265,8,255,4,523115,10850
776,512265,8,255,5,523115,10850
776,512265,8,255,6,523115,10850
776,512265,8,255,7,523115,10850
776,512265,8,255,9,523115,10850
776,512265,8,255,10,523115,10850
776,512265,8,255,11,523115,10850
776,512265,8,255,12,523115,10850
776,512265,8,255,13,523115,10850
776,512265,8,255,14,523115,10850
776,512265,8,255,15,523115,10850
777,512945,9,3,3,523795,10850
778,513625,10,2,2,524475,10850
779,514985,12,0,0,525165,10180
780,515665,13,3,3,525845,10180
781,516345,14,12,12,526525,10180
782,517025,15,5,5,527205,10180
769,517705,0,255,1,527885,10180
769,517705,0,255,2,527885,10180
769,517705,0,255,3,527885,10180
769,517705,0,255,4,527885,10180
769,517705,0,255,5,527885,10180
769,517705,0,255,6,527885,10180
769,517705,0,255,7,527885,10180
769,517705,0,255,8,527885,10180
769,517705,0,255,9,527885,10180
769,517705,0,255,10,527885,10180
769,517705,0,255,11,527885,10180
769,517705,0,255,12,527885,10180
769,517705,0,255,13,527885,10180
769,517705,0,255,14,527885,10180
769,517705,0,255,15,527885,10180
770,518385,1,5,5,528565,10180
771,519065,2,6,6,529245,10180
772,519745,3,7,7,529925,10180
773,520425,4,8,8,530605,10180
774,521105,5,255,0,531285,10180
774,521105,5,255,1,531285,10180
774,521105,5,255,2,531285,10180
774,521105,5,255,3,531285,10180
774,521105,5,255,4,531285,10180
774,521105,5,255,6,531285,10180
774,521105,5,255,7,531285,10180
774,521105,5,255,8,531285,10180
774,521105,5,255,9,531285,10180
774,521105,5,255,10,531285,10180
774,521105,5,255,11,531285,10180
774,521105,5,255,12,531285,10180
774,521105,5,255,13,531285,10180
774,521105,5,255,14,531285,10180
774,521105,5,255,15,531285,10180
775,522465,7,2,2,531975,9510
790,523145,8,7,7,532655,9510
804,532685,8,204,-1,,
791,523825,9,5,5,533335,9510
792,524505,10,6,6,534015,9510
806,534045,10,97,-1,,
793,525195,12,9,9,534705,9510
794,525875,13,7,7,535385,9510
795,526555,14,9,9,536065,9510
796,527235,15,14,14,536745,9510
783,527915,0,4,4,537425,9510
784,528595,1,255,0,538105,9510
784,528595,1,255,2,538105,9510
784,528595,1,255,3,538105,9510
784,528595,1,255,4,538105,9510
784,528595,1,255,5,538105,9510
784,528595,1,255,6,538105,9510
784,528595,1,255,7,538105,9510
784,528595,1,255,8,538105,9510
784,528595,1,255,9,538105,9510
784,528595,1,255,10,538105,9510
784,528595,1,255,11,538105,9510
784,528595,1,255,12,538105,9510
784,528595,1,255,13,538105,9510
784,528595,1,255,14,538105,9510
784,528595,1,255,15,538105,9510
785,529275,2,13,13,538785,9510
786,529955,3,2,2,539465,9510
787,530635,4,6,6,540145,9510
788,531315,5,10,10,540825,9510
789,532005,7,255,0,541515,9510
789,532005,7,255,1,541515,9510
789,532005,7,255,2,541515,9510
789,532005,7,255,3,541515,9510
789,532005,7,255,4,541515,9510
789,532005,7,255,5,541515,9510
789,532005,7,255,6,541515,9510
789,532005,7,255,8,541515,9510
789,532005,7,255,9,541515,9510
789,532005,7,255,10,541515,9510
789,532005,7,255,11,541515,9510
789,532005,7,255,12,541515,9510
789,532005,7,255,13,541515,9510
789,532005,7,255,14,541515,9510
789,532005,7,255,15,541515,9510
805,533365,9,13,13,542875,9510
807,534735,12,2,2,544245,9510
808,535415,13,0,0,544925,9510
809,536095,14,11,11,545605,9510
810,536775,15,12,12,546285,9510
797,537455,0,255,1,546965,9510
797,537455,0,255,2,546965,9510
797,537455,0,255,3,546965,9510
797,537455,0,255,4,546965,9510
797,537455,0,255,5,546965,9510
797,537455,0,255,6,546965,9510
797,537455,0,255,7,546965,9510
797,537455,0,255,8,546965,9510
797,537455,0,255,9,546965,9510
797,537455,0,255,10,546965,9510
797,537455,0,255,11,546965,9510
797,537455,0,255,12,546965,9510
797,537455,0,255,13,546965,9510
797,537455,0,255,14,546965,9510
797,537455,0,255,15,546965,9510
798,538135,1,0,0,547645,9510
799,538815,2,7,7,548325,9510
800,539495,3,0,0,549005,9510
801,540175,4,2,2,549685,9510
802,540855,5,4,4,550365,9510
803,541545,7,15,15,551055,9510
818,542225,8,9,9,551735,9510
819,542905,9,0,0,552415,9510
820,543585,10,3,3,553095,9510
821,544275,12,13,13,553785,9510
822,544955,13,0,0,554465,9510
823,545635,14,255,0,555145,9510
823,545635,14,255,1,555145,9510
823,545635,14,255,2,555145,9510
823,545635,14,255,3,555145,9510
823,545635,14,255,4,555145,9510
823,545635,14,255,5,555145,9510
823,545635,14,255,6,555145,9510
823,545635,14,255,7,555145,9510
823,545635,14,255,8,555145,9510
823,545635,14,255,9,555145,9510
823,545635,14,255,10,555145,9510
823,545635,14,255,11,555145,9510
823,545635,14,255,12,555145,9510
823,545635,14,255,13,555145,9510
823,545635,14,255,15,555145,9510
824,546315,15,14,14,555825,9510
811,546995,0,5,5,556505,9510
812,547675,1,3,3,557185,9510
813,548355,2,11,11,557865,9510
814,549035,3,255,0,558545,9510
814,549035,3,255,1,558545,9510
814,549035,3,255,2,558545,9510
814,549035,3,255,4,558545,9510
814,549035,3,255,5,558545,9510
814,549035,3,255,6,558545,9510
814,549035,3,255,7,558545,9510
814,549035,3,255,8,558545,9510
814,549035,3,255,9,558545,9510
814,549035,3,255,10,558545,9510
814,549035,3,255,11,558545,9510
814,549035,3,255,12,558545,9510
814,549035,3,255,13,558545,9510
814,549035,3,255,14,558545,9510
814,549035,3,255,15,558545,9510
815,549715,4,10,10,559225,9510
816,550395,5,9,9,559905,9510
817,551085,7,11,11,560595,9510
832,551765,8,13,13,561275,9510
833,552445,9,11,11,561955,9510
834,553125,10,3,3,562635,9510
835,553815,12,5,5,563325,9510
836,554495,13,12,12,564005,9510
837,555175,14,11,11,564685,9510
838,555855,15,6,6,565365,9510
825,556535,0,9,9,566045,9510
826,557215,1,255,0,566725,9510
826,557215,1,255,2,566725,9510
826,557215,1,255,3,566725,9510
826,557215,1,255,4,566725,9510
826,557215,1,255,5,566725,9510
826,557215,1,255,6,566725,9510
826,557215,1,255,7,566725,9510
826,557215,1,255,8,566725,9510
826,557215,1,255,9,566725,9510
826,557215,1,255,10,566725,9510
826,557215,1,255,11,566725,9510
826,557215,1,255,12,566725,9510
826,557215,1,255,13,566725,9510
826,557215,1,255,14,566725,9510
826,557215,1,255,15,566725,9510
827,557895,2,7,7,567405,9510
828,558575,3,10,10,568085,9510
829,559255,4,6,6,568765,9510
830,559935,5,3,3,569445,9510
831,560625,7,6,6,570135,9510
846,561305,8,255,0,570815,9510
846,561305,8,255,1,570815,9510
846,561305,8,255,2,570815,9510
846,561305,8,255,3,570815,9510
846,561305,8,255,4,570815,9510
846,561305,8,255,5,570815,9510
846,561305,8,255,6,570815,9510
846,561305,8,255,7,570815,9510
846,561305,8,255,9,570815,9510
846,561305,8,255,10,570815,9510
846,561305,8,255,11,570815,9510
846,561305,8,255,12,570815,9510
846,561305,8,255,13,570815,9510
846,561305,8,255,14,570815,9510
846,561305,8,255,15,570815,9510
847,561985,9,3,3,571495,9510
848,562665,10,1,1,572175,9510
849,563355,12,1,1,572865,9510
850,564035,13,3,3,573545,9510
851,564715,14,255,0,574225,9510
851,564715,14,255,1,574225,9510
851,564715,14,255,2,574225,9510
851,564715,14,255,3,574225,9510
851,564715,14,255,4,574225,9510
851,564715,14,255,5,574225,9510
851,564715,14,255,6,574225,9510
851,564715,14,255,7,574225,9510
851,564715,14,255,8,574225,9510
851,564715,14,255,9,574225,9510
851,564715,14,255,10,574225,9510
851,564715,14,255,11,574225,9510
851,564715,14,255,12,574225,9510
851,564715,14,255,13,574225,9510
851,564715,14,255,15,574225,9510
852,565395,15,0,0,574905,9510
839,566075,0,9,9,575585,9510
840,566755,1,10,10,576265,9510
841,567435,2,4,4,576945,9510
842,568115,3,15,15,577625,9510
843,568795,4,1,1,578305,9510
844,569475,5,3,3,578985,9510
857,579015,5,126,-1,,
845,570165,7,12,12,579675,9510
859,570845,8,10,10,580355,9510
860,571525,9,255,0,581035,9510
860,571525,9,255,1,581035,9510
860,571525,9,255,2,581035,9510
860,571525,9,255,3,581035,9510
860,571525,9,255,4,581035,9510
860,571525,9,255,5,581035,9510
860,571525,9,255,6,581035,9510
860,571525,9,255,7,581035,9510
860,571525,9,255,8,581035,9510
860,571525,9,255,10,581035,9510
860,571525,9,255,11,581035,9510
860,571525,9,255,12,581035,9510
860,571525,9,255,13,581035,9510
860,571525,9,255,14,581035,9510
860,571525,9,255,15,581035,9510
861,572205,10,1,1,581715,9510
862,572895,12,3,3,582405,9510
863,573575,13,0,0,583085,9510
864,574255,14,13,13,583765,9510
865,574935,15,14,14,584445,9510
853,575615,0,12,12,585125,9510
854,576295,1,10,10,585805,9510
855,576975,2,12,12,586485,9510
856,578335,4,7,7,587175,8840
869,587205,4,173,-1,,
870,587885,5,172,-1,,
858,579705,7,10,10,588545,8840
872,580385,8,7,7,589225,8840
873,581065,9,11,11,589905,8840
874,581745,10,3,3,590585,8840
875,582435,12,8,8,591275,8840
876,583115,13,5,5,591955,8840
889,591985,13,107,-1,,
877,583795,14,2,2,592635,8840
878,584475,15,9,9,593315,8840
866,585155,0,11,11,593995,8840
879,594025,0,145,-1,,
867,585835,1,7,7,594675,8840
880,594705,1,252,-1,,
868,586515,2,7,7,595355,8840
871,588575,7,255,0,597415,8840
871,588575,7,255,1,597415,8840
871,588575,7,255,2,597415,8840
871,588575,7,255,3,597415,8840
871,588575,7,255,4,597415,8840
871,588575,7,255,5,597415,8840
871,588575,7,255,6,597415,8840
871,588575,7,255,8,597415,8840
871,588575,7,255,9,597415,8840
871,588575,7,255,10,597415,8840
871,588575,7,255,11,597415,8840
871,588575,7,255,12,597415,8840
871,588575,7,255,13,597415,8840
871,588575,7,255,14,597415,8840
871,588575,7,255,15,597415,8840
885,589255,8,9,9,598095,8840
886,589935,9,12,12,598775,8840
899,598805,9,103,-1,,
887,590615,10,4,4,599455,8840
888,591305,12,13,13,600145,8840
890,592665,14,1,1,601505,8840
903,601535,14,85,-1,,
891,593345,15,9,9,602185,8840
881,595385,2,5,5,604225,8840
882,596075,4,3,3,604915,8840
883,596755,5,2,2,605595,8840
896,605625,5,137,-1,,
884,597445,7,10,10,606285,8840
898,598125,8,2,2,606965,8840
912,607675,9,248,-1,,
900,599485,10,6,6,608325,8840
901,600175,12,2,2,609015,8840
902,600855,13,255,0,609695,8840
902,600855,13,255,1,609695,8840
902,600855,13,255,2,609695,8840
902,600855,13,255,3,609695,8840
902,600855,13,255,4,609695,8840
902,600855,13,255,5,609695,8840
902,600855,13,255,6,609695,8840
902,600855,13,255,7,609695,8840
902,600855,13,255,8,609695,8840
902,600855,13,255,9,609695,8840
902,600855,13,255,10,609695,8840
902,600855,13,255,11,609695,8840
902,600855,13,255,12,609695,8840
902,600855,13,255,14,609695,8840
902,600855,13,255,15,609695,8840
915,609725,13,186,-1,,
904,602215,15,255,0,611055,8840
904,602215,15,255,1,611055,8840
904,602215,15,255,2,611055,8840
904,602215,15,255,3,611055,8840
904,602215,15,255,4,611055,8840
904,602215,15,255,5,611055,8840
904,602215,15,255,6,611055,8840
904,602215,15,255,7,611055,8840
904,602215,15,255,8,611055,8840
904,602215,15,255,9,611055,8840
904,602215,15,255,10,611055,8840
904,602215,15,255,11,611055,8840
904,602215,15,255,12,611055,8840
904,602215,15,255,13,611055,8840
904,602215,15,255,14,611055,8840
917,611085,15,62,-1,,
892,602895,0,3,3,611735,8840
893,603575,1,4,4,612415,8840
894,604255,2,10,10,613095,8840
895,604945,4,255,0,613785,8840
895,604945,4,255,1,613785,8840
895,604945,4,255,2,613785,8840
895,604945,4,255,3,613785,8840
895,604945,4,255,5,613785,8840
895,604945,4,255,6,613785,8840
895,604945,4,255,7,613785,8840
895,604945,4,255,8,613785,8840
895,604945,4,255,9,613785,8840
895,604945,4,255,10,613785,8840
895,604945,4,255,11,613785,8840
895,604945,4,255,12,613785,8840
895,604945,4,255,13,613785,8840
895,604945,4,255,14,613785,8840
895,604945,4,255,15,613785,8840
909,614495,5,177,-1,,
897,606315,7,3,3,615155,8840
911,606995,8,255,0,615835,8840
911,606995,8,255,1,615835,8840
911,606995,8,255,2,615835,8840
911,606995,8,255,3,615835,8840
911,606995,8,255,4,615835,8840
911,606995,8,255,5,615835,8840
911,606995,8,255,6,615835,8840
911,606995,8,255,7,615835,8840
911,606995,8,255,9,615835,8840
911,606995,8,255,10,615835,8840
911,606995,8,255,11,615835,8840
911,606995,8,255,12,615835,8840
911,606995,8,255,13,615835,8840
911,606995,8,255,14,615835,8840
911,606995,8,255,15,615835,8840
913,608355,10,255,0,617195,8840
913,608355,10,255,1,617195,8840
913,608355,10,255,2,617195,8840
913,608355,10,255,3,617195,8840
913,608355,10,255,4,617195,8840
913,608355,10,255,5,617195,8840
913,608355,10,255,6,617195,8840
913,608355,10,255,7,617195,8840
913,608355,10,255,8,617195,8840
913,608355,10,255,9,617195,8840
913,608355,10,255,11,617195,8840
913,608355,10,255,12,617195,8840
913,608355,10,255,13,617195,8840
913,608355,10,255,14,617195,8840
913,608355,10,255,15,617195,8840
914,609045,12,11,11,617885,8840
927,617915,12,142,-1,,
916,610405,14,4,4,619245,8840
905,611765,0,11,11,620605,8840
906,612445,1,9,9,621285,8840
907,613125,2,10,10,621965,8840
908,613815,4,13,13,622655,8840
922,623365,5,227,-1,,
910,615185,7,4,4,624025,8840
924,615865,8,3,3,624705,8840
925,616545,9,8,8,625385,8840
926,617225,10,5,5,626065,8840
938,626095,10,97,-1,,
928,618595,13,6,6,627435,8840
929,619275,14,5,5,628115,8840
918,620635,0,15,15,628805,8170
919,621315,1,11,11,629485,8170
920,621995,2,1,1,630165,8170
921,622685,4,12,12,630855,8170
923,624055,7,0,0,632225,8170
936,624735,8,6,6,632905,8170
937,625415,9,2,2,633585,8170
939,626785,12,14,14,634955,8170
940,627465,13,8,8,635635,8170
941,628145,14,4,4,636315,8170
930,628835,0,15,15,637005,8170
931,629515,1,11,11,637685,8170
943,637715,1,34,-1,,
932,630195,2,0,0,638365,8170
933,630885,4,5,5,639055,8170
934,631565,5,8,8,639735,8170
935,632255,7,255,0,640425,8170
935,632255,7,255,1,640425,8170
935,632255,7,255,2,640425,8170
935,632255,7,255,3,640425,8170
935,632255,7,255,4,640425,8170
935,632255,7,255,5,640425,8170
935,632255,7,255,6,640425,8170
935,632255,7,255,8,640425,8170
935,632255,7,255,9,640425,8170
935,632255,7,255,10,640425,8170
935,632255,7,255,11,640425,8170
935,632255,7,255,12,640425,8170
935,632255,7,255,13,640425,8170
935,632255,7,255,14,640425,8170
935,632255,7,255,15,640425,8170
948,632935,8,255,0,641105,8170
948,632935,8,255,1,641105,8170
948,632935,8,255,2,641105,8170
948,632935,8,255,3,641105,8170
948,632935,8,255,4,641105,8170
948,632935,8,255,5,641105,8170
948,632935,8,255,6,641105,8170
948,632935,8,255,7,641105,8170
948,632935,8,255,9,641105,8170
948,632935,8,255,10,641105,8170
948,632935,8,255,11,641105,8170
948,632935,8,255,12,641105,8170
948,632935,8,255,13,641105,8170
948,632935,8,255,14,641105,8170
948,632935,8,255,15,641105,8170
949,633615,9,12,12,641785,8170
961,641815,9,226,-1,,
950,634295,10,8,8,642465,8170
951,634985,12,6,6,643155,8170
952,635665,13,9,9,643835,8170
953,636345,14,6,6,644515,8170
942,637035,0,5,5,645205,8170
944,638395,2,15,15,646565,8170
945,639085,4,9,9,647255,8170
946,639765,5,13,13,647935,8170
947,640455,7,3,3,648625,8170
960,641135,8,9,9,649305,8170
962,642495,10,15,15,650665,8170
963,643185,12,11,11,651355,8170
964,643865,13,7,7,652035,8170
965,644545,14,2,2,652715,8170
954,645235,0,13,13,653405,8170
955,645915,1,12,12,654085,8170
956,646595,2,10,10,654765,8170
957,647285,4,15,15,655455,8170
958,647965,5,2,2,656135,8170
959,648655,7,9,9,656825,8170
972,649335,8,0,0,657505,8170
984,657535,8,224,-1,,
973,650015,9,8,8,658185,8170
974,650695,10,13,13,658865,8170
975,651385,12,2,2,659555,8170
976,652065,13,255,0,660235,8170
976,652065,13,255,1,660235,8170
976,652065,13,255,2,660235,8170
976,652065,13,255,3,660235,8170
976,652065,13,255,4,660235,8170
976,652065,13,255,5,660235,8170
976,652065,13,255,6,660235,8170
976,652065,13,255,7,660235,8170
976,652065,13,255,8,660235,8170
976,652065,13,255,9,660235,8170
976,652065,13,255,10,660235,8170
976,652065,13,255,11,660235,8170
976,652065,13,255,12,660235,8170
976,652065,13,255,14,660235,8170
976,652065,13,255,15,660235,8170
977,652745,14,13,13,660915,8170
966,653435,0,8,8,661605,8170
967,654115,1,0,0,662285,8170
968,654795,2,255,0,662965,8170
968,654795,2,255,1,662965,8170
968,654795,2,255,3,662965,8170
968,654795,2,255,4,662965,8170
968,654795,2,255,5,662965,8170
968,654795,2,255,6,662965,8170
968,654795,2,255,7,662965,8170
968,654795,2,255,8,662965,8170
968,654795,2,255,9,662965,8170
968,654795,2,255,10,662965,8170
968,654795,2,255,11,662965,8170
968,654795,2,255,12,662965,8170
968,654795,2,255,13,662965,8170
968,654795,2,255,14,662965,8170
968,654795,2,255,15,662965,8170
969,655485,4,7,7,663655,8170
970,656165,5,255,0,664335,8170
970,656165,5,255,1,664335,8170
970,656165,5,255,2,664335,8170
970,656165,5,255,3,664335,8170
970,656165,5,255,4,664335,8170
970,656165,5,255,6,664335,8170
970,656165,5,255,7,664335,8170
970,656165,5,255,8,664335,8170
970,656165,5,255,9,664335,8170
970,656165,5,255,10,664335,8170
970,656165,5,255,11,664335,8170
970,656165,5,255,12,664335,8170
970,656165,5,255,13,664335,8170
970,656165,5,255,14,664335,8170
970,656165,5,255,15,664335,8170
971,656855,7,3,3,665025,8170
985,658215,9,13,13,666385,8170
986,658895,10,13,13,667065,8170
987,659585,12,4,4,667755,8170
988,660265,13,7,7,668435,8170
1000,668465,13,238,-1,,
989,660945,14,15,15,669115,8170
978,661635,0,1,1,669805,8170
979,662315,1,3,3,670485,8170
980,662995,2,5,5,671165,8170
981,663685,4,13,13,671855,8170
982,664365,5,14,14,672535,8170
983,665055,7,11,11,673225,8170
996,665735,8,12,12,673905,8170
997,666415,9,0,0,674585,8170
998,667095,10,1,1,675265,8170
999,667785,12,9,9,675955,8170
1011,675985,12,211,-1,,
1001,669145,14,4,4,677315,8170
990,669835,0,3,3,678005,8170
991,670515,1,4,4,678685,8170
992,671195,2,5,5,679365,8170
993,671885,4,10,10,680055,8170
994,672565,5,255,0,680735,8170
994,672565,5,255,1,680735,8170
994,672565,5,255,2,680735,8170
994,672565,5,255,3,680735,8170
994,672565,5,255,4,680735,8170
994,672565,5,255,6,680735,8170
994,672565,5,255,7,680735,8170
994,672565,5,255,8,680735,8170
994,672565,5,255,9,680735,8170
994,672565,5,255,10,680735,8170
994,672565,5,255,11,680735,8170
994,672565,5,255,12,680735,8170
994,672565,5,255,13,680735,8170
994,672565,5,255,14,680735,8170
994,672565,5,255,15,680735,8170
995,673255,7,13,13,681425,8170
1008,673935,8,9,9,682105,8170
1020,682135,8,172,-1,,
1009,674615,9,3,3,682785,8170
1010,675295,10,255,0,683465,8170
1010,675295,10,255,1,683465,8170
1010,675295,10,255,2,683465,8170
1010,675295,10,255,3,683465,8170
1010,675295,10,255,4,683465,8170
1010,675295,10,255,5,683465,8170
1010,675295,10,255,6,683465,8170
1010,675295,10,255,7,683465,8170
1010,675295,10,255,8,683465,8170
1010,675295,10,255,9,683465,8170
1010,675295,10,255,11,683465,8170
1010,675295,10,255,12,683465,8170
1010,675295,10,255,13,683465,8170
1010,675295,10,255,14,683465,8170
1010,675295,10,255,15,683465,8170
1012,676665,13,9,9,684835,8170
1013,677345,14,13,13,685515,8170
1002,678035,0,255,1,686205,8170
1002,678035,0,255,2,686205,8170
1002,678035,0,255,3,686205,8170
1002,678035,0,255,4,686205,8170
1002,678035,0,255,5,686205,8170
1002,678035,0,255,6,686205,8170
1002,678035,0,255,7,686205,8170
1002,678035,0,255,8,686205,8170
1002,678035,0,255,9,686205,8170
1002,678035,0,255,10,686205,8170
1002,678035,0,255,11,686205,8170
1002,678035,0,255,12,686205,8170
1002,678035,0,255,13,686205,8170
1002,678035,0,255,14,686205,8170
1002,678035,0,255,15,686205,8170
1003,678715,1,255,0,686885,8170
1003,678715,1,255,2,686885,8170
1003,678715,1,255,3,686885,8170
1003,678715,1,255,4,686885,8170
1003,678715,1,255,5,686885,8170
1003,678715,1,255,6,686885,8170
1003,678715,1,255,7,686885,8170
1003,678715,1,255,8,686885,8170
1003,678715,1,255,9,686885,8170
1003,678715,1,255,10,686885,8170
1003,678715,1,255,11,686885,8170
1003,678715,1,255,12,686885,8170
1003,678715,1,255,13,686885,8170
1003,678715,1,255,14,686885,8170
1003,678715,1,255,15,686885,8170
1004,679395,2,0,0,687565,8170
1005,680085,4,10,10,688255,8170
1006,680765,5,1,1,688935,8170
1018,688965,5,144,-1,,
1007,681455,7,6,6,689625,8170
1021,682815,9,3,3,690985,8170
1022,683495,10,15,15,691665,8170
1023,684185,12,8,8,692355,8170
1035,692385,12,116,-1,,
1024,684865,13,10,10,693035,8170
1025,685545,14,5,5,693715,8170
1014,686235,0,7,7,694405,8170
1015,686915,1,7,7,695085,8170
1016,687595,2,3,3,695765,8170
1028,695795,2,231,-1,,
1017,688285,4,10,10,696455,8170
1019,689655,7,255,0,697825,8170
1019,689655,7,255,1,697825,8170
1019,689655,7,255,2,697825,8170
1019,689655,7,255,3,697825,8170
1019,689655,7,255,4,697825,8170
1019,689655,7,255,5,697825,8170
1019,689655,7,255,6,697825,8170
1019,689655,7,255,8,697825,8170
1019,689655,7,255,9,697825,8170
1019,689655,7,255,10,697825,8170
1019,689655,7,255,11,697825,8170
1019,689655,7,255,12,697825,8170
1019,689655,7,255,13,697825,8170
1019,689655,7,255,14,697825,8170
1019,689655,7,255,15,697825,8170
1032,690335,8,5,5,698505,8170
1033,691015,9,14,14,699185,8170
1034,691695,10,15,15,699865,8170
1047,700585,12,30,-1,,
1036,693065,13,12,12,701235,8170
1037,693745,14,8,8,701915,8170
1026,694435,0,15,15,702605,8170
1038,702635,0,230,-1,,
1027,695115,1,255,0,703285,8170
1027,695115,1,255,2,703285,8170
1027,695115,1,255,3,703285,8170
1027,695115,1,255,4,703285,8170
1027,695115,1,255,5,703285,8170
1027,695115,1,255,6,703285,8170
1027,695115,1,255,7,703285,8170
1027,695115,1,255,8,703285,8170
1027,695115,1,255,9,703285,8170
1027,695115,1,255,10,703285,8170
1027,695115,1,255,11,703285,8170
1027,695115,1,255,12,703285,8170
1027,695115,1,255,13,703285,8170
1027,695115,1,255,14,703285,8170
1027,695115,1,255,15,703285,8170
1040,703995,2,103,-1,,
1029,696485,4,9,9,704655,8170
1030,697165,5,15,15,705335,8170
1031,697855,7,6,6,706025,8170
1044,698535,8,13,13,706705,8170
1045,699215,9,255,0,707385,8170
1045,699215,9,255,1,707385,8170
1045,699215,9,255,2,707385,8170
1045,699215,9,255,3,707385,8170
1045,699215,9,255,4,707385,8170
1045,699215,9,255,5,707385,8170
1045,699215,9,255,6,707385,8170
1045,699215,9,255,7,707385,8170
1045,699215,9,255,8,707385,8170
1045,699215,9,255,10,707385,8170
1045,699215,9,255,11,707385,8170
1045,699215,9,255,12,707385,8170
1045,699215,9,255,13,707385,8170
1045,699215,9,255,14,707385,8170
1045,699215,9,255,15,707385,8170
1046,699895,10,255,0,708065,8170
1046,699895,10,255,1,708065,8170
1046,699895,10,255,2,708065,8170
1046,699895,10,255,3,708065,8170
1046,699895,10,255,4,708065,8170
1046,699895,10,255,5,708065,8170
1046,699895,10,255,6,708065,8170
1046,699895,10,255,7,708065,8170
1046,699895,10,255,8,708065,8170
1046,699895,10,255,9,708065,8170
1046,699895,10,255,11,708065,8170
1046,699895,10,255,12,708065,8170
1046,699895,10,255,13,708065,8170
1046,699895,10,255,14,708065,8170
1046,699895,10,255,15,708065,8170
1048,701265,13,6,6,709435,8170
1049,701945,14,12,12,710115,8170
1039,703315,1,6,6,711485,8170
1041,704685,4,3,3,712855,8170
1042,705365,5,14,14,713535,8170
1043,706055,7,8,8,714225,8170
1056,706735,8,5,5,714905,8170
1057,707415,9,5,5,715585,8170
1058,708095,10,15,15,716265,8170
1059,708785,12,2,2,716955,8170
1060,709465,13,9,9,717635,8170
1061,710145,14,11,11,718315,8170
1050,710835,0,8,8,719005,8170
1062,719035,0,145,-1,,
1051,711515,1,7,7,719685,8170
1052,712195,2,8,8,720365,8170
1053,712885,4,7,7,721055,8170
1054,713565,5,1,1,721735,8170
1066,721765,5,30,-1,,
1055,714255,7,11,11,722425,8170
1068,715615,9,8,8,723115,7500
1069,716295,10,255,0,723795,7500
1069,716295,10,255,1,723795,7500
1069,716295,10,255,2,723795,7500
1069,716295,10,255,3,723795,7500
1069,716295,10,255,4,723795,7500
1069,716295,10,255,5,723795,7500
1069,716295,10,255,6,723795,7500
1069,716295,10,255,7,723795,7500
1069,716295,10,255,8,723795,7500
1069,716295,10,255,9,723795,7500
1069,716295,10,255,11,723795,7500
1069,716295,10,255,12,723795,7500
1069,716295,10,255,13,723795,7500
1069,716295,10,255,14,723795,7500
1069,716295,10,255,15,723795,7500
1070,716985,12,9,9,724485,7500
1071,717665,13,255,0,725165,7500
1071,717665,13,255,1,725165,7500
1071,717665,13,255,2,725165,7500
1071,717665,13,255,3,725165,7500
1071,717665,13,255,4,725165,7500
1071,717665,13,255,5,725165,7500
1071,717665,13,255,6,725165,7500
1071,717665,13,255,7,725165,7500
1071,717665,13,255,8,725165,7500
1071,717665,13,255,9,725165,7500
1071,717665,13,255,10,725165,7500
1071,717665,13,255,11,725165,7500
1071,717665,13,255,12,725165,7500
1071,717665,13,255,14,725165,7500
1071,717665,13,255,15,725165,7500
1072,718345,14,7,7,725845,7500
1063,719715,1,3,3,727215,7500
1064,720395,2,11,11,727895,7500
1065,721085,4,0,0,728585,7500
1076,728615,4,119,-1,,
1077,729295,5,66,-1,,
1067,722455,7,2,2,729955,7500
1079,723145,9,4,4,730645,7500
1090,730675,9,37,-1,,
1080,723825,10,14,14,731325,7500
1081,724515,12,255,0,732015,7500
1081,724515,12,255,1,732015,7500
1081,724515,12,255,2,732015,7500
1081,724515,12,255,3,732015,7500
1081,724515,12,255,4,732015,7500
1081,724515,12,255,5,732015,7500
1081,724515,12,255,6,732015,7500
1081,724515,12,255,7,732015,7500
1081,724515,12,255,8,732015,7500
1081,724515,12,255,9,732015,7500
1081,724515,12,255,10,732015,7500
1081,724515,12,255,11,732015,7500
1081,724515,12,255,13,732015,7500
1081,724515,12,255,14,732015,7500
1081,724515,12,255,15,732015,7500
1082,725195,13,6,6,732695,7500
1083,725875,14,255,0,733375,7500
1083,725875,14,255,1,733375,7500
1083,725875,14,255,2,733375,7500
1083,725875,14,255,3,733375,7500
1083,725875,14,255,4,733375,7500
1083,725875,14,255,5,733375,7500
1083,725875,14,255,6,733375,7500
1083,725875,14,255,7,733375,7500
1083,725875,14,255,8,733375,7500
1083,725875,14,255,9,733375,7500
1083,725875,14,255,10,733375,7500
1083,725875,14,255,11,733375,7500
1083,725875,14,255,12,733375,7500
1083,725875,14,255,13,733375,7500
1083,725875,14,255,15,733375,7500
1073,726565,0,9,9,734065,7500
1074,727245,1,7,7,734745,7500
1075,727925,2,0,0,735425,7500
1087,736145,4,163,-1,,
1088,736825,5,60,-1,,
1078,729985,7,10,10,737485,7500
1091,731355,10,0,0,738855,7500
1092,732045,12,1,1,739545,7500
1093,732725,13,4,4,740225,7500
1094,733405,14,255,0,740905,7500
1094,733405,14,255,1,740905,7500
1094,733405,14,255,2,740905,7500
1094,733405,14,255,3,740905,7500
1094,733405,14,255,4,740905,7500
1094,733405,14,255,5,740905,7500
1094,733405,14,255,6,740905,7500
1094,733405,14,255,7,740905,7500
1094,733405,14,255,8,740905,7500
1094,733405,14,255,9,740905,7500
1094,733405,14,255,10,740905,7500
1094,733405,14,255,11,740905,7500
1094,733405,14,255,12,740905,7500
1094,733405,14,255,13,740905,7500
1094,733405,14,255,15,740905,7500
1084,734095,0,2,2,741595,7500
1085,734775,1,4,4,742275,7500
1086,735455,2,11,11,742955,7500
1089,737515,7,4,4,745015,7500
1101,738205,9,2,2,745705,7500
1102,738885,10,255,0,746385,7500
1102,738885,10,255,1,746385,7500
1102,738885,10,255,2,746385,7500
1102,738885,10,255,3,746385,7500
1102,738885,10,255,4,746385,7500
1102,738885,10,255,5,746385,7500
1102,738885,10,255,6,746385,7500
1102,738885,10,255,7,746385,7500
1102,738885,10,255,8,746385,7500
1102,738885,10,255,9,746385,7500
1102,738885,10,255,11,746385,7500
1102,738885,10,255,12,746385,7500
1102,738885,10,255,13,746385,7500
1102,738885,10,255,14,746385,7500
1102,738885,10,255,15,746385,7500
1103,739575,12,255,0,747075,7500
1103,739575,12,255,1,747075,7500
1103,739575,12,255,2,747075,7500
1103,739575,12,255,3,747075,7500
1103,739575,12,255,4,747075,7500
1103,739575,12,255,5,747075,7500
1103,739575,12,255,6,747075,7500
1103,739575,12,255,7,747075,7500
1103,739575,12,255,8,747075,7500
1103,739575,12,255,9,747075,7500
1103,739575,12,255,10,747075,7500
1103,739575,12,255,11,747075,7500
1103,739575,12,255,13,747075,7500
1103,739575,12,255,14,747075,7500
1103,739575,12,255,15,747075,7500
1104,740255,13,0,0,747755,7500
1105,740935,14,255,0,748435,7500
1105,740935,14,255,1,748435,7500
1105,740935,14,255,2,748435,7500
1105,740935,14,255,3,748435,7500
1105,740935,14,255,4,748435,7500
1105,740935,14,255,5,748435,7500
1105,740935,14,255,6,748435,7500
1105,740935,14,255,7,748435,7500
1105,740935,14,255,8,748435,7500
1105,740935,14,255,9,748435,7500
1105,740935,14,255,10,748435,7500
1105,740935,14,255,11,748435,7500
1105,740935,14,255,12,748435,7500
1105,740935,14,255,13,748435,7500
1105,740935,14,255,15,748435,7500
1095,741625,0,11,11,749125,7500
1096,742305,1,9,9,749805,7500
1097,742985,2,12,12,750485,7500
1098,743675,4,15,15,751175,7500
1099,744355,5,255,0,751855,7500
1099,744355,5,255,1,751855,7500
1099,744355,5,255,2,751855,7500
1099,744355,5,255,3,751855,7500
1099,744355,5,255,4,751855,7500
1099,744355,5,255,6,751855,7500
1099,744355,5,255,7,751855,7500
1099,744355,5,255,8,751855,7500
1099,744355,5,255,9,751855,7500
1099,744355,5,255,10,751855,7500
1099,744355,5,255,11,751855,7500
1099,744355,5,255,12,751855,7500
1099,744355,5,255,13,751855,7500
1099,744355,5,255,14,751855,7500
1099,744355,5,255,15,751855,7500
1100,745045,7,11,11,752545,7500
1112,745735,9,10,10,753235,7500
1113,746415,10,4,4,753915,7500
1124,753945,10,29,-1,,
1114,747105,12,14,14,754605,7500
1115,747785,13,255,0,755285,7500
1115,747785,13,255,1,755285,7500
1115,747785,13,255,2,755285,7500
1115,747785,13,255,3,755285,7500
1115,747785,13,255,4,755285,7500
1115,747785,13,255,5,755285,7500
1115,747785,13,255,6,755285,7500
1115,747785,13,255,7,755285,7500
1115,747785,13,255,8,755285,7500
1115,747785,13,255,9,755285,7500
1115,747785,13,255,10,755285,7500
1115,747785,13,255,11,755285,7500
1115,747785,13,255,12,755285,7500
1115,747785,13,255,14,755285,7500
1115,747785,13,255,15,755285,7500
1116,748465,14,3,3,755965,7500
1106,749155,0,6,6,756655,7500
1107,749835,1,11,11,757335,7500
1108,750515,2,12,12,758015,7500
1109,751205,4,255,0,758705,7500
1109,751205,4,255,1,758705,7500
1109,751205,4,255,2,758705,7500
1109,751205,4,255,3,758705,7500
1109,751205,4,255,5,758705,7500
1109,751205,4,255,6,758705,7500
1109,751205,4,255,7,758705,7500
1109,751205,4,255,8,758705,7500
1109,751205,4,255,9,758705,7500
1109,751205,4,255,10,758705,7500
1109,751205,4,255,11,758705,7500
1109,751205,4,255,12,758705,7500
1109,751205,4,255,13,758705,7500
1109,751205,4,255,14,758705,7500
1109,751205,4,255,15,758705,7500
1110,751885,5,14,14,759385,7500
1121,759415,5,224,-1,,
1111,752575,7,13,13,760075,7500
1123,753265,9,5,5,760765,7500
1125,754635,12,5,5,762135,7500
1126,755315,13,11,11,762815,7500
1137,762845,13,184,-1,,
1127,755995,14,0,0,763495,7500
1117,756685,0,8,8,764185,7500
1118,757365,1,3,3,764865,7500
1119,758045,2,1,1,765545,7500
1120,758735,4,6,6,766235,7500
1122,760105,7,15,15,767605,7500
1134,760795,9,10,10,768295,7500
1135,761475,10,13,13,768975,7500
1146,769005,10,72,-1,,
1136,762165,12,5,5,769665,7500
1138,763525,14,6,6,771025,7500
1128,764215,0,11,11,771715,7500
1129,764895,1,5,5,772395,7500
1130,765575,2,11,11,773075,7500
1131,766265,4,0,0,773765,7500
1132,766945,5,0,0,774445,7500
1133,767635,7,15,15,775135,7500
1145,768325,9,12,12,775825,7500
1147,769695,12,5,5,777195,7500
1148,770375,13,10,10,777875,7500
1149,771055,14,1,1,778555,7500
1139,771745,0,10,10,779245,7500
1150,779275,0,95,-1,,
1140,772425,1,14,14,779925,7500
1141,773105,2,4,4,780605,7500
1142,773795,4,8,8,781295,7500
1143,774475,5,11,11,781975,7500
1144,775165,7,11,11,782665,7500
1156,775855,9,3,3,783355,7500
1157,776535,10,8,8,784035,7500
1158,777225,12,0,0,784725,7500
1159,777905,13,15,15,785405,7500
1160,778585,14,10,10,786085,7500
1171,786115,14,165,-1,,
1151,779955,1,0,0,787455,7500
1152,780635,2,7,7,788135,7500
1153,781325,4,15,15,788825,7500
1164,788855,4,132,-1,,
1154,782005,5,1,1,789505,7500
1155,782695,7,10,10,790195,7500
1167,783385,9,13,13,790885,7500
1168,784065,10,12,12,791565,7500
1169,784755,12,6,6,792255,7500
1170,785435,13,14,14,792935,7500
1180,792965,13,175,-1,,
1161,786805,0,13,13,794305,7500
1162,787485,1,13,13,794985,7500
1163,788165,2,4,4,795665,7500
1165,789535,5,15,15,797035,7500
1166,790225,7,9,9,797725,7500
1178,790915,9,12,12,798415,7500
1179,791595,10,5,5,799095,7500
1181,793645,14,3,3,800485,6840
1172,794335,0,3,3,801175,6840
1173,795015,1,0,0,801855,6840
1174,795695,2,10,10,802535,6840
1175,796385,4,11,11,803225,6840
1176,797065,5,255,0,803905,6840
1176,797065,5,255,1,803905,6840
1176,797065,5,255,2,803905,6840
1176,797065,5,255,3,803905,6840
1176,797065,5,255,4,803905,6840
1176,797065,5,255,6,803905,6840
1176,797065,5,255,7,803905,6840
1176,797065,5,255,8,803905,6840
1176,797065,5,255,9,803905,6840
1176,797065,5,255,10,803905,6840
1176,797065,5,255,11,803905,6840
1176,797065,5,255,12,803905,6840
1176,797065,5,255,13,803905,6840
1176,797065,5,255,14,803905,6840
1176,797065,5,255,15,803905,6840
1177,797755,7,12,12,804595,6840
1188,798445,9,11,11,805285,6840
1189,799125,10,12,12,805965,6840
1190,799835,13,14,14,806675,6840
1191,800515,14,11,11,807355,6840
1182,801205,0,1,1,808045,6840
1183,801885,1,5,5,808725,6840
1184,802565,2,12,12,809405,6840
1185,803255,4,2,2,810095,6840
1186,803935,5,7,7,810775,6840
1196,810805,5,144,-1,,
1187,804625,7,12,12,811465,6840
1197,811495,7,172,-1,,
1198,805315,9,6,6,812155,6840
1199,805995,10,0,0,812835,6840
1200,806705,13,1,1,813545,6840
1201,807385,14,9,9,814225,6840
1192,808075,0,11,11,814915,6840
1193,808755,1,0,0,815595,6840
1194,809435,2,6,6,816275,6840
1195,810125,4,1,1,816965,6840
1208,812185,9,7,7,819025,6840
1209,812865,10,255,0,819705,6840
1209,812865,10,255,1,819705,6840
1209,812865,10,255,2,819705,6840
1209,812865,10,255,3,819705,6840
1209,812865,10,255,4,819705,6840
1209,812865,10,255,5,819705,6840
1209,812865,10,255,6,819705,6840
1209,812865,10,255,7,819705,6840
1209,812865,10,255,8,819705,6840
1209,812865,10,255,9,819705,6840
1209,812865,10,255,11,819705,6840
1209,812865,10,255,12,819705,6840
1209,812865,10,255,13,819705,6840
1209,812865,10,255,14,819705,6840
1209,812865,10,255,15,819705,6840
1210,813575,13,14,14,820415,6840
1211,814255,14,15,15,821095,6840
1202,814945,0,10,10,821785,6840
1203,815625,1,12,12,822465,6840
1204,816305,2,6,6,823145,6840
1205,816995,4,12,12,823835,6840
1206,817675,5,11,11,824515,6840
1207,818365,7,13,13,825205,6840
1218,819055,9,0,0,825895,6840
1219,819735,10,6,6,826575,6840
1220,820445,13,255,0,827285,6840
1220,820445,13,255,1,827285,6840
1220,820445,13,255,2,827285,6840
1220,820445,13,255,3,827285,6840
1220,820445,13,255,4,827285,6840
1220,820445,13,255,5,827285,6840
1220,820445,13,255,6,827285,6840
1220,820445,13,255,7,827285,6840
1220,820445,13,255,8,827285,6840
1220,820445,13,255,9,827285,6840
1220,820445,13,255,10,827285,6840
1220,820445,13,255,11,827285,6840
1220,820445,13,255,12,827285,6840
1220,820445,13,255,14,827285,6840
1220,820445,13,255,15,827285,6840
1221,821125,14,1,1,827965,6840
1212,821815,0,255,1,828655,6840
1212,821815,0,255,2,828655,6840
1212,821815,0,255,3,828655,6840
1212,821815,0,255,4,828655,6840
1212,821815,0,255,5,828655,6840
1212,821815,0,255,6,828655,6840
1212,821815,0,255,7,828655,6840
1212,821815,0,255,8,828655,6840
1212,821815,0,255,9,828655,6840
1212,821815,0,255,10,828655,6840
1212,821815,0,255,11,828655,6840
1212,821815,0,255,12,828655,6840
1212,821815,0,255,13,828655,6840
1212,821815,0,255,14,828655,6840
1212,821815,0,255,15,828655,6840
1213,822495,1,2,2,829335,6840
1214,823175,2,13,13,830015,6840
1215,823865,4,0,0,830705,6840
1216,824545,5,9,9,831385,6840
1217,825235,7,255,0,832075,6840
1217,825235,7,255,1,832075,6840
1217,825235,7,255,2,832075,6840
1217,825235,7,255,3,832075,6840
1217,825235,7,255,4,832075,6840
1217,825235,7,255,5,832075,6840
1217,825235,7,255,6,832075,6840
1217,825235,7,255,8,832075,6840
1217,825235,7,255,9,832075,6840
1217,825235,7,255,10,832075,6840
1217,825235,7,255,11,832075,6840
1217,825235,7,255,12,832075,6840
1217,825235,7,255,13,832075,6840
1217,825235,7,255,14,832075,6840
1217,825235,7,255,15,832075,6840
1228,825925,9,7,7,832765,6840
1229,826605,10,255,0,833445,6840
1229,826605,10,255,1,833445,6840
1229,826605,10,255,2,833445,6840
1229,826605,10,255,3,833445,6840
1229,826605,10,255,4,833445,6840
1229,826605,10,255,5,833445,6840
1229,826605,10,255,6,833445,6840
1229,826605,10,255,7,833445,6840
1229,826605,10,255,8,833445,6840
1229,826605,10,255,9,833445,6840
1229,826605,10,255,11,833445,6840
1229,826605,10,255,12,833445,6840
1229,826605,10,255,13,833445,6840
1229,826605,10,255,14,833445,6840
1229,826605,10,255,15,833445,6840
1230,827315,13,255,0,834155,6840
1230,827315,13,255,1,834155,6840
1230,827315,13,255,2,834155,6840
1230,827315,13,255,3,834155,6840
1230,827315,13,255,4,834155,6840
1230,827315,13,255,5,834155,6840
1230,827315,13,255,6,834155,6840
1230,827315,13,255,7,834155,6840
1230,827315,13,255,8,834155,6840
1230,827315,13,255,9,834155,6840
1230,827315,13,255,10,834155,6840
1230,827315,13,255,11,834155,6840
1230,827315,13,255,12,834155,6840
1230,827315,13,255,14,834155,6840
1230,827315,13,255,15,834155,6840
1239,834185,13,208,-1,,
1231,827995,14,13,13,834835,6840
1222,828685,0,3,3,835525,6840
1223,829365,1,5,5,836205,6840
1233,836235,1,130,-1,,
1224,830045,2,3,3,836885,6840
1234,836915,2,175,-1,,
1225,830735,4,2,2,837575,6840
1226,831415,5,10,10,838255,6840
1227,832105,7,13,13,838945,6840
1238,833475,10,2,2,839655,6180
1240,834865,14,6,6,841045,6180
1232,835555,0,2,2,841735,6180
1241,841765,0,192,-1,,
1235,837605,4,0,0,843785,6180
1236,838285,5,15,15,844465,6180
1245,844495,5,97,-1,,
1237,838975,7,9,9,845155,6180
1247,839685,10,2,2,845865,6180
1248,840395,13,9,9,846575,6180
1249,841075,14,9,9,847255,6180
1242,842445,1,9,9,848625,6180
1243,843125,2,3,3,849305,6180
1244,843815,4,0,0,849995,6180
1246,845185,7,5,5,851365,6180
1256,845895,10,255,0,852075,6180
1256,845895,10,255,1,852075,6180
1256,845895,10,255,2,852075,6180
1256,845895,10,255,3,852075,6180
1256,845895,10,255,4,852075,6180
1256,845895,10,255,5,852075,6180
1256,845895,10,255,6,852075,6180
1256,845895,10,255,7,852075,6180
1256,845895,10,255,8,852075,6180
1256,845895,10,255,9,852075,6180
1256,845895,10,255,11,852075,6180
1256,845895,10,255,12,852075,6180
1256,845895,10,255,13,852075,6180
1256,845895,10,255,14,852075,6180
1256,845895,10,255,15,852075,6180
1257,846605,13,12,12,852785,6180
1258,847285,14,4,4,853465,6180
1250,847975,0,6,6,854155,6180
1251,848655,1,10,10,854835,6180
1252,849335,2,7,7,855515,6180
1253,850025,4,9,9,856205,6180
1254,850705,5,255,0,856885,6180
1254,850705,5,255,1,856885,6180
1254,850705,5,255,2,856885,6180
1254,850705,5,255,3,856885,6180
1254,850705,5,255,4,856885,6180
1254,850705,5,255,6,856885,6180
1254,850705,5,255,7,856885,6180
1254,850705,5,255,8,856885,6180
1254,850705,5,255,9,856885,6180
1254,850705,5,255,10,856885,6180
1254,850705,5,255,11,856885,6180
1254,850705,5,255,12,856885,6180
1254,850705,5,255,13,856885,6180
1254,850705,5,255,14,856885,6180
1254,850705,5,255,15,856885,6180
1255,851395,7,5,5,857575,6180
1264,852105,10,0,0,858285,6180
1265,852815,13,3,3,858995,6180
1266,853495,14,1,1,859675,6180
1259,854865,1,9,9,860385,5520
1260,855545,2,13,13,861065,5520
1261,856235,4,255,0,861755,5520
1261,856235,4,255,1,861755,5520
1261,856235,4,255,2,861755,5520
1261,856235,4,255,3,861755,5520
1261,856235,4,255,5,861755,5520
1261,856235,4,255,6,861755,5520
1261,856235,4,255,7,861755,5520
1261,856235,4,255,8,861755,5520
1261,856235,4,255,9,861755,5520
1261,856235,4,255,10,861755,5520
1261,856235,4,255,11,861755,5520
1261,856235,4,255,12,861755,5520
1261,856235,4,255,13,861755,5520
1261,856235,4,255,14,861755,5520
1261,856235,4,255,15,861755,5520
1269,861785,4,231,-1,,
1262,856915,5,0,0,862435,5520
1263,857605,7,255,0,863125,5520
1263,857605,7,255,1,863125,5520
1263,857605,7,255,2,863125,5520
1263,857605,7,255,3,863125,5520
1263,857605,7,255,4,863125,5520
1263,857605,7,255,5,863125,5520
1263,857605,7,255,6,863125,5520
1263,857605,7,255,8,863125,5520
1263,857605,7,255,9,863125,5520
1263,857605,7,255,10,863125,5520
1263,857605,7,255,11,863125,5520
1263,857605,7,255,12,863125,5520
1263,857605,7,255,13,863125,5520
1263,857605,7,255,14,863125,5520
1263,857605,7,255,15,863125,5520
1272,858315,10,13,13,863835,5520
1273,859025,13,2,2,864545,5520
1274,859705,14,2,2,865225,5520
1267,860415,1,12,12,865935,5520
1268,861095,2,8,8,866615,5520
1276,866645,2,39,-1,,
1270,862465,5,2,2,867985,5520
1271,863155,7,5,5,868675,5520
1280,863865,10,1,1,869385,5520
1281,864575,13,9,9,870095,5520
1282,865255,14,4,4,870775,5520
1275,865965,1,6,6,871485,5520
1277,867335,4,3,3,872855,5520
1278,868015,5,11,11,873535,5520
1279,868705,7,8,8,874225,5520
1288,869415,10,1,1,874935,5520
1289,870125,13,255,0,875645,5520
1289,870125,13,255,1,875645,5520
1289,870125,13,255,2,875645,5520
1289,870125,13,255,3,875645,5520
1289,870125,13,255,4,875645,5520
1289,870125,13,255,5,875645,5520
1289,870125,13,255,6,875645,5520
1289,870125,13,255,7,875645,5520
1289,870125,13,255,8,875645,5520
1289,870125,13,255,9,875645,5520
1289,870125,13,255,10,875645,5520
1289,870125,13,255,11,875645,5520
1289,870125,13,255,12,875645,5520
1289,870125,13,255,14,875645,5520
1289,870125,13,255,15,875645,5520
1290,870805,14,1,1,876325,5520
1297,876355,14,178,-1,,
1283,871515,1,8,8,877035,5520
1291,877065,1,46,-1,,
1284,872195,2,7,7,877715,5520
1285,872885,4,8,8,878405,5520
1286,873565,5,11,11,879085,5520
1287,874255,7,9,9,879775,5520
1295,874965,10,3,3,880485,5520
1296,875675,13,12,12,881195,5520
1292,877745,2,8,8,883265,5520
1293,878435,4,5,5,883955,5520
1294,879115,5,11,11,884635,5520
1302,880515,10,9,9,885385,4870
1303,881225,13,10,10,886095,4870
1304,881905,14,255,0,886775,4870
1304,881905,14,255,1,886775,4870
1304,881905,14,255,2,886775,4870
1304,881905,14,255,3,886775,4870
1304,881905,14,255,4,886775,4870
1304,881905,14,255,5,886775,4870
1304,881905,14,255,6,886775,4870
1304,881905,14,255,7,886775,4870
1304,881905,14,255,8,886775,4870
1304,881905,14,255,9,886775,4870
1304,881905,14,255,10,886775,4870
1304,881905,14,255,11,886775,4870
1304,881905,14,255,12,886775,4870
1304,881905,14,255,13,886775,4870
1304,881905,14,255,15,886775,4870
1298,882615,1,0,0,887485,4870
1299,883295,2,8,8,888165,4870
1306,888195,2,132,-1,,
1300,883985,4,255,0,888855,4870
1300,883985,4,255,1,888855,4870
1300,883985,4,255,2,888855,4870
1300,883985,4,255,3,888855,4870
1300,883985,4,255,5,888855,4870
1300,883985,4,255,6,888855,4870
1300,883985,4,255,7,888855,4870
1300,883985,4,255,8,888855,4870
1300,883985,4,255,9,888855,4870
1300,883985,4,255,10,888855,4870
1300,883985,4,255,11,888855,4870
1300,883985,4,255,12,888855,4870
1300,883985,4,255,13,888855,4870
1300,883985,4,255,14,888855,4870
1300,883985,4,255,15,888855,4870
1301,884665,5,3,3,889535,4870
1308,885415,10,2,2,890285,4870
1309,886125,13,5,5,890995,4870
1310,886805,14,255,0,891675,4870
1310,886805,14,255,1,891675,4870
1310,886805,14,255,2,891675,4870
1310,886805,14,255,3,891675,4870
1310,886805,14,255,4,891675,4870
1310,886805,14,255,5,891675,4870
1310,886805,14,255,6,891675,4870
1310,886805,14,255,7,891675,4870
1310,886805,14,255,8,891675,4870
1310,886805,14,255,9,891675,4870
1310,886805,14,255,10,891675,4870
1310,886805,14,255,11,891675,4870
1310,886805,14,255,12,891675,4870
1310,886805,14,255,13,891675,4870
1310,886805,14,255,15,891675,4870
1305,887515,1,7,7,892385,4870
1307,889565,5,255,0,893775,4210
1307,889565,5,255,1,893775,4210
1307,889565,5,255,2,893775,4210
1307,889565,5,255,3,893775,4210
1307,889565,5,255,4,893775,4210
1307,889565,5,255,6,893775,4210
1307,889565,5,255,7,893775,4210
1307,889565,5,255,8,893775,4210
1307,889565,5,255,9,893775,4210
1307,889565,5,255,10,893775,4210
1307,889565,5,255,11,893775,4210
1307,889565,5,255,12,893775,4210
1307,889565,5,255,13,893775,4210
1307,889565,5,255,14,893775,4210
1307,889565,5,255,15,893775,4210
1314,890315,10,3,3,894525,4210
1315,891025,13,1,1,895235,4210
1316,891705,14,15,15,895915,4210
1311,892415,1,13,13,896625,4210
1312,893095,2,15,15,897305,4210
1313,893805,5,14,14,898015,4210
1320,895265,13,255,0,898825,3560
1320,895265,13,255,1,898825,3560
1320,895265,13,255,2,898825,3560
1320,895265,13,255,3,898825,3560
1320,895265,13,255,4,898825,3560
1320,895265,13,255,5,898825,3560
1320,895265,13,255,6,898825,3560
1320,895265,13,255,7,898825,3560
1320,895265,13,255,8,898825,3560
1320,895265,13,255,9,898825,3560
1320,895265,13,255,10,898825,3560
1320,895265,13,255,11,898825,3560
1320,895265,13,255,12,898825,3560
1320,895265,13,255,14,898825,3560
1320,895265,13,255,15,898825,3560
1325,898855,13,150,-1,,
1321,895945,14,4,4,899505,3560
1317,896655,1,7,7,900215,3560
1318,897335,2,9,9,900895,3560
1319,898045,5,6,6,901605,3560
1326,899535,14,255,0,903095,3560
1326,899535,14,255,1,903095,3560
1326,899535,14,255,2,903095,3560
1326,899535,14,255,3,903095,3560
1326,899535,14,255,4,903095,3560
1326,899535,14,255,5,903095,3560
1326,899535,14,255,6,903095,3560
1326,899535,14,255,7,903095,3560
1326,899535,14,255,8,903095,3560
1326,899535,14,255,9,903095,3560
1326,899535,14,255,10,903095,3560
1326,899535,14,255,11,903095,3560
1326,899535,14,255,12,903095,3560
1326,899535,14,255,13,903095,3560
1326,899535,14,255,15,903095,3560
1322,900245,1,15,15,903805,3560
1323,900925,2,1,1,904485,3560
1324,901635,5,14,14,905195,3560
1329,902445,13,2,2,906005,3560
1330,903125,14,8,8,906685,3560
1327,904515,2,3,3,907415,2900
1328,905225,5,11,11,908125,2900
1333,906035,13,255,0,908935,2900
1333,906035,13,255,1,908935,2900
1333,906035,13,255,2,908935,2900
1333,906035,13,255,3,908935,2900
1333,906035,13,255,4,908935,2900
1333,906035,13,255,5,908935,2900
1333,906035,13,255,6,908935,2900
1333,906035,13,255,7,908935,2900
1333,906035,13,255,8,908935,2900
1333,906035,13,255,9,908935,2900
1333,906035,13,255,10,908935,2900
1333,906035,13,255,11,908935,2900
1333,906035,13,255,12,908935,2900
1333,906035,13,255,14,908935,2900
1333,906035,13,255,15,908935,2900
1334,906715,14,1,1,909615,2900
1331,907445,2,3,3,910345,2900
1332,908155,5,7,7,911055,2900
1337,908965,13,4,4,911865,2900
1338,909645,14,12,12,912545,2900
1335,910375,2,6,6,913275,2900
1336,911085,5,6,6,913985,2900
1340,914015,5,99,-1,,
1339,913305,2,8,8,914895,1590
1341,914925,2,5,5,916515,1590
1342,915635,5,8,8,917225,1590
1343,916545,2,10,10,918135,1590
1344,917255,5,11,11,918845,1590
1346,918875,5,146,-1,,
1345,918165,2,10,10,919755,1590
1347,919785,2,8,8,921375,1590
1348,920495,5,0,0,922085,1590
1349,921405,2,15,15,922995,1590
1350,922115,5,255,0,923705,1590
1350,922115,5,255,1,923705,1590
1350,922115,5,255,2,923705,1590
1350,922115,5,255,3,923705,1590
1350,922115,5,255,4,923705,1590
1350,922115,5,255,6,923705,1590
1350,922115,5,255,7,923705,1590
1350,922115,5,255,8,923705,1590
1350,922115,5,255,9,923705,1590
1350,922115,5,255,10,923705,1590
1350,922115,5,255,11,923705,1590
1350,922115,5,255,12,923705,1590
1350,922115,5,255,13,923705,1590
1350,922115,5,255,14,923705,1590
1350,922115,5,255,15,923705,1590
1351,923735,5,230,-1,,
